node	cluster	sps	cluster_ref
Pyez_36087_g8602	0	Pyez	0
Skow_XP_002731395	0	Skow	0w
Cele_Y43F4B_3	0	Cele	0
Gpro_455465	0	Gpro	0
Tmel_XP_002841864	0	Tmel	0eo
Tpse_XP_002295207	0	Tpse	0
Spom_NP_587812_1	0	Spom	0gv
Scil_63960	0	Scil	0
Atha_AT2G24740	0	Atha	0
Gthe_102184	0	Gthe	0
Nvec_XP_001621978	0	Nvec	0
Pmar_XP_002767929	0	Pmar	0
Crei_XP_001701055	0	Crei	0n
Pinf_XP_002907842	0	Pinf	0n
Sbic_10g004560	0	Sbic	0eo
Umay_XP_760304	0	Umay	0
Mgut_mgv1a008633m	0	Mgut	0
Skow_XP_002733701	0	Skow	0jmx
Ccin_CC1G_11834	0	Ccin	0hl
Ehux_57610	0	Ehux	0
Hmag_XP_002169411	0	Hmag	0bt
Cmer_CMD005C	0	Cmer	0
Smoe_XP_002992195	0	Smoe	0
Pfal_Q8I1Z0_Q8I1Z0	0	Pfal	0a
Mgut_mgv1a009128m	0	Mgut	0
Smoe_XP_002980880	0	Smoe	0a
Tmel_XP_002839141	0	Tmel	0hl
Smoe_XP_002994616	0	Smoe	0eo
Cgig_10006344	0	Cgig	0n
Hmag_XP_002166241	0	Hmag	0hl
Ncra_1713NCU01932	0	Ncra	0
Atha_AT2G23740	0	Atha	0
Ctel_195572	0	Ctel	0
Cang_65771	0	Cang	0
Nvec_XP_001629652	0	Nvec	0dq
Esil_CBJ33295	0	Esil	0
Ehux_204488	0	Ehux	0
Ehux_118705	0	Ehux	0
Hsap_ENSP00000332995	0	Hsap	0a
Mpus_Micpu21435	0	Mpus	0
Sbic_04g026310	0	Sbic	0
Cfra_2387T1	0	Cfra	0
Hmag_XP_002158654	0	Hmag	0p
Acas_g2013	0	Acas	0fy
Bdis_3g52950	0	Bdis	0
Esil_CBN80460	0	Esil	0
Acoe_005_00512	0	Acoe	0
Scil_12689	0	Scil	0ps
Lmaj_XP_001684837	0	Lmaj	0gv
Ehux_453655	0	Ehux	0
Aque_XP_003383073	0	Aque	0ps
Spun_SPPG_07674	0	Spun	0
Spun_SPPG_04024	0	Spun	0hl
Ngru_XP_002683109	0	Ngru	0gv
Ncra_1100NCU01206	0	Ncra	0gv
Mpus_Micpu54214	0	Mpus	0
Hsap_ENSP00000326477	0	Hsap	0b
Cint_ENSCINP00000025384	0	Cint	0fy
Cgig_10013318	0	Cgig	0ku
Rfil_3784744_2s	0	Rfil	0ps
Nspp_14576_fr3	0	Nspp	0i
Hsap_ENSP00000395929	0	Hsap	0c
Bdis_3g12790	0	Bdis	0
Vcar_XP_002951499	0	Vcar	0
Gthe_43393	0	Gthe	0eo
Crei_XP_001693744	0	Crei	0
Ihof_9932	0	Ihof	0ps
Cele_Y41D4B_12a	0	Cele	0w
Tmel_XP_002836926	0	Tmel	0
Adig_11240v107992	0	Adig	0ps
Crei_XP_001703016	0	Crei	0
Clim_g6588	0	Clim	0
Cpar_157Contig10195	0	Cpar	0
Spur_XP_003727587	0	Spur	0g
Pyez_41266_g9405	0	Pyez	0
Acoe_013_00049	0	Acoe	0
Sarc_SARC_01601	0	Sarc	0
Spun_SPPG_06877	0	Spun	0
Ptri_XP_002186224	0	Ptri	0
Ppat_XP_001753516	0	Ppat	0
Mvib_comp13658_c0_seq1_fr6	0	Mvib	0
Apar_comp26195_c0_seq1_fr6	0	Apar	0gv
Hmag_XP_002162409	0	Hmag	0rz
Sarc_SARC_11016	0	Sarc	0
Bdis_1g53840	0	Bdis	0
Atha_AT1G05830	0	Atha	0
Hmag_XP_002155522	0	Hmag	0
Mlei_ML024912a	0	Mlei	0a
Pinf_XP_002895674	0	Pinf	0
Rory_4092	0	Rory	0ps
Cpar_26081Contig52867	0	Cpar	0
Lgig_143999	0	Lgig	0n
Methanoregula_boonei_501056142_20_11	0	Methanoregula	0
Mlei_ML056953a	0	Mlei	0gv
Mcir_Mucci2_38052	0	Mcir	0
Cmer_CML152C	0	Cmer	0n
Candidatus_Parvarchaeum_acidophilus_	0	Candidatus	0
Crev_25774	0	Crev	0gv
Ecun_XP_955728	0	Ecun	0
Smoe_XP_002986562	0	Smoe	0
Ctel_172225	0	Ctel	0a
Hmag_XP_002158221	0	Hmag	0
Ehux_465073	0	Ehux	0
Pisp_20568	0	Pisp	0
Clim_g5068	0	Clim	0
Cpar_713Contig10998	0	Cpar	0
Smoe_XP_002994441	0	Smoe	0
Ocar_g6960_t1	0	Ocar	0
Cfra_2688T1	0	Cfra	0fy
Bnat_32408	0	Bnat	0
Acoe_045_00133	0	Acoe	0
Cang_125716	0	Cang	0
Ctel_93578	0	Ctel	0ku
Sros_PTSG_09362	0	Sros	0
Ihof_8812	0	Ihof	0
Vcar_XP_002958368	0	Vcar	0eo
Rfil_121409_1c	0	Rfil	0
Acoe_015_00009	0	Acoe	0eo
Mbre_XP_001742056	0	Mbre	0eo
Nspp_18097_fr5	0	Nspp	0dq
Cint_ENSCINP00000016340	0	Cint	0eo
Rall_3554	0	Rall	0a
Sarc_SARC_06586	0	Sarc	0
Sros_PTSG_08195	0	Sros	0w
Hsap_ENSP00000301067	0	Hsap	0d
Otau_XP_003082786	0	Otau	0
Bdis_2g26840	0	Bdis	0
Lmaj_XP_001686591	0	Lmaj	0
Tmel_XP_002838740	0	Tmel	0
Umay_XP_756547	0	Umay	0
Lgig_117025	0	Lgig	0a
Ehux_210156	0	Ehux	0
Tcru_XP_809765	0	Tcru	0
Ptet_A0DNF5_A0DNF5	0	Ptet	0
Lgig_116536	0	Lgig	0w
Esil_CBN75282	0	Esil	0
Cele_F34D6_4	0	Cele	0
Ddis_XP_647576	0	Ddis	0
Pinf_XP_002908175	0	Pinf	0
Pinf_XP_002899518	0	Pinf	0
Sarc_SARC_03923	0	Sarc	0
Pisp_6827	0	Pisp	0
Bdis_4g28792	0	Bdis	0
Esil_CBJ33015	0	Esil	0
Smoe_XP_002975241	0	Smoe	0
Sagg_16132	0	Sagg	0
Ptet_A0EBG7_A0EBG7	0	Ptet	0
Cang_107102	0	Cang	0
Pinf_XP_002899451	0	Pinf	0
Adig_1072v119182	0	Adig	0dq
Ccri_T00007373001	0	Ccri	0
Gpro_96002	0	Gpro	0gv
Mgut_mgv1a002504m	0	Mgut	0
Bdis_1g29010	0	Bdis	0
Hsap_ENSP00000320147	0	Hsap	0e
Nvec_XP_001628294	0	Nvec	0rz
Scil_30598	0	Scil	0y
Ehux_63772	0	Ehux	0
Ngru_XP_002673418	0	Ngru	0
Acas_g9962	0	Acas	0
Atha_AT3G61740	0	Atha	0a
Tmel_XP_002836395	0	Tmel	0
Rall_1005	0	Rall	0eo
Ihof_1761	0	Ihof	0fy
Sbic_06g024160	0	Sbic	0
Rory_5415	0	Rory	0
Aker_79755	0	Aker	0
Ehux_209727	0	Ehux	0
Cele_K09F5_5	0	Cele	0
Rory_1193	0	Rory	0
Cang_129315	0	Cang	0
Bnat_85862	0	Bnat	0
Tvag_XP_001322206	0	Tvag	0bt
Mlei_ML08863a	0	Mlei	0
Cpar_9156Contig43085	0	Cpar	0
Tcru_XP_810987	0	Tcru	0
Smoe_XP_002974368	0	Smoe	0
Sbic_03g046950	0	Sbic	0
Crev_82539	0	Crev	0
Bdis_3g02220	0	Bdis	0
Smoe_XP_002974605	0	Smoe	0
Pinf_XP_002902016	0	Pinf	0
Sbic_07g019850	0	Sbic	0
Bsal_BS02315	0	Bsal	0
Bdis_1g64870	0	Bdis	0
Ihof_3673	0	Ihof	0rz
Apar_comp18592_c0_seq1_fr6	0	Apar	0eo
Ctel_206547	0	Ctel	0jmx
Tthe_XP_001022224	0	Tthe	0
Mcir_Mucci2_150356	0	Mcir	0hl
Tcru_XP_810935	0	Tcru	0rz
Spur_XP_003730416	0	Spur	0
Mcir_Mucci2_135209	0	Mcir	0
Smoe_XP_002979406	0	Smoe	0
Mcir_Mucci2_34233	0	Mcir	0
Mbre_XP_001747356	0	Mbre	0i
Mgut_mgv1a025560m	0	Mgut	0
Ppat_XP_001752811	0	Ppat	0
Tpse_XP_002291548	0	Tpse	0
Cmer_CMG025C	0	Cmer	0
Cneo_XP_572587	0	Cneo	0w
Ehux_363356	0	Ehux	0
Ncra_4300NCU04825	0	Ncra	0
Bden_Batde5_91931	0	Bden	0
Ppat_XP_001756860	0	Ppat	0
Mbre_XP_001751054	0	Mbre	0bt
Pmar_XP_002765683	0	Pmar	0a
Crev_88476	0	Crev	0
Ihof_10001	0	Ihof	0
Ppat_XP_001781749	0	Ppat	0
Acas_g11528	0	Acas	0fy
Esil_CBJ33274	0	Esil	0
Lgig_116803	0	Lgig	0l
Cgig_10003128	0	Cgig	0
Ppat_XP_001774900	0	Ppat	0
Ehux_457456	0	Ehux	0
Cgig_10004599	0	Cgig	0rz
Tcru_XP_813290	0	Tcru	0
Ppat_XP_001777592	0	Ppat	0a
Sbic_07g023480	0	Sbic	0
Cgig_10022534	0	Cgig	0
Mgut_mgv1a020163m	0	Mgut	0
Tthe_XP_001024864	0	Tthe	0
Rfil_92400_1cf1	0	Rfil	0
Crei_XP_001693149	0	Crei	0
Ocar_g7553_t1	0	Ocar	0a
Hsap_ENSP00000436786	0	Hsap	0f
Esil_CBN78286	0	Esil	0
Smoe_XP_002975450	0	Smoe	0a
Mgut_mgv1a001364m	0	Mgut	0eo
Atha_AT5G04940	0	Atha	0
Bdis_3g45727	0	Bdis	0
Rory_6679	0	Rory	0
Hsap_ENSP00000267197	0	Hsap	0g
Pmar_XP_002785418	0	Pmar	0
Lgig_175732	0	Lgig	0
Aker_61735	0	Aker	0
Esil_CBJ25830	0	Esil	0
Bsal_BS24245	0	Bsal	0
Mpus_Micpu68459	0	Mpus	0
Smoe_XP_002982470	0	Smoe	0
Acoe_017_00002	0	Acoe	0gv
Bden_Batde5_90118	0	Bden	0
Mpus_Micpu155764	0	Mpus	0
Ptri_XP_002177534	0	Ptri	0
Ccin_CC1G_09124	0	Ccin	0
Sros_PTSG_12693	0	Sros	0
Cele_R05D3_11	0	Cele	0b
Dmel_FBpp0070062	0	Dmel	0
Acoe_009_00084	0	Acoe	0
Nspp_21466_fr4	0	Nspp	0
Cgig_10007233	0	Cgig	0
Cfra_5212T1	0	Cfra	0
Ngru_XP_002672965	0	Ngru	0bt
Rfil_20985_3cf1	0	Rfil	0
Hsap_ENSP00000255613	0	Hsap	0h
Ppat_XP_001770247	0	Ppat	0
Smoe_XP_002964071	0	Smoe	0a
Amac_03278	0	Amac	0w
Cele_R06A4_7	0	Cele	0eo
Rory_15688	0	Rory	0
Tcru_XP_810100	0	Tcru	0
Hsap_ENSP00000386759	0	Hsap	0i
Hmag_XP_002161520	0	Hmag	0y
Ppat_XP_001758752	0	Ppat	0
Esil_CBN74814	0	Esil	0
Falb_H696_01829T0	0	Falb	0
Hmag_XP_002157170	0	Hmag	0
Sarc_SARC_14258	0	Sarc	0
Ccor_69947	0	Ccor	0
Hmag_XP_002165490	0	Hmag	0eo
Sbic_03g037660	0	Sbic	0
Acoe_009_00559	0	Acoe	0
Ncra_7565NCU08551	0	Ncra	0hl
Bdis_5g10110	0	Bdis	0
Atha_AT5G53430	0	Atha	0a
Mgut_mgv1a019352m	0	Mgut	0
Ppat_XP_001756249	0	Ppat	0
Ppal_EFA81031_1	0	Ppal	0
Ehux_216151	0	Ehux	0
Scil_28186	0	Scil	0
Cpar_14930Contig8823	0	Cpar	0i
Ddis_XP_646062	0	Ddis	0jmrwxz
Hsap_ENSP00000379078	0	Hsap	0jx
Sros_PTSG_12820	0	Sros	0
Spur_XP_003728726	0	Spur	0jmx
Aano_F0Y5D0	0	Aano	0
Apar_comp22257_c0_seq1_fr4	0	Apar	0
Cgig_10003511	0	Cgig	0
Scil_43878	0	Scil	0n
Ocar_g3228_t1	0	Ocar	0hl
Sbic_08g001570	0	Sbic	0
Bdis_2g60080	0	Bdis	0
Rfil_3729028_5s1f1	0	Rfil	0
Nvec_XP_001634769	0	Nvec	0hl
Nvec_XP_001622536	0	Nvec	0
Nvec_XP_001641871	0	Nvec	0w
Tgon_XP_002364904	0	Tgon	0rz
Ehux_219861	0	Ehux	0
Smoe_XP_002986381	0	Smoe	0
Acoe_039_00171	0	Acoe	0
Scer_SCRT_04833	0	Scer	0gv
Mlei_ML06271a	0	Mlei	0
Cpar_2580Contig15015	0	Cpar	0
Bnat_87411	0	Bnat	0
Spur_XP_003724175	0	Spur	0q
Sbic_04g033260	0	Sbic	0
Ctel_214008	0	Ctel	0
Ehux_458569	0	Ehux	0
Cpar_7835Contig39496	0	Cpar	0
Mcir_Mucci2_142530	0	Mcir	0
Ppat_XP_001785416	0	Ppat	0
Vcar_XP_002949759	0	Vcar	0
Lgig_200654	0	Lgig	0e
Cang_50153	0	Cang	0ps
Ptet_A0C497_A0C497	0	Ptet	0
Smoe_XP_002988688	0	Smoe	0
Adig_5360v122594	0	Adig	0bt
Clim_g2896	0	Clim	0
Cfra_6692T1	0	Cfra	0
Mbre_XP_001745803	0	Mbre	0ps
Cpar_20263Contig25695	0	Cpar	0
Pfal_C6KTD2_HKNMT	0	Pfal	0
Hsap_ENSP00000313983	0	Hsap	0ku
Ppat_XP_001774300	0	Ppat	0
Hsap_ENSP00000305899	0	Hsap	0l
Ehux_70530	0	Ehux	0gv
Nvec_XP_001627377	0	Nvec	0bt
Atha_AT2G33290	0	Atha	0
Glam_XP_001707862	0	Glam	0
Umar_244349	0	Umar	0
Cang_122703	0	Cang	0hl
Ptri_XP_002178826	0	Ptri	0
Nvec_XP_001635219	0	Nvec	0cku
Crev_10785	0	Crev	0ps
Adig_10964v107744	0	Adig	0i
Atha_AT4G27910	0	Atha	0a
Pinf_XP_002899278	0	Pinf	0
Smoe_XP_002978283	0	Smoe	0
Spur_XP_001198325	0	Spur	0
Pinf_XP_002898694	0	Pinf	0
Spur_XP_003728661	0	Spur	0n
Mgut_mgv1a004355m	0	Mgut	0
Hmag_XP_002164851	0	Hmag	0cku
Ccin_CC1G_12392	0	Ccin	0
Ccri_T00007370001	0	Ccri	0
Acas_g413	0	Acas	0
Ocar_g9304_t1	0	Ocar	0gv
Bdis_3g36790	0	Bdis	0
Bdis_3g13430	0	Bdis	0dq
Apar_comp22500_c2_seq1_fr6	0	Apar	0
Ppat_XP_001752275	0	Ppat	0
Ccor_44719	0	Ccor	0
Cgig_10028705	0	Cgig	0w
Amac_06329	0	Amac	0
Gthe_137874	0	Gthe	0
Tpse_XP_002294263	0	Tpse	0
Cvar_EFN54582	0	Cvar	0eo
Dmel_FBpp0075510	0	Dmel	0p
Ncra_243NCU00269	0	Ncra	0
Spur_XP_797080	0	Spur	0a
Vcar_XP_002953101	0	Vcar	0
Otau_XP_003081944	0	Otau	0
Pyez_40134_g9249	0	Pyez	0
Mbre_XP_001748661	0	Mbre	0gv
Bdis_4g28460	0	Bdis	0
Ihof_7590	0	Ihof	0
Tcru_XP_805945	0	Tcru	0
Ppat_XP_001766471	0	Ppat	0
Spur_XP_003726851	0	Spur	0p
Scer_SCRT_03509	0	Scer	0
Amac_15452	0	Amac	0
Sros_PTSG_07559	0	Sros	0y
Pinf_XP_002907011	0	Pinf	0
Aque_XP_003389474	0	Aque	0fy
Esil_CBN75119	0	Esil	0
Pinf_XP_002997080	0	Pinf	0
Cint_ENSCINP00000025949	0	Cint	0i
Ihof_9191	0	Ihof	0
Cele_C49F5_2	0	Cele	0
Cang_123522	0	Cang	0
Smoe_XP_002966287	0	Smoe	0
Sarc_SARC_04312	0	Sarc	0fy
Tgon_XP_002365011	0	Tgon	0
Ppat_XP_001767466	0	Ppat	0
Gthe_47131	0	Gthe	0
Ngad_00849_01	0	Ngad	0gv
Fgra_FGSG_02778	0	Fgra	0bt
Pbla_Phybl2_136385	0	Pbla	0
Tgon_XP_002366334	0	Tgon	0
Cfra_6909T1	0	Cfra	0
Ccin_CC1G_09236	0	Ccin	0eo
Spur_XP_003725626	0	Spur	0i
Crei_XP_001701764	0	Crei	0
Amac_02871	0	Amac	0
Ppat_XP_001782279	0	Ppat	0
Cgig_10016376	0	Cgig	0w
Tpse_XP_002291638	0	Tpse	0
Clim_g757	0	Clim	0
Acoe_013_00108	0	Acoe	0
Mpus_Micpu52469	0	Mpus	0
Mgut_mgv1a005421m	0	Mgut	0
Crei_XP_001691756	0	Crei	0
Rfil_32637_1c	0	Rfil	0
Vcar_XP_002947900	0	Vcar	0
Rirr_345734	0	Rirr	0eo
Mgut_mgv1a026305m	0	Mgut	0
Falb_H696_00716T0	0	Falb	0
Cele_W01C8_3	0	Cele	0
Mcir_Mucci2_40608	0	Mcir	0
Sbic_09g024010	0	Sbic	0
Hmag_XP_002161122	0	Hmag	0gv
Cmer_CMN313C	0	Cmer	0n
Ehux_218460	0	Ehux	0
Mgut_mgv1a023306m	0	Mgut	0
Bnat_144574	0	Bnat	0
Scil_60754	0	Scil	0ps
Ngad_00540	0	Ngad	0
Cint_ENSCINP00000028043	0	Cint	0jx
Ehux_99042	0	Ehux	0
Spur_XP_001187524	0	Spur	0eo
Ehux_47083	0	Ehux	0
Cang_150051	0	Cang	0
Pbla_Phybl2_133104	0	Pbla	0
Mcir_Mucci2_159353	0	Mcir	0ps
Acoe_110_00035	0	Acoe	0
Scil_83602	0	Scil	0ps
Mlei_ML033625a	0	Mlei	0cku
Ptet_A0DQ87_A0DQ87	0	Ptet	0
Lgig_134869	0	Lgig	0rz
Ocar_g2341_t1	0	Ocar	0n
Sbic_08g002530	0	Sbic	0gv
Hsap_ENSP00000417980	0	Hsap	0m
Gpro_56876	0	Gpro	0
Mgut_mgv1a006459m	0	Mgut	0
Mpus_Micpu62078	0	Mpus	0
Sbic_02g020844	0	Sbic	0
Ncra_889NCU00970	0	Ncra	0a
Atha_AT3G04380	0	Atha	0
Lmaj_XP_003722631	0	Lmaj	0
Cint_ENSCINP00000025831	0	Cint	0cku
Mbre_XP_001750922	0	Mbre	0n
Crei_XP_001691757	0	Crei	0
Ptri_XP_002184116	0	Ptri	0gv
Acas_g8750	0	Acas	0abcdefghijklmnopqrstuvwxyz
Pfal_Q8IE95_Q8IE95	0	Pfal	0
Lgig_139900	0	Lgig	0ps
Bdis_3g48497	0	Bdis	0
Cpar_12738Contig6713	0	Cpar	0n
Tvag_XP_001276923	0	Tvag	0
Spur_XP_785219	0	Spur	0ku
Smoe_XP_002964246	0	Smoe	0
Mgut_mgv11b021588m	0	Mgut	0
Esil_CBN74517	0	Esil	0
Atha_AT5G42400	0	Atha	0gv
Mgut_mgv1a002144m	0	Mgut	0
Tgon_XP_002364398	0	Tgon	0
Lgig_192045	0	Lgig	0ku
Ngru_XP_002679121	0	Ngru	0ps
Spur_XP_003725981	0	Spur	0eo
Mlei_ML01132a	0	Mlei	0ps
Ehux_104217	0	Ehux	0
Nvec_XP_001622958	0	Nvec	0y
Acoe_005_00399	0	Acoe	0
Ppal_EFA86329_1	0	Ppal	0
Aano_F0XWV4	0	Aano	0
Umay_XP_761474	0	Umay	0
Dmel_FBpp0082406	0	Dmel	0fy
Spom_NP_594837_1	0	Spom	0p
Tcru_XP_807760	0	Tcru	0
Mlei_ML01861a	0	Mlei	0eo
Hsap_ENSP00000357330	0	Hsap	0n
Cfra_6612T1	0	Cfra	0
Pbla_Phybl2_20422	0	Pbla	0gv
Tthe_XP_001024559	0	Tthe	0
Skow_XP_002740398	0	Skow	0fy
Ctel_228696	0	Ctel	0hl
Sarc_SARC_06292	0	Sarc	0
Cang_54737	0	Cang	0
Gpro_57228	0	Gpro	0
Methanoregula_formicicum_505097517_3	0	Methanoregula	0
Mpus_Micpu57043	0	Mpus	0hl
Ehux_61763	0	Ehux	0
Mgut_mgv1a000575m	0	Mgut	0a
Atha_AT2G05900	0	Atha	0
Tcru_XP_810430	0	Tcru	0
Esil_CBN78130	0	Esil	0
Ptet_A0D2C2_A0D2C2	0	Ptet	0
Crei_XP_001701518	0	Crei	0
Aano_F0YPS7	0	Aano	0
Cele_C43E11_3a	0	Cele	0
Mlei_ML41301a	0	Mlei	0y
Mgut_mgv1a000031m	0	Mgut	0
Aker_53819	0	Aker	0
Hmag_XP_002164363	0	Hmag	0
Aque_XP_003385238	0	Aque	0gv
Acas_g12825	0	Acas	0
Spun_SPPG_05106	0	Spun	0
Bdis_4g37627	0	Bdis	0
Gthe_92079	0	Gthe	0
Rirr_85029	0	Rirr	0w
Ehux_213142	0	Ehux	0
Ihof_3741	0	Ihof	0gv
Sbic_06g034060	0	Sbic	0
Atha_AT2G22740	0	Atha	0
Acoe_007_00118	0	Acoe	0
Mpus_Micpu59369	0	Mpus	0eo
Cowc_CAOG_03906	0	Cowc	0
Rory_5510	0	Rory	0gv
Dmel_FBpp0112592	0	Dmel	0gv
Sbic_03g001640	0	Sbic	0a
Sbic_04g022620	0	Sbic	0
Amac_02693	0	Amac	0
Spur_XP_795757	0	Spur	0q
Rfil_529913_11s	0	Rfil	0
Hsap_ENSP00000264646	0	Hsap	0o
Clim_g4811	0	Clim	0hl
Bnat_80755	0	Bnat	0
Rirr_34964	0	Rirr	0
Nspp_13101_fr6	0	Nspp	0
Ctel_140913	0	Ctel	0rz
Ihof_9721	0	Ihof	0gv
Scil_54447	0	Scil	0gv
Cgig_10002357	0	Cgig	0
Mver_03320	0	Mver	0gv
Ppat_XP_001771062	0	Ppat	0gv
Tadh_XP_002114992	0	Tadh	0
Bdis_4g25940	0	Bdis	0
Atha_AT5G24330	0	Atha	0
Ptet_A0BJ67_A0BJ67	0	Ptet	0
Cang_122643	0	Cang	0
Ccri_T00001983001	0	Ccri	0
Rfil_39362_2c	0	Rfil	0
Mlei_ML02412a	0	Mlei	0hl
Pbla_Phybl2_34196	0	Pbla	0gv
Cgig_10023111	0	Cgig	0e
Clim_g2752	0	Clim	0
Bnat_69038	0	Bnat	0
Mgut_mgv1a023273m	0	Mgut	0
Cint_ENSCINP00000001349	0	Cint	0rz
Cfra_7962T1	0	Cfra	0i
Tadh_XP_002110866	0	Tadh	0i
Ngad_06395	0	Ngad	0
Atha_AT5G43990	0	Atha	0
Ocar_g10414_t1	0	Ocar	0y
Apar_comp20464_c0_seq1_fr6	0	Apar	0
Mgut_mgv1a001540m	0	Mgut	0
Atha_AT2G23380	0	Atha	0eo
Nvec_XP_001629745	0	Nvec	0a
Spur_XP_785941	0	Spur	0jmx
Cgig_10008103	0	Cgig	0f
Acoe_001_00249	0	Acoe	0
Mver_03357	0	Mver	0
Ptri_XP_002181282	0	Ptri	0
Umar_249280	0	Umar	0
Ehux_62571	0	Ehux	0
Pmar_XP_002785717	0	Pmar	0a
Pisp_45708	0	Pisp	0rz
Rirr_66612	0	Rirr	0
Bdis_4g43717	0	Bdis	0
Spur_XP_003723917	0	Spur	0bt
Ngru_XP_002678629	0	Ngru	0
Cint_ENSCINP00000001120	0	Cint	0h
Ptet_A0D7N3_A0D7N3	0	Ptet	0
Gthe_62776	0	Gthe	0
Cpar_12930Contig6860	0	Cpar	0
Tpse_XP_002290191	0	Tpse	0
Cvar_EFN54317	0	Cvar	0bt
Pisp_22950	0	Pisp	0
Tvag_XP_001320364	0	Tvag	0
Rfil_3757546_5s1f1	0	Rfil	0
Sbic_07g019860	0	Sbic	0
Sagg_28859	0	Sagg	0
Ptri_XP_002178023	0	Ptri	0
Bsal_BS32645	0	Bsal	0rz
Tpse_XP_002297463	0	Tpse	0
Dmel_FBpp0073610	0	Dmel	0
Ocar_g3171_t1	0	Ocar	0
Ttra_AMSG_09203	0	Ttra	0
Tvag_XP_001312747	0	Tvag	0
Bdis_2g61717	0	Bdis	0
Ppat_XP_001757655	0	Ppat	0
Mlei_ML19101a	0	Mlei	0
Acas_g9900	0	Acas	0
Ccri_T00003237001	0	Ccri	0
Mgut_mgv1a025945m	0	Mgut	0
Spun_SPPG_06324	0	Spun	0i
Otau_XP_003080081	0	Otau	0
Spun_SPPG_03589	0	Spun	0eo
Hsap_ENSP00000257745	0	Hsap	0p
Sarc_SARC_05941	0	Sarc	0
Fgra_FGSG_08916	0	Fgra	0
Tadh_XP_002117622	0	Tadh	0bt
Cgig_10001891	0	Cgig	0
Ehux_450763	0	Ehux	0
Rory_16719	0	Rory	0
Sbic_03g044580	0	Sbic	0
Cfra_0207T1	0	Cfra	0
Spun_SPPG_02720	0	Spun	0
Gthe_69157	0	Gthe	0
Nspp_13586_fr5	0	Nspp	0eo
Aano_F0YNW7	0	Aano	0
Sbic_01g037450	0	Sbic	0eo
Mvib_comp16013_c3_seq1_fr4	0	Mvib	0i
Scil_27866	0	Scil	0
Rfil_3385791_2s	0	Rfil	0
Mbre_XP_001747654	0	Mbre	0fy
Bnat_69864	0	Bnat	0
Cele_T26A5_7a	0	Cele	0
Mgut_mgv1a023175m	0	Mgut	0gv
Acoe_025_00050	0	Acoe	0
Ptri_XP_002185333	0	Ptri	0
Esil_CBN75284	0	Esil	0
Bden_Batde5_8511	0	Bden	0hl
Acoe_021_00113	0	Acoe	0
Aano_F0Y9T9	0	Aano	0
Cgig_10007074	0	Cgig	0i
Ehux_100885	0	Ehux	0
Acoe_037_00166	0	Acoe	0a
Sbic_04g030350	0	Sbic	0
Sbic_07g005020	0	Sbic	0
Mgut_mgv1a004719m	0	Mgut	0
Cele_T12D8_1	0	Cele	0dq
Ctel_210805	0	Ctel	0
Ttra_AMSG_02056	0	Ttra	0
Acoe_034_00271	0	Acoe	0
Scil_36565	0	Scil	0eo
Dmel_FBpp0111689	0	Dmel	0bt
Hmag_XP_002170435	0	Hmag	0
Cgig_10021314	0	Cgig	0
Lmaj_XP_001684263	0	Lmaj	0
Atha_AT3G59960	0	Atha	0
Atha_AT5G09790	0	Atha	0
Ehux_210292	0	Ehux	0
Cint_ENSCINP00000024302	0	Cint	0ps
Ctel_160470	0	Ctel	0i
Rfil_3789713_2s	0	Rfil	0gv
Aano_F0XVZ8	0	Aano	0bt
Fgra_FGSG_05558	0	Fgra	0
Mver_03682	0	Mver	0
Cang_125152	0	Cang	0
Bdis_4g01790	0	Bdis	0gv
Cint_ENSCINP00000011316	0	Cint	0g
Gthe_61291	0	Gthe	0
Scil_108301	0	Scil	0
Atha_AT1G04050	0	Atha	0
Hsap_ENSP00000347325	0	Hsap	0q
Esil_CBN76570	0	Esil	0
Apar_comp16066_c0_seq1_fr6	0	Apar	0fy
Atha_AT2G31650	0	Atha	0
Cvar_EFN53400	0	Cvar	0
Nspp_552_fr5	0	Nspp	0gv
Spur_XP_003728662	0	Spur	0n
Ptet_A0BXH7_A0BXH7	0	Ptet	0
Ptet_A0DZ39_A0DZ39	0	Ptet	0
Cvar_EFN53930	0	Cvar	0
Mver_04374	0	Mver	0ps
Umar_174815	0	Umar	0gv
Cneo_XP_572085	0	Cneo	0
Smoe_XP_002994293	0	Smoe	0
Bnat_40920	0	Bnat	0w
Pbla_Phybl2_112008	0	Pbla	0hl
Ccri_T00005569001	0	Ccri	0
Apar_comp10678_c1_seq1_fr5	0	Apar	0
Ppat_XP_001757011	0	Ppat	0
Ptet_A0BRZ9_A0BRZ9	0	Ptet	0
Lmaj_XP_001683937	0	Lmaj	0
Ccin_CC1G_15399	0	Ccin	0bt
Rirr_253856	0	Rirr	0ps
Pinf_XP_002900479	0	Pinf	0
Acas_g11510	0	Acas	0
Nvec_XP_001622422	0	Nvec	0eo
Acoe_058_00150	0	Acoe	0
Atha_AT4G15180	0	Atha	0
Smoe_XP_002968131	0	Smoe	0
Cgig_10010657	0	Cgig	0ps
Cvar_EFN59137	0	Cvar	0
Ppat_XP_001768106	0	Ppat	0
Cele_Y73B3B_2	0	Cele	0p
Cgig_10001890	0	Cgig	0
Lgig_227153	0	Lgig	0i
Ccri_T00007124001	0	Ccri	0
Lgig_111681	0	Lgig	0bt
Ccor_10342	0	Ccor	0
Smoe_XP_002976443	0	Smoe	0
Cmer_CMQ156C	0	Cmer	0
Acas_g8180	0	Acas	0ps
Smoe_XP_002989567	0	Smoe	0
Pinf_XP_002899390	0	Pinf	0
Clim_g2911	0	Clim	0
Gpro_86511	0	Gpro	0
Ctel_49838	0	Ctel	0
Mvib_comp12897_c0_seq1_fr5	0	Mvib	0
Rory_14883	0	Rory	0ps
Tpse_XP_002293109	0	Tpse	0
Hsap_ENSP00000337976	0	Hsap	0rz
Spun_SPPG_04443	0	Spun	0gv
Pinf_XP_002899517	0	Pinf	0
Atha_AT1G17770	0	Atha	0
Ehux_206556	0	Ehux	0gv
Apar_comp15960_c0_seq1_fr5	0	Apar	0
Skow_XP_002736118	0	Skow	0dq
Pbla_Phybl2_145894	0	Pbla	0ps
Bdis_3g35330	0	Bdis	0
Sbic_02g022936	0	Sbic	0
Pyez_46867_g10259	0	Pyez	0
Clim_g610	0	Clim	0gv
Spur_XP_785251	0	Spur	0p
Amac_13870	0	Amac	0hl
Ctel_112305	0	Ctel	0
Fgra_FGSG_00899	0	Fgra	0
Aque_XP_003387717	0	Aque	0i
Ttra_AMSG_03613	0	Ttra	0a
Sarc_SARC_05279	0	Sarc	0gv
Pbla_Phybl2_156239	0	Pbla	0
Sbic_09g019060	0	Sbic	0
Cowc_CAOG_00526	0	Cowc	0
Tpse_XP_002296152	0	Tpse	0
Pyez_37940_g8901	0	Pyez	0
Otau_XP_003079712	0	Otau	0
Rfil_27068_8c	0	Rfil	0
Mgut_mgv1a021585m	0	Mgut	0
Sbic_04g001900	0	Sbic	0
Lgig_123404	0	Lgig	0ku
Apar_comp16015_c3_seq1_fr4	0	Apar	0hl
Mver_08497	0	Mver	0hl
Fgra_FGSG_09585	0	Fgra	0ps
Sros_PTSG_12482	0	Sros	0eo
Skow_XP_002734659	0	Skow	0rz
Ctel_176480	0	Ctel	0n
Spun_SPPG_08714	0	Spun	0
Sbic_03g029850	0	Sbic	0a
Hsap_ENSP00000384114	0	Hsap	0s
Apar_comp14837_c0_seq1_fr6	0	Apar	0rz
Pfal_Q8IBB0_Q8IBB0	0	Pfal	0
Nspp_22980_fr5	0	Nspp	0
Cele_C41G7_4	0	Cele	0
Aker_28962	0	Aker	0
Tpse_XP_002296329	0	Tpse	0
Spur_XP_782949	0	Spur	0rz
Cang_57221	0	Cang	0
Sarc_SARC_00855	0	Sarc	0i
Acas_g11544	0	Acas	0gv
Rall_1732	0	Rall	0
Hmag_XP_002166795	0	Hmag	0
Cowc_CAOG_01362	0	Cowc	0dq
Skow_XP_002732220	0	Skow	0h
Pinf_XP_002899256	0	Pinf	0
Acoe_002_00419	0	Acoe	0
Ptet_A0D3D7_A0D3D7	0	Ptet	0a
Ehux_470404	0	Ehux	0
Ehux_97974	0	Ehux	0
Apar_comp20410_c1_seq1_fr5	0	Apar	0n
Pinf_XP_002902603	0	Pinf	0eo
Amac_15442	0	Amac	0
Acoe_010_00310	0	Acoe	0
Esil_CBJ26466	0	Esil	0
Rfil_109858_1c	0	Rfil	0
Hmag_XP_002169363	0	Hmag	0i
Spur_XP_790741	0	Spur	0eo
Acas_g7149	0	Acas	0n
Hsap_ENSP00000271640	0	Hsap	0t
Ppat_XP_001768188	0	Ppat	0eo
Clim_g3288	0	Clim	0dq
Cfra_1842T1	0	Cfra	0
Rory_16697	0	Rory	0hl
Umay_XP_758824	0	Umay	0gv
Gthe_54440	0	Gthe	0
Atha_AT5G13960	0	Atha	0
Esil_CBJ29831	0	Esil	0
Rory_11014	0	Rory	0
Umay_XP_756690	0	Umay	0hl
Acoe_016_00095	0	Acoe	0
Mvib_comp10766_c1_seq1_fr4	0	Mvib	0
Adig_13723v110302	0	Adig	0ps
Dmel_FBpp0076008	0	Dmel	0e
Sbic_02g006620	0	Sbic	0
Aque_XP_003389507	0	Aque	0rz
Aano_F0XVI4	0	Aano	0eo
Acoe_010_00651	0	Acoe	0
Sagg_21866	0	Sagg	0
Mpus_Micpu164960	0	Mpus	0n
Mpus_Micpu51358	0	Mpus	0
Bnat_78102	0	Bnat	0
Pinf_XP_002906394	0	Pinf	0
Cang_120509	0	Cang	0
Sbic_02g032470	0	Sbic	0
Pinf_XP_002895606	0	Pinf	0
Sbic_02g016820	0	Sbic	0
Spur_XP_003728212	0	Spur	0
Gthe_45335	0	Gthe	0
Dmel_FBpp0070146	0	Dmel	0hl
Sbic_07g023560	0	Sbic	0
Ehux_233107	0	Ehux	0
Cele_C26E6_9c	0	Cele	0gv
Ptet_A0DWT5_A0DWT5	0	Ptet	0
Adig_17690v113829	0	Adig	0ps
Spur_XP_784903	0	Spur	0n
Mgut_mgv1a009915m	0	Mgut	0
Scil_111041	0	Scil	0
Atha_AT4G13460	0	Atha	0
Amac_11412	0	Amac	0hl
Cowc_CAOG_07681	0	Cowc	0
Ehux_97090	0	Ehux	0
Ddis_XP_636258	0	Ddis	0gv
Falb_H696_02995T0	0	Falb	0
Hmag_XP_002154569	0	Hmag	0
Crei_XP_001701098	0	Crei	0
Smoe_XP_002992504	0	Smoe	0
Gthe_166263	0	Gthe	0
Hmag_XP_002168824	0	Hmag	0
Pinf_XP_002903975	0	Pinf	0
Ccri_T00007737001	0	Ccri	0eo
Bdis_4g08510	0	Bdis	0
Nspp_12465_fr6	0	Nspp	0
Bdis_3g12710	0	Bdis	0
Mgut_mgv1a000532m	0	Mgut	0
Spur_XP_800216	0	Spur	0h
Cneo_XP_567801	0	Cneo	0
Glam_XP_001707053	0	Glam	0
Cpar_28224Contig56056	0	Cpar	0
Skow_XP_002731935	0	Skow	0ku
crenarchaeote_SCGC_AAA261C22_5166683	0	crenarchaeote	0
Ttra_AMSG_09360	0	Ttra	0
Ppat_XP_001775340	0	Ppat	0
Rory_11085	0	Rory	0gv
Atha_AT1G73100	0	Atha	0
Mver_03069	0	Mver	0
Glam_XP_001705541	0	Glam	0w
Apar_comp23409_c1_seq1_fr4	0	Apar	0
Hsap_ENSP00000372347	0	Hsap	0ku
Sarc_SARC_01720	0	Sarc	0
Lgig_209271	0	Lgig	0f
Ehux_197202	0	Ehux	0
Acoe_003_00541	0	Acoe	0eo
Gpro_66054	0	Gpro	0dq
Ccor_47936	0	Ccor	0
Lgig_138486	0	Lgig	0gv
Tgon_XP_002371298	0	Tgon	0a
Ctel_153177	0	Ctel	0dq
Gthe_65244	0	Gthe	0ps
Ppat_XP_001784397	0	Ppat	0
Crei_XP_001702027	0	Crei	0
Nvec_XP_001623359	0	Nvec	0y
Adig_278v118577	0	Adig	0y
Skow_XP_002731923	0	Skow	0bt
Otau_XP_003084058	0	Otau	0
Pyez_28201_g6931	0	Pyez	0y
Mgut_mgv1a002769m	0	Mgut	0eo
Ehux_108024	0	Ehux	0
Ngru_XP_002675415	0	Ngru	0
Umay_XP_758647	0	Umay	0
Aque_XP_003387132	0	Aque	0
Hsap_ENSP00000262519	0	Hsap	0v
Esil_CBN75501	0	Esil	0
Otau_XP_003084059	0	Otau	0
Aque_XP_003387124	0	Aque	0bt
Umar_223368	0	Umar	0hl
Bden_Batde5_6084	0	Bden	0
Sbic_04g025725	0	Sbic	0
Cang_102567	0	Cang	0gv
Rirr_39959	0	Rirr	0
Rall_1841	0	Rall	0ps
Mgut_mgv1a001836m	0	Mgut	0
Mver_11821	0	Mver	0
Skow_XP_002732754	0	Skow	0n
Bnat_82444	0	Bnat	0
Bdis_1g20527	0	Bdis	0
Scil_6054	0	Scil	0dq
Crev_43176	0	Crev	0hl
Hsap_ENSP00000373354	0	Hsap	0w
Smoe_XP_002965618	0	Smoe	0gv
Mcir_Mucci2_163371	0	Mcir	0ps
Rory_5504	0	Rory	0
Pbla_Phybl2_171920	0	Pbla	0
Cele_K12H6_11	0	Cele	0
Hmag_XP_002157195	0	Hmag	0
Ptet_A0CDR5_A0CDR5	0	Ptet	0
Rfil_29978_4c	0	Rfil	0
Smoe_XP_002962407	0	Smoe	0gv
Pyez_42793_g9647	0	Pyez	0
Ptet_A0C830_A0C830	0	Ptet	0
Ncra_6617NCU07496	0	Ncra	0
Tadh_XP_002117828	0	Tadh	0ps
Cfra_6039T1	0	Cfra	0gv
Tadh_XP_002115573	0	Tadh	0hl
Scil_9219	0	Scil	0ps
Apar_comp21086_c0_seq1_fr6	0	Apar	0
Gthe_66907	0	Gthe	0hl
Pyez_31104_g7601	0	Pyez	0
Sbic_07g019863	0	Sbic	0
Mpus_Micpu51562	0	Mpus	0
Ppal_EFA86338_1	0	Ppal	0ps
Amac_11220	0	Amac	0
Ptri_XP_002184115	0	Ptri	0gv
Aker_101000	0	Aker	0
Gthe_66832	0	Gthe	0
Gpro_132992	0	Gpro	0hl
Atha_AT4G30860	0	Atha	0
Pinf_XP_002999311	0	Pinf	0
Bnat_91178	0	Bnat	0
Smoe_XP_002971955	0	Smoe	0
Cvar_EFN57970	0	Cvar	0
Smoe_XP_002994641	0	Smoe	0
Sbic_06g001340	0	Sbic	0
Sarc_SARC_07640	0	Sarc	0
Scil_50427	0	Scil	0n
Pinf_XP_002909073	0	Pinf	0
Rall_4856	0	Rall	0rz
Vcar_XP_002951402	0	Vcar	0n
Tvag_XP_001580691	0	Tvag	0
Gthe_137717	0	Gthe	0n
Tcru_XP_814551	0	Tcru	0
Fgra_FGSG_06529	0	Fgra	0hl
Ctel_224568	0	Ctel	0bt
Gthe_56155	0	Gthe	0
Ppat_XP_001768289	0	Ppat	0gv
Scil_53898	0	Scil	0rz
Rall_5515	0	Rall	0gv
Atha_AT1G76710	0	Atha	0
Bnat_146525	0	Bnat	0
Mpus_Micpu56361	0	Mpus	0
Tthe_XP_001017546	0	Tthe	0
Cang_120080	0	Cang	0
Ihof_7061	0	Ihof	0
Apar_comp11096_c0_seq1_fr5	0	Apar	0
Tadh_XP_002117983	0	Tadh	0dq
Ppat_XP_001785269	0	Ppat	0
Cint_ENSCINP00000025690	0	Cint	0a
Acoe_021_00020	0	Acoe	0a
Esil_CBN77807	0	Esil	0
Skow_XP_002737721	0	Skow	0
Ncra_3927NCU04402	0	Ncra	0bt
Ehux_465838	0	Ehux	0
Cneo_XP_570558	0	Cneo	0
Ppat_XP_001771670	0	Ppat	0
Bdis_1g64460	0	Bdis	0eo
Mbre_XP_001747378	0	Mbre	0
Ihof_1997	0	Ihof	0
Mgut_mgv1a005143m	0	Mgut	0
Ptri_XP_002176717	0	Ptri	0
Bsal_BS35450	0	Bsal	0
Otau_XP_003078017	0	Otau	0
Aker_82917	0	Aker	0
Tcru_XP_803514	0	Tcru	0
Acoe_005_00513	0	Acoe	0
Tadh_XP_002117623	0	Tadh	0bt
Spur_XP_003724176	0	Spur	0q
Mvib_comp13337_c0_seq1_fr4	0	Mvib	0bt
Tgon_XP_002369144	0	Tgon	0
Sros_PTSG_09393	0	Sros	0
Rfil_24410_3cf1	0	Rfil	0
Cowc_CAOG_02237	0	Cowc	0ps
Ptet_A0CF66_A0CF66	0	Ptet	0
Mgut_mgv1a024362m	0	Mgut	0
Tadh_XP_002117297	0	Tadh	0gv
Cfra_7019T1	0	Cfra	0hl
Aque_XP_003384664	0	Aque	0
Nvec_XP_001637486	0	Nvec	0ps
Fgra_FGSG_07445	0	Fgra	0gv
Tpse_XP_002287806	0	Tpse	0
Aker_99154	0	Aker	0
Dmel_FBpp0112128	0	Dmel	0w
Tthe_XP_001019150	0	Tthe	0
Crev_81553	0	Crev	0rz
Dmel_FBpp0082583	0	Dmel	0
Otau_XP_003082958	0	Otau	0eo
candidate_division_YNPFFA_archaeon_S	0	candidate	0abcdefghijklmnopqrstuvwxyz
Spur_XP_003731178	0	Spur	0
Apar_comp18887_c1_seq1_fr4	0	Apar	0
Atha_AT3G03750	0	Atha	0
Gthe_75734	0	Gthe	0
Rfil_3716155_1s1f1	0	Rfil	0
Bdis_1g48340	0	Bdis	0eo
Tpse_XP_002293206	0	Tpse	0
Bsal_BS33470	0	Bsal	0
Cfra_6425T1	0	Cfra	0
Sbic_07g021810	0	Sbic	0
Mvib_comp12474_c0_seq1_fr5	0	Mvib	0hl
Bdis_2g51320	0	Bdis	0
Cowc_CAOG_02948	0	Cowc	0hl
Bdis_5g00500	0	Bdis	0
Ptri_XP_002176658	0	Ptri	0
Rirr_178744	0	Rirr	0
Mlei_ML015714a	0	Mlei	0dq
Rall_3287	0	Rall	0
Acas_g6446	0	Acas	0a
Ngad_05385	0	Ngad	0
Ihof_383	0	Ihof	0
Clim_g3130	0	Clim	0
Sbic_06g016720	0	Sbic	0
Mbre_XP_001744129	0	Mbre	0
Mgut_mgv1a024041m	0	Mgut	0
Ehux_425757	0	Ehux	0n
Bdis_2g07082	0	Bdis	0a
Ncra_5372NCU06119	0	Ncra	0
Hsap_ENSP00000408583	0	Hsap	0jx
Tvag_XP_001584257	0	Tvag	0
Rall_5258	0	Rall	0i
Ncra_1750NCU01973	0	Ncra	0
Spom_NP_594980_1	0	Spom	0
Gthe_78620	0	Gthe	0a
Mver_01422	0	Mver	0
Atha_AT1G02580	0	Atha	0eo
Amac_13344	0	Amac	0gv
Cgig_10007764	0	Cgig	0h
Bnat_136495	0	Bnat	0
Mver_05042	0	Mver	0
Mlei_ML05765a	0	Mlei	0rz
Tcru_XP_818076	0	Tcru	0rz
Bnat_91652	0	Bnat	0
Ppal_EFA79695_1	0	Ppal	0
Scil_15884	0	Scil	0
Nspp_13715_fr4	0	Nspp	0hl
Sros_PTSG_08872	0	Sros	0i
Ppat_XP_001780587	0	Ppat	0
Esil_CBJ48999	0	Esil	0hl
Aque_XP_003390508	0	Aque	0e
Nspp_14168_fr5	0	Nspp	0
Aker_62797	0	Aker	0
Ctel_179499	0	Ctel	0fy
Bden_Batde5_35515	0	Bden	0gv
Acoe_025_00006	0	Acoe	0
Aano_F0YDE7	0	Aano	0gv
Nspp_17621_fr3	0	Nspp	0
Pinf_XP_002903302	0	Pinf	0
Cowc_CAOG_03580	0	Cowc	0gv
Glam_XP_001708058	0	Glam	0
Cele_Y2H9A_1_1	0	Cele	0
Nspp_13100_fr6	0	Nspp	0
Bdis_3g15410	0	Bdis	0
Pinf_XP_002905874	0	Pinf	0
Ccor_82240	0	Ccor	0gv
Otau_XP_003082109	0	Otau	0
Aano_F0YGG4	0	Aano	0bt
Umar_257554	0	Umar	0
Cvar_EFN59819	0	Cvar	0
Lgig_215812	0	Lgig	0dq
Mgut_mgv1a000212m	0	Mgut	0
Umar_238155	0	Umar	0
Ctel_112305_2	0	Ctel	0
Skow_XP_002733567	0	Skow	0i
Bnat_79440	0	Bnat	0
Mgut_mgv1a003074m	0	Mgut	0
Sagg_62231	0	Sagg	0
Falb_H696_04933T0	0	Falb	0hl
Cele_T12F5_4	0	Cele	0
Mlei_ML09663a	0	Mlei	0i
Gthe_131886	0	Gthe	0
Ptet_A0BWW9_A0BWW9	0	Ptet	0
Tvag_XP_001314927	0	Tvag	0
Vcar_XP_002952737	0	Vcar	0
Falb_H696_01829T1	0	Falb	0
Atha_AT2G44150	0	Atha	0
Cgig_10022561	0	Cgig	0dq
Aano_F0YC71	0	Aano	0
Lgig_175490	0	Lgig	0
Cint_ENSCINP00000019485	0	Cint	0b
Hmag_XP_002169286	0	Hmag	0dq
Ptet_A0D472_A0D472	0	Ptet	0
Vcar_XP_002954958	0	Vcar	0
Cgig_10026622	0	Cgig	0bt
Pmar_XP_002787740	0	Pmar	0
Sros_PTSG_09637	0	Sros	0hl
Bdis_3g48970	0	Bdis	0
Atha_AT2G35160	0	Atha	0
Ccin_CC1G_15535	0	Ccin	0
Cele_C32D5_5	0	Cele	0h
Scer_SCRT_03567	0	Scer	0
Spur_XP_003725758	0	Spur	0
Scer_SCRT_04049	0	Scer	0
Vcar_XP_002954751	0	Vcar	0
Cvar_EFN57733	0	Cvar	0
Acoe_013_00096	0	Acoe	0a
Ocar_g575_t1	0	Ocar	0eo
Pinf_XP_002896918	0	Pinf	0
Dmel_FBpp0084636	0	Dmel	0
Cgig_10016754	0	Cgig	0a
Ppat_XP_001768386	0	Ppat	0
Sros_PTSG_11893	0	Sros	0gv
Smoe_XP_002987466	0	Smoe	0eo
Dmel_FBpp0070347	0	Dmel	0dq
Atha_AT1G77300	0	Atha	0
Acoe_014_00396	0	Acoe	0
Tthe_XP_001029767	0	Tthe	0a
Tadh_XP_002110982	0	Tadh	0eo
Spom_NP_595186_1	0	Spom	0
Cowc_CAOG_08491	0	Cowc	0
Pisp_26066	0	Pisp	0gv
Ehux_67245	0	Ehux	0
Ehux_311470	0	Ehux	0gv
Acas_g5506	0	Acas	0
Mvib_comp6636_c1_seq1_fr4	0	Mvib	0
Amac_06505	0	Amac	0
Acoe_016_00362	0	Acoe	0
Hsap_ENSP00000222270	0	Hsap	0y
Tpse_XP_002291362	0	Tpse	0
Pinf_XP_002907066	0	Pinf	0
Sros_PTSG_04178	0	Sros	0n
Bdis_2g59430	0	Bdis	0
Bdis_2g13416	0	Bdis	0
Mgut_mgv1a002557m	0	Mgut	0
Ehux_202082	0	Ehux	0
Tthe_XP_001032856	0	Tthe	0
Scil_58119	0	Scil	0i
Mpus_Micpu7678	0	Mpus	0
Ocar_g2500_t1	0	Ocar	0ps
Tpse_XP_002290717	0	Tpse	0
Mcir_Mucci2_137855	0	Mcir	0gv
Tthe_XP_001007909	0	Tthe	0
Nvec_XP_001635826	0	Nvec	0i
Sbic_03g035910	0	Sbic	0
Nspp_4954_fr6	0	Nspp	0
Rory_2737	0	Rory	0
Bnat_72270	0	Bnat	0
Ccin_CC1G_14984	0	Ccin	0
Spom_NP_588078_1	0	Spom	0hl
Rfil_110236_1c	0	Rfil	0
Cpar_29058Contig6840	0	Cpar	0
Tadh_XP_002112190	0	Tadh	0fy
Cgig_10000979	0	Cgig	0
Mvib_comp3625_c0_seq1_fr6	0	Mvib	0gv
Acoe_043_00022	0	Acoe	0
Acas_g15151	0	Acas	0
Smoe_XP_002961390	0	Smoe	0a
Mcir_Mucci2_146498	0	Mcir	0
Ccri_T00007377001	0	Ccri	0
Tvag_XP_001581581	0	Tvag	0
Scil_27079	0	Scil	0bt
Ccri_T00005548001	0	Ccri	0dq
Pinf_XP_002902883	0	Pinf	0
Spun_SPPG_01685	0	Spun	0
Apar_comp19989_c1_seq1_fr6	0	Apar	0
Scil_16325	0	Scil	0
Cpar_24798Contig41234	0	Cpar	0
Tmel_XP_002840838	0	Tmel	0gv
Ocar_g3910_t1	0	Ocar	0b
Spur_XP_782916	0	Spur	0w
Dmel_FBpp0074738	0	Dmel	0n
Cele_R11E3_4	0	Cele	0
Cint_ENSCINP00000003156	0	Cint	0dq
Tadh_XP_002116791	0	Tadh	0cku
Ihof_10267	0	Ihof	0hl
Smoe_XP_002990183	0	Smoe	0
Ppal_EFA75361_1	0	Ppal	0gv
000REFERENE_ANOTATE_ML1	0	000REFERENE	0
Ppat_XP_001766115	0	Ppat	0
Cgig_10017490	0	Cgig	0gv
Ppat_XP_001785809	0	Ppat	0
Smoe_XP_002980071	0	Smoe	0eo
Esil_CBJ30962	0	Esil	0
Apar_comp11676_c0_seq1_fr6	0	Apar	0
Mver_08333	0	Mver	0
Spur_XP_783359	0	Spur	0i
Smoe_XP_002982095	0	Smoe	0
Smoe_XP_002979834	0	Smoe	0
Pinf_XP_002900419	0	Pinf	0
Esil_CBJ49018	0	Esil	0hl
Ctel_20226	0	Ctel	0eo
Pinf_XP_002999193	0	Pinf	0
Scil_72863	0	Scil	0
Aano_F0Y2P1	0	Aano	0
Acoe_133_00028	0	Acoe	0
Amac_06513	0	Amac	0
Nvec_XP_001636609	0	Nvec	0gv
Pinf_XP_002909121	0	Pinf	0
Ctel_150651	0	Ctel	0gv
Cvar_EFN54848	0	Cvar	0n
Esil_CBJ28193	0	Esil	0
Smoe_XP_002963921	0	Smoe	0gv
Tadh_XP_002113092	0	Tadh	0w
Ngad_05847	0	Ngad	0
Vcar_XP_002956071	0	Vcar	0
Bden_Batde5_22093	0	Bden	0
Ihof_1171	0	Ihof	0n
Crei_XP_001694743	0	Crei	0
Tgon_XP_002371500	0	Tgon	0
Esil_CBN74374	0	Esil	0gv
Bnat_37368	0	Bnat	0
Hsap_ENSP00000346997	0	Hsap	0rz
Dmel_FBpp0082387	0	Dmel	0a
Rirr_342509	0	Rirr	0
Atha_AT4G02020	0	Atha	0eo
Acas_g441	0	Acas	0rz
Pinf_XP_002900788	0	Pinf	0eo
Amac_13595	0	Amac	0gv
Ppat_XP_001765507	0	Ppat	0
Pisp_9162	0	Pisp	0
Bdis_5g17340	0	Bdis	0
Smoe_XP_002963315	0	Smoe	0
Cele_Y24D9A_2	0	Cele	0
Adig_6676v104625	0	Adig	0eo
Pisp_49244	0	Pisp	0hl
Bdis_2g45430	0	Bdis	0a
Ccor_56944	0	Ccor	0
Bdis_3g48980	0	Bdis	0
Sbic_02g010210	0	Sbic	0
Bnat_136948	0	Bnat	0
Bdis_4g27797	0	Bdis	0
Gthe_139254	0	Gthe	0
Cint_ENSCINP00000003247	0	Cint	0jx
Ihof_8075	0	Ihof	0
Tpse_XP_002286796	1	Tpse	1
Esil_CBN80336	1	Esil	1
Gthe_138732	1	Gthe	1
Esil_CBN75653	1	Esil	1
Spun_SPPG_03192	2	Spun	2
Mver_03338	2	Mver	2
Acas_g1251	2	Acas	2
Mver_00548	2	Mver	2
Tcru_XP_810972	2	Tcru	2
Ihof_3148	2	Ihof	2
Apar_comp22662_c0_seq1_fr6	2	Apar	2
Umar_220360	2	Umar	2
Gpro_135584	2	Gpro	2
Tcru_XP_822054	2	Tcru	2
Cowc_CAOG_03801	2	Cowc	2
Lmaj_XP_001683140	2	Lmaj	2
Apar_comp19575_c0_seq1_fr6	2	Apar	2
Ccor_78081	2	Ccor	2
Ppal_EFA84886_1	2	Ppal	2
Gpro_54135	2	Gpro	2
Ddis_XP_635865	2	Ddis	2
Amac_04388	2	Amac	2
Rirr_72238	2	Rirr	2
Dmel_FBpp0075717	2	Dmel	2
Ppat_XP_001779453	3	Ppat	3
Tcru_XP_814949	3	Tcru	3
Acas_g11306	3	Acas	3
Falb_H696_04941T0	3	Falb	3
Tcru_XP_805550	3	Tcru	3
Mgut_mgv1a008254m	3	Mgut	3
Umar_252023	3	Umar	3
Cgig_10027102	3	Cgig	3
Tcru_XP_811771	3	Tcru	3
Bsal_BS55385	3	Bsal	3
Nspp_9865_fr2	3	Nspp	3
Nspp_10040_fr4	3	Nspp	3
Bden_Batde5_88226	3	Bden	3
Lmaj_XP_001683414	3	Lmaj	3
Fgra_FGSG_03752	3	Fgra	3
Sarc_SARC_00510	3	Sarc	3
Apar_comp21560_c1_seq2_fr4	3	Apar	3
Crev_44170	3	Crev	3
Gthe_121938	3	Gthe	3
Falb_H696_05585T0	3	Falb	3
Gthe_108453	3	Gthe	3
Nspp_10039_fr6	3	Nspp	3
Bsal_BS12885	3	Bsal	3
Pinf_XP_002900537	3	Pinf	3
Falb_H696_03132T0	3	Falb	3
Ddis_XP_629856	3	Ddis	3
Ppal_EFA76267_1	3	Ppal	3
Bdis_3g17710	3	Bdis	3
Pinf_XP_002894963	3	Pinf	3
Rirr_340241	3	Rirr	3
Bsal_BS10175	3	Bsal	3
Cowc_CAOG_03053	3	Cowc	3
Ptri_XP_002184309	3	Ptri	3
Acoe_024_00050	3	Acoe	3
Ddis_XP_644838	3	Ddis	3
Atha_AT2G19640	3	Atha	3
Pmar_XP_002765366	3	Pmar	3
Pmar_XP_002769534	3	Pmar	3
Ddis_XP_639077	3	Ddis	3
Tcru_XP_807160	3	Tcru	3
Sbic_07g005870	3	Sbic	3
Bsal_BS64460	3	Bsal	3
Ihof_4965	3	Ihof	3
Acas_g12889	3	Acas	3
Lmaj_XP_003721822	3	Lmaj	3
Ddis_XP_644839	3	Ddis	3
Ppal_EFA82595_1	3	Ppal	3
Smoe_XP_002970670	3	Smoe	3
Ddis_XP_001733058	3	Ddis	3
Spun_SPPG_08305	3	Spun	3
Ptet_A0D226_A0D226	4	Ptet	4
Tpse_XP_002293161	4	Tpse	4
Amac_02309	4	Amac	4
Ptet_A0CG77_A0CG77	4	Ptet	4
Bnat_69405	4	Bnat	4
Ccin_CC1G_14673	4	Ccin	4
Ehux_108977	4	Ehux	4
Ptet_A0BS83_A0BS83	4	Ptet	4
Ptet_A0D4G4_A0D4G4	4	Ptet	4
Ehux_104231	4	Ehux	4
Ptet_A0CEH6_A0CEH6	4	Ptet	4
Ptet_A0D167_A0D167	4	Ptet	4
Mpus_Micpu192562	5	Mpus	5
Gpro_53695	5	Gpro	5
Esil_CBN79949	5	Esil	5
Ehux_452240	5	Ehux	5
Vcar_XP_002956692	5	Vcar	5
Acas_g7878	5	Acas	5
Sarc_SARC_01991	5	Sarc	5
Crei_XP_001689919	5	Crei	5
Cvar_EFN53133	5	Cvar	5
Aker_45975	5	Aker	5
Amac_09124	5	Amac	5
Clim_g5415	5	Clim	5
Tcru_XP_821025	5	Tcru	5
Tcru_XP_811494	5	Tcru	5
Ehux_120890	5	Ehux	5
Clim_g3916	5	Clim	5
Hmag_XP_002163555	6	Hmag	6abc
Sbic_01g022220	6	Sbic	6abc
Bsal_BS43455	6	Bsal	6abc
Aker_49446	6	Aker	6abc
Spur_XP_788278	6	Spur	6abc
Spur_XP_003728116	6	Spur	6
Mgut_mgv1a010398m	6	Mgut	6abc
Gthe_136248	6	Gthe	6abc
Mver_02594	6	Mver	6abc
Spur_XP_003730778	6	Spur	6abc
Umar_278813	6	Umar	6abc
Spun_SPPG_03824	6	Spun	6abc
Hsap_ENSP00000373637	6	Hsap	6ab
Rirr_344831	6	Rirr	6abc
Lmaj_XP_001685790	6	Lmaj	6c
Spur_XP_799878	6	Spur	6abc
Spur_XP_003731708	6	Spur	6abc
Ddis_XP_641994	6	Ddis	6c
Hsap_ENSP00000393453	6	Hsap	6ab
Tadh_XP_002109888	6	Tadh	6abc
Ehux_194541	6	Ehux	6abc
Spur_XP_003730587	6	Spur	6abc
Bden_Batde5_35411	6	Bden	6abc
Cint_ENSCINP00000013431	6	Cint	6abc
Ppal_EFA83075_1	6	Ppal	6c
Sagg_84574	6	Sagg	6abc
Spur_XP_001199204	6	Spur	6abc
Tcru_XP_807434	6	Tcru	6abc
Acoe_004_00718	6	Acoe	6abc
Pmar_XP_002772010	6	Pmar	6c
Nvec_XP_001627600	6	Nvec	6abc
Umay_XP_759888	6	Umay	6c
Rirr_342860	6	Rirr	6abc
Cfra_1127T1	6	Cfra	6abc
Tpse_XP_002292103	6	Tpse	6abc
Hsap_ENSP00000355924	6	Hsap	6c
Adig_18862v114854	6	Adig	6abc
Pmar_XP_002781574	6	Pmar	6c
Fgra_FGSG_01168	6	Fgra	6abc
Esil_CBJ32293	6	Esil	6abc
Atha_AT5G06620	6	Atha	6abc
Mvib_comp9007_c1_seq1_fr4	6	Mvib	6abc
Vcar_XP_002954057	7	Vcar	7
Nspp_113_fr1	7	Nspp	7
Otau_XP_003080689	7	Otau	7
Lmaj_XP_001681314	7	Lmaj	7
Nspp_113_fr4	7	Nspp	7
Mcir_Mucci2_113296	8	Mcir	8
Spom_NP_588361_1	8	Spom	8
Rall_5391	8	Rall	8
Methanoculleus_marisnigri_500169079_	8	Methanoculleus	8
Pbla_Phybl2_8439	8	Pbla	8
Methanosarcina_barkeri_499626817_12_	8	Methanosarcina	8
Methanosarcina_mazei_499345213_19_11	8	Methanosarcina	8
Bsal_BS29950	8	Bsal	8
Rory_11090	8	Rory	8
Methanosarcina_acetivorans_499331191	8	Methanosarcina	8
Ctel_101446	8	Ctel	8
Mver_09038	8	Mver	8
Ppat_XP_001754318	8	Ppat	8
Methanofollis_liminatans_490138677_1	8	Methanofollis	8
Ccin_CC1G_07120	8	Ccin	8
Aker_27813	8	Aker	8
Umay_XP_756905	8	Umay	8
Aano_F0YCX0	8	Aano	8
Ihof_6020	8	Ihof	8
Umar_257941	8	Umar	8
Apar_comp19133_c0_seq1_fr5	8	Apar	8
Pisp_69739	9	Pisp	9
Acas_g754	9	Acas	9
Spom_NP_596799_2	9	Spom	9
Vcar_XP_002947984	9	Vcar	9
Cang_114976	9	Cang	9
Crei_XP_001690983	9	Crei	9
Rory_7153	9	Rory	9
Tpse_XP_002288295	9	Tpse	9
Amac_11375	9	Amac	9
Ptri_XP_002179507	9	Ptri	9
Apar_comp20834_c2_seq1_fr5	9	Apar	9
Crev_41928	9	Crev	9
Ptri_XP_002177222	9	Ptri	9
Mcir_Mucci2_107056	9	Mcir	9
Bnat_129526	9	Bnat	9
Bden_Batde5_86633	9	Bden	9
Tthe_XP_001009809	9	Tthe	9
Cowc_CAOG_00643	9	Cowc	9
Tpse_XP_002287062	9	Tpse	9
Spun_SPPG_04331	9	Spun	9
Rall_2313	9	Rall	9
Ehux_96595	9	Ehux	9
Amac_13838	9	Amac	9
Rirr_36464	9	Rirr	9
Mver_08386	9	Mver	9
Amac_01567	10	Amac	10a
Cowc_CAOG_07464	10	Cowc	10a
Nspp_10624_fr6	10	Nspp	10a
Otau_XP_003083145	10	Otau	10a
Cang_44709	10	Cang	10a
Spur_XP_784346	10	Spur	10a
Sros_PTSG_08216	10	Sros	10a
Amac_04063	10	Amac	10a
Nspp_10623_fr6	10	Nspp	10a
Bdis_5g22730	10	Bdis	10a
Hmag_XP_002160911	10	Hmag	10a
Adig_9231v106136	10	Adig	10a
Acoe_005_00445	10	Acoe	10a
Ihof_6005	10	Ihof	10a
Sbic_06g029440	10	Sbic	10a
Cvar_EFN50876	10	Cvar	10a
Skow_XP_002735533	10	Skow	10a
Acas_g1616	10	Acas	10a
Smoe_XP_002966643	10	Smoe	10a
Ppat_XP_001759368	10	Ppat	10a
Tadh_XP_002114620	10	Tadh	10a
Nspp_10625_fr4	10	Nspp	10a
Cgig_10009476	10	Cgig	10a
Atha_AT3G21820	10	Atha	10a
Mpus_Micpu20125	10	Mpus	10a
Scil_51718	10	Scil	10a
Dmel_FBpp0083507	10	Dmel	10a
Lgig_231752	10	Lgig	10a
Bsal_BS55355	10	Bsal	10a
Nvec_XP_001627062	10	Nvec	10a
Ctel_159764	10	Ctel	10a
Hsap_ENSP00000374152	10	Hsap	10a
Smoe_XP_002978099	10	Smoe	10a
Mgut_mgv1a005946m	10	Mgut	10a
Nspp_10626_fr4	10	Nspp	10a
Tcru_XP_819846	11	Tcru	11
Bsal_BS14130	11	Bsal	11
Lmaj_XP_001687015	11	Lmaj	11
Bnat_135435	11	Bnat	11
Mcir_Mucci2_187976	11	Mcir	11
Umar_235646	11	Umar	11
Tpse_XP_002295747	11	Tpse	11
Cowc_CAOG_02820	11	Cowc	11
Ptri_XP_002181881	12	Ptri	12
Cpar_22282Contig37429	12	Cpar	12
Cvar_EFN53459	12	Cvar	12
Cvar_EFN51670	12	Cvar	12
Ppat_XP_001759585	12	Ppat	12
Mgut_mgv1a005562m	12	Mgut	12
Smoe_XP_002989522	12	Smoe	12
Tcru_XP_817814	12	Tcru	12
Crei_XP_001703025	12	Crei	12
Vcar_XP_002955706	12	Vcar	12
Vcar_XP_002952189	12	Vcar	12
Otau_XP_003083454	12	Otau	12
Bnat_77373	12	Bnat	12
Mpus_Micpu186708	12	Mpus	12
Acoe_091_00078	12	Acoe	12
Smoe_XP_002964620	12	Smoe	12
Crei_XP_001696458	12	Crei	12
Esil_CBJ26036	12	Esil	12
Tcru_XP_809677	12	Tcru	12
Bnat_70745	12	Bnat	12
Atha_AT1G24610	12	Atha	12
Crei_XP_001698255	12	Crei	12
Pinf_XP_002908955	12	Pinf	12
Sbic_04g028760	12	Sbic	12
Cneo_XP_568860	13	Cneo	13
Smoe_XP_002986909	13	Smoe	13
Mpus_Micpu39853	13	Mpus	13
Sbic_03g041640	13	Sbic	13
Mgut_mgv1a005032m	13	Mgut	13
Pisp_1176	13	Pisp	13
Mcir_Mucci2_108485	13	Mcir	13
Falb_H696_00372T0	13	Falb	13
Bnat_79704	13	Bnat	13
Cvar_EFN55406	13	Cvar	13
Otau_XP_003083827	13	Otau	13
Aker_99331	13	Aker	13
Bden_Batde5_87914	13	Bden	13
Smoe_XP_002977945	13	Smoe	13
Bdis_2g56792	13	Bdis	13
Cfra_3222T1	13	Cfra	13
Ccor_17587	13	Ccor	13
Atha_AT3G56570	13	Atha	13
Acoe_014_00106	13	Acoe	13
Ppal_EFA82146_1	13	Ppal	13
Umar_261166	13	Umar	13
Scer_SCRT_02936	13	Scer	13
Spur_XP_792487	14	Spur	14
Rirr_210128	14	Rirr	14
Rirr_323896	14	Rirr	14
Ctel_103287	14	Ctel	14
Scil_70624	14	Scil	14
Ddis_XP_636856	14	Ddis	14a
Ctel_75757	14	Ctel	14b
Rirr_33049	14	Rirr	14
Nvec_XP_001630857	14	Nvec	14
Acas_g2756	14	Acas	14abcde
Nvec_XP_001630839	14	Nvec	14
Spur_XP_790201	14	Spur	14
Ppal_EFA77773_1	14	Ppal	14a
Ihof_9158	14	Ihof	14
Adig_17466v101523	14	Adig	14b
Ehux_250053	14	Ehux	14
Adig_2067v103430	14	Adig	14
Scil_89977	14	Scil	14
Hsap_ENSP00000274031	14	Hsap	14a
Ocar_g8397_t1	14	Ocar	14
Lgig_153726	14	Lgig	14
Adig_2070v103434	14	Adig	14
Lgig_114994	14	Lgig	14
Hsap_ENSP00000235372	14	Hsap	14b
Ehux_205579	14	Ehux	14
Umar_226245	14	Umar	14
Cfra_2578T1	14	Cfra	14
Skow_NP_001161634	14	Skow	14d
Hmag_XP_002154805	14	Hmag	14b
Rirr_8856	14	Rirr	14
Scil_95376	14	Scil	14
Rirr_345445	14	Rirr	14
Ctel_183922	14	Ctel	14
Cele_F02D10_7	14	Cele	14bcde
Aque_XP_003387382	14	Aque	14
Ctel_202965	14	Ctel	14b
Scil_67503	14	Scil	14
Ppal_EFA76050_1	14	Ppal	14
Amac_09338	14	Amac	14
Adig_2065v103432	14	Adig	14
Adig_17948v114072	14	Adig	14
Pbla_Phybl2_188395	14	Pbla	14a
Gthe_150215	14	Gthe	14a
Scil_70867	14	Scil	14
Rirr_16582	14	Rirr	14
Rirr_1590	14	Rirr	14
Spur_XP_001200656	14	Spur	14e
Mver_05382	14	Mver	14a
Cint_ENSCINP00000000048	14	Cint	14
Scil_90070	14	Scil	14
Umar_250739	14	Umar	14a
Tadh_XP_002109980	14	Tadh	14
Smoe_XP_002970505	14	Smoe	14
Adig_2066v103428	14	Adig	14
Nvec_XP_001634375	14	Nvec	14
Nvec_XP_001638198	14	Nvec	14d
Nspp_17480_fr3	14	Nspp	14
Lgig_169169	14	Lgig	14
Ihof_5851	14	Ihof	14a
Scil_67802	14	Scil	14
Spur_XP_799022	14	Spur	14
Scil_69355	14	Scil	14
Ccor_71261	14	Ccor	14a
Rfil_3780083_1s1f1	14	Rfil	14
Tadh_XP_002112735	14	Tadh	14a
Atha_AT1G43245	14	Atha	14
Adig_5324v122563	14	Adig	14b
Nvec_XP_001640186	14	Nvec	14
Spur_XP_003724787	14	Spur	14e
Mgut_mgv1a023205m	14	Mgut	14
Cgig_10001616	14	Cgig	14
Apar_comp12770_c0_seq1_fr4	14	Apar	14a
Skow_XP_002739286	14	Skow	14c
Pmar_XP_002776582	14	Pmar	14
Rirr_98806	14	Rirr	14
Cgig_10027610	14	Cgig	14
Cgig_10016009	14	Cgig	14
Cowc_CAOG_04513	14	Cowc	14a
Pmar_XP_002784695	14	Pmar	14
Bdis_5g10050	14	Bdis	14
Cang_28328	14	Cang	14bcde
Rirr_323213	14	Rirr	14
Gpro_66573	14	Gpro	14a
Esil_CBN80451	14	Esil	14
Sbic_06g016550	14	Sbic	14
Spun_SPPG_00148	14	Spun	14
Nvec_XP_001630482	14	Nvec	14
Cneo_XP_572264	14	Cneo	14bcde
Mbre_XP_001745025	14	Mbre	14
Adig_2069v103431	14	Adig	14d
Mlei_ML124240a	14	Mlei	14e
Nvec_XP_001628558	14	Nvec	14
Sarc_SARC_15066	14	Sarc	14a
Pmar_XP_002765502	14	Pmar	14
Adig_3112v120858	14	Adig	14e
Aque_XP_003387259	14	Aque	14
Cgig_10013102	14	Cgig	14
Adig_2550v120377	14	Adig	14
Lgig_156439	14	Lgig	14b
Bnat_90901	14	Bnat	14a
Pisp_68567	14	Pisp	14bcde
Nvec_XP_001641018	14	Nvec	14e
Cowc_CAOG_01403	14	Cowc	14
Rirr_324218	14	Rirr	14
Esil_CBJ30403	14	Esil	14
Amac_02546	14	Amac	14bcde
Hsap_ENSP00000276594	14	Hsap	14c
Gthe_99101	14	Gthe	14
Scil_48982	14	Scil	14
Apar_comp18210_c0_seq1_fr4	14	Apar	14
Rirr_89547	14	Rirr	14
Adig_23202v118285	14	Adig	14b
Skow_XP_002737396	14	Skow	14
Pisp_69677	14	Pisp	14bcde
Amac_06039	14	Amac	14
Rirr_84100	14	Rirr	14
Hsap_ENSP00000384725	14	Hsap	14d
Hsap_ENSP00000358092	14	Hsap	14e
Pmar_XP_002766618	14	Pmar	14
Amac_01030	14	Amac	14bcde
Scer_SCRT_04921	15	Scer	15
Sagg_79832	15	Sagg	15
Pmar_XP_002778734	15	Pmar	15
Tgon_XP_002370918	15	Tgon	15
Aker_53277	15	Aker	15
Pfal_Q8IIL1_Q8IIL1	15	Pfal	15
Aker_57510	15	Aker	15
Acas_g4936	15	Acas	15
Tcru_XP_819967	15	Tcru	15
Ppal_EFA80047_1	15	Ppal	15
Ehux_103292	15	Ehux	15
Lmaj_XP_001681117	15	Lmaj	15
Tcru_XP_813739	15	Tcru	15
Gthe_120234	15	Gthe	15
Pinf_XP_002901357	16	Pinf	16
Ddis_XP_647409	16	Ddis	16
Mlei_ML003211a	16	Mlei	16
Bsal_BS83695	16	Bsal	16
Tgon_XP_002368273	16	Tgon	16
Mbre_XP_001749562	16	Mbre	16
Bnat_131745	16	Bnat	16
Ehux_204100	16	Ehux	16
Lmaj_XP_001683692	16	Lmaj	16
Ncra_7768NCU08790	16	Ncra	16
Vcar_XP_002956564	16	Vcar	16
Nspp_5347_fr6	16	Nspp	16
Sros_PTSG_01403	16	Sros	16
Mvib_comp8761_c1_seq1_fr5	16	Mvib	16
Bnat_135991	16	Bnat	16
Tgon_XP_002371618	16	Tgon	16
Ptri_XP_002179146	16	Ptri	16
Cfra_3630T1	16	Cfra	16
Ppat_XP_001772391	16	Ppat	16
Mpus_Micpu155043	16	Mpus	16
Gthe_104225	16	Gthe	16
Acas_g9771	16	Acas	16
Dmel_FBpp0087091	17	Dmel	17
Acas_g7722	17	Acas	17
Bsal_BS45760	17	Bsal	17
Scil_46955	17	Scil	17
Mpus_Micpu50143	17	Mpus	17
Ddis_XP_629340	17	Ddis	17
Ppal_EFA86539_1	17	Ppal	17
Ehux_193798	17	Ehux	17
Cowc_CAOG_00050	17	Cowc	17
Ncra_2647NCU02962	17	Ncra	17
Lmaj_XP_001686198	17	Lmaj	17
Acoe_002_00665	18	Acoe	18
Crei_XP_001701010	18	Crei	18
Smoe_XP_002990851	18	Smoe	18
Smoe_XP_002988390	18	Smoe	18
Smoe_XP_002982699	18	Smoe	18
Smoe_XP_002990571	18	Smoe	18
Smoe_XP_002975639	18	Smoe	18
Smoe_XP_002991840	18	Smoe	18
Amac_10326	18	Amac	18
Smoe_XP_002981230	18	Smoe	18
Smoe_XP_002971811	18	Smoe	18
Mcir_Mucci2_109312	18	Mcir	18
Rory_6165	18	Rory	18
Smoe_XP_002980178	18	Smoe	18
Ncra_794NCU00870	18	Ncra	18
Cele_Y32F6A_1_1	18	Cele	18
Sros_PTSG_04361	18	Sros	18
Smoe_XP_002975811	18	Smoe	18
Smoe_XP_002978194	18	Smoe	18
Smoe_XP_002966366	18	Smoe	18
Crei_XP_001701009	18	Crei	18
Ppal_EFA83360_1	18	Ppal	18
Smoe_XP_002973763	18	Smoe	18
Sbic_01g045950	18	Sbic	18
Spun_SPPG_04074	18	Spun	18
Ccor_135587	18	Ccor	18
Smoe_XP_002983641	18	Smoe	18
Sarc_SARC_09048	18	Sarc	18
Mver_00240	18	Mver	18
Mcir_Mucci2_106871	18	Mcir	18
Ppat_XP_001778358	18	Ppat	18
Pbla_Phybl2_134258	18	Pbla	18
Bdis_1g73790	18	Bdis	18
Otau_XP_003081858	18	Otau	18
Rall_366	18	Rall	18
Smoe_XP_002972331	18	Smoe	18
Smoe_XP_002963144	18	Smoe	18
Smoe_XP_002979364	18	Smoe	18
Smoe_XP_002973616	18	Smoe	18
Crei_XP_001701008	18	Crei	18
Pbla_Phybl2_108062	18	Pbla	18
Atha_AT1G26760	18	Atha	18
Tmel_XP_002836440	18	Tmel	18
Ppat_XP_001770248	18	Ppat	18
Amac_03048	18	Amac	18
Ppat_XP_001786289	18	Ppat	18
Umay_XP_758014	18	Umay	18
Mpus_Micpu205714	18	Mpus	18
Ccin_CC1G_05693	18	Ccin	18
Smoe_XP_002979745	18	Smoe	18
Ppal_EFA77024_1	18	Ppal	18
Amac_03049	18	Amac	18
Mgut_mgv1a019293m	18	Mgut	18
Scil_51071	18	Scil	18
Smoe_XP_002990338	18	Smoe	18
Cpar_30297Contig7977	19	Cpar	19
Tpse_XP_002295884	19	Tpse	19
Aker_58374	19	Aker	19
Sagg_87985	19	Sagg	19
Ddis_XP_636817	19	Ddis	19
Ddis_XP_647487	19	Ddis	19
Ppal_EFA75028_1	19	Ppal	19
Gthe_108853	19	Gthe	19
Aker_59574	19	Aker	19
Ppal_EFA80143_1	19	Ppal	19
Bsal_BS34450	19	Bsal	19
Tpse_XP_002295028	19	Tpse	19
Cmer_CMN207C	20	Cmer	20
Ppat_XP_001754252	20	Ppat	20
Otau_XP_003081307	20	Otau	20
Mver_07617	20	Mver	20
Aano_F0XXC3	20	Aano	20
Mgut_mgv1a004696m	20	Mgut	20
Sbic_04g029430	20	Sbic	20
Acoe_001_00751	20	Acoe	20
Esil_CBJ29688	20	Esil	20
Atha_AT3G07670	20	Atha	20
Pyez_44569_g9912	20	Pyez	20
Ccri_T00006620001	20	Ccri	20
Smoe_XP_002974548	20	Smoe	20
Tpse_XP_002286075	20	Tpse	20
Smoe_XP_002963244	20	Smoe	20
Ptri_XP_002185762	20	Ptri	20
Mpus_Micpu122950	20	Mpus	20
Bdis_3g56450	20	Bdis	20
Acoe_002_01301	21	Acoe	21
Ppat_XP_001771149	21	Ppat	21
Smoe_XP_002994017	21	Smoe	21
Ptet_A0DV50_A0DV50	21	Ptet	21
Atha_AT4G20130	21	Atha	21
Mgut_mgv1a005196m	21	Mgut	21
Tthe_XP_001015055	21	Tthe	21
Sbic_09g030160	21	Sbic	21
Ptet_A0ECS5_A0ECS5	21	Ptet	21
Ptet_A0EI13_A0EI13	21	Ptet	21
Bdis_2g14720	21	Bdis	21
Smoe_XP_002987941	21	Smoe	21
Bnat_91950	21	Bnat	21
Mgut_mgv1a024773m	21	Mgut	21
Nspp_17674_fr6	22	Nspp	22
Vcar_XP_002947838	22	Vcar	22
Cpar_7249Contig38650	22	Cpar	22
Cvar_EFN58197	22	Cvar	22
Ptri_XP_002183265	22	Ptri	22
Bsal_BS15900	22	Bsal	22
Bnat_142128	22	Bnat	22
Pmar_XP_002780642	23	Pmar	23
Tgon_XP_002365375	23	Tgon	23
Pbla_Phybl2_182546	23	Pbla	23
Cele_C07A9_7a	23	Cele	23
Rory_3197	23	Rory	23
Acas_g7538	23	Acas	23
Lmaj_XP_001683417	23	Lmaj	23
Sros_PTSG_06889	23	Sros	23
Cang_345912	23	Cang	23
Pfal_Q8IDE8_Q8IDE8	23	Pfal	23
Crev_44617	23	Crev	23
Umar_257427	23	Umar	23
Ddis_XP_002649106	23	Ddis	23
Mbre_XP_001746892	23	Mbre	23
Otau_XP_003078978	23	Otau	23
Tcru_XP_808430	23	Tcru	23
Ngad_06548	23	Ngad	23
Mvib_comp11698_c0_seq1_fr6	23	Mvib	23
Nspp_9529_fr1	23	Nspp	23
Acas_g4479	23	Acas	23
Tcru_XP_807159	23	Tcru	23
Mcir_Mucci2_106522	23	Mcir	23
Gpro_156978	23	Gpro	23
Ehux_449623	23	Ehux	23
Esil_CBN74163	23	Esil	23
Pmar_XP_002771602	23	Pmar	23
Clim_g4632	23	Clim	23
Bden_Batde5_90401	23	Bden	23
Ddis_XP_646203	23	Ddis	23
Ccin_CC1G_07286	23	Ccin	23
Cvar_EFN52201	23	Cvar	23
Spun_SPPG_04849	23	Spun	23
Ehux_215475	24	Ehux	24
Nspp_5247_fr1	24	Nspp	24
Nspp_5246_fr2	24	Nspp	24
Ehux_116679	24	Ehux	24
Esil_CBJ31821	24	Esil	24
Aker_60563	24	Aker	24
Tgon_XP_002367068	24	Tgon	24
Smoe_XP_002993931	24	Smoe	24
Smoe_XP_002962575	24	Smoe	24
Cowc_CAOG_08663	24	Cowc	24
Mgut_mgv1a005857m	25	Mgut	25
Ptri_XP_002182379	25	Ptri	25
Smoe_XP_002960830	25	Smoe	25
Acoe_027_00195	25	Acoe	25
Tpse_XP_002289165	25	Tpse	25
Smoe_XP_002988920	25	Smoe	25
Ddis_XP_647084	25	Ddis	25
Smoe_XP_002989713	25	Smoe	25
Smoe_XP_002966891	25	Smoe	25
Bnat_136247	25	Bnat	25
Gpro_130154	25	Gpro	25
Smoe_XP_002960832	25	Smoe	25
Smoe_XP_002991767	25	Smoe	25
Pmar_XP_002782260	25	Pmar	25
Gthe_73393	25	Gthe	25
Ptri_XP_002180352	25	Ptri	25
Smoe_XP_002960159	25	Smoe	25
Pmar_XP_002769782	25	Pmar	25
Bnat_137864	25	Bnat	25
Smoe_XP_002992361	25	Smoe	25
Bden_Batde5_27333	25	Bden	25
Ppat_XP_001774257	25	Ppat	25
Smoe_XP_002974908	25	Smoe	25
Aano_F0YBY0	25	Aano	25
Atha_AT3G55080	25	Atha	25
Ppat_XP_001783777	25	Ppat	25
Ppal_EFA81400_1	25	Ppal	25
Esil_CBJ33334	25	Esil	25
Smoe_XP_002961120	25	Smoe	25
Smoe_XP_002960831	25	Smoe	25
Smoe_XP_002983976	25	Smoe	25
Ptri_XP_002178424	25	Ptri	25
Smoe_XP_002983839	25	Smoe	25
Smoe_XP_002967739	25	Smoe	25
Ptet_A0DHF9_A0DHF9	26	Ptet	26
Fgra_FGSG_08862	26	Fgra	26
Bnat_47055	26	Bnat	26
Ptri_XP_002183467	26	Ptri	26
Bnat_51539	26	Bnat	26
Rfil_24771_5c	26	Rfil	26
Acas_g7267	26	Acas	26
Ptet_A0DC90_A0DC90	26	Ptet	26
Aker_60871	26	Aker	26
Tpse_XP_002295030	26	Tpse	26
Bnat_87809	26	Bnat	26
Tthe_XP_001009518	26	Tthe	26
Rfil_51688_4s1f1	26	Rfil	26
Tthe_XP_001008992	26	Tthe	26
Ptet_A0D0I4_A0D0I4	26	Ptet	26
Gthe_147375	26	Gthe	26
Aano_F0YNA7	26	Aano	26
Ngad_00769	26	Ngad	26
Bnat_91120	26	Bnat	26
Ncra_1923NCU02158	26	Ncra	26
Tthe_XP_001021989	26	Tthe	26
Rirr_345750	27	Rirr	27
Tpse_XP_002296687	27	Tpse	27
Ngru_XP_002681273	27	Ngru	27
Crei_XP_001703683	27	Crei	27
Gthe_148776	27	Gthe	27
Ptri_XP_002176313	28	Ptri	28
Bnat_76140	28	Bnat	28
Ehux_223194	28	Ehux	28
Tcru_XP_815256	28	Tcru	28
Tcru_XP_819951	28	Tcru	28
Acas_g9677	28	Acas	28
Sarc_SARC_10855	28	Sarc	28
Cfra_4843T1	28	Cfra	28
Sarc_SARC_01035	28	Sarc	28
Ehis_357_m00040	28	Ehis	28
Ttra_AMSG_10303	28	Ttra	28
Lmaj_XP_001682529	28	Lmaj	28
Bnat_68204	28	Bnat	28
Cfra_2216T1	28	Cfra	28
Mver_00444	28	Mver	28
Ehis_175_m00101	29	Ehis	29
Ehis_293_m00061	29	Ehis	29
Acas_g5076	29	Acas	29
Ppal_EFA80942_1	29	Ppal	29
Ddis_XP_629629	29	Ddis	29
Cang_50545	29	Cang	29
Rall_1996	29	Rall	29
Ehis_32_m00242	29	Ehis	29
Cang_73015	29	Cang	29
Tcru_XP_802331	29	Tcru	29
Rall_5223	30	Rall	30a
Mcir_Mucci2_183066	30	Mcir	30a
Mver_10454	30	Mver	30a
Nspp_14963_fr5	30	Nspp	30a
Umar_225992	30	Umar	30a
Skow_XP_002737626	30	Skow	30a
Ihof_3025	30	Ihof	30a
Gthe_106158	30	Gthe	30a
Rory_10421	30	Rory	30a
Cvar_EFN55457	30	Cvar	30a
Pinf_XP_002997928	30	Pinf	30a
Lgig_210687	30	Lgig	30a
Tmel_XP_002838074	30	Tmel	30a
Cang_64968	30	Cang	30a
Hmag_XP_002160713	30	Hmag	30a
Nvec_XP_001625323	30	Nvec	30a
Pbla_Phybl2_161758	30	Pbla	30a
Apar_comp69060_c0_seq1_fr5	30	Apar	30a
Spur_XP_001201449	30	Spur	30a
Hsap_ENSP00000329189	30	Hsap	30a
Amac_05234	30	Amac	30a
Bden_Batde5_23340	30	Bden	30a
Cint_ENSCINP00000020275	30	Cint	30a
Scil_69782	30	Scil	30a
Ccor_86723	30	Ccor	30a
Crev_10775	30	Crev	30a
Ctel_140019	30	Ctel	30a
Rirr_97053	30	Rirr	30a
Mvib_comp9388_c0_seq1_fr4	30	Mvib	30a
Mcir_Mucci2_83879	31	Mcir	31
Ddis_XP_642738	31	Ddis	31
Sarc_SARC_00017	31	Sarc	31
Pisp_13055	31	Pisp	31
Acas_g9840	31	Acas	31
Sarc_SARC_03282	31	Sarc	31
Mver_07756	31	Mver	31
Bsal_BS08375	31	Bsal	31
Spun_SPPG_02658	31	Spun	31
Rfil_12413_15cf1	31	Rfil	31
Apar_comp19285_c0_seq1_fr5	31	Apar	31
Tpse_XP_002292313	31	Tpse	31
Ihof_2778	31	Ihof	31
Tpse_XP_002292460	31	Tpse	31
Cfra_2215T1	31	Cfra	31
Tthe_XP_001014276	31	Tthe	31
Pbla_Phybl2_146259	31	Pbla	31
Ptri_XP_002179500	32	Ptri	32
Ptri_XP_002178582	32	Ptri	32
Tcru_XP_813687	32	Tcru	32
Ptri_XP_002180933	32	Ptri	32
Tpse_XP_002294686	32	Tpse	32
Tpse_XP_002290162	32	Tpse	32
Aano_F0Y9B5	32	Aano	32
Ptri_XP_002176598	32	Ptri	32
Tcru_XP_819325	32	Tcru	32
Otau_XP_003083373	32	Otau	32
Tpse_XP_002295860	32	Tpse	32
Rfil_3716423_1s	32	Rfil	32
Tpse_XP_002288187	32	Tpse	32
Rfil_3793145_3s	32	Rfil	32
Tpse_XP_002286409	32	Tpse	32
Tthe_XP_001022867	32	Tthe	32
Tpse_XP_002296236	32	Tpse	32
Ptri_XP_002178236	32	Ptri	32
Ptri_XP_002176608	32	Ptri	32
Nvec_XP_001629819	33	Nvec	33a
Vcar_XP_002951655	33	Vcar	33a
Cgig_10004098	33	Cgig	33a
Scer_SCRT_00269	33	Scer	33a
Spur_XP_787519	33	Spur	33a
Skow_XP_002731242	33	Skow	33a
Ctel_151537	33	Ctel	33a
Mbre_XP_001748684	33	Mbre	33a
Umar_246787	33	Umar	33a
Rirr_156604	33	Rirr	33a
Mver_06965	33	Mver	33a
Cneo_XP_567975	33	Cneo	33a
Scil_68011	33	Scil	33a
Aque_XP_003382977	33	Aque	33a
Spom_NP_594072_1	33	Spom	33a
Lgig_217400	33	Lgig	33a
Cang_156814	33	Cang	33a
Umay_XP_759768	33	Umay	33a
Ccin_CC1G_03233	33	Ccin	33a
Mcir_Mucci2_106194	33	Mcir	33a
Rory_11187	33	Rory	33a
Crei_XP_001703371	33	Crei	33a
Amac_13919	33	Amac	33a
Otau_XP_003079418	33	Otau	33a
Ncra_8714NCU09827	33	Ncra	33a
Mpus_Micpu197287	33	Mpus	33a
Hsap_ENSP00000219315	33	Hsap	33a
Ocar_g5802_t1	33	Ocar	33a
Fgra_FGSG_13489	33	Fgra	33a
Cint_ENSCINP00000020186	33	Cint	33a
Sros_PTSG_01368	33	Sros	33a
Aker_52254	34	Aker	34
Mpus_Micpu59628	34	Mpus	34
Cpar_17438Contig12482	34	Cpar	34
Ccin_CC1G_02952	34	Ccin	34
Ncra_8418NCU09495	34	Ncra	34
Gthe_134519	34	Gthe	34
Fgra_FGSG_11267	34	Fgra	34
Rfil_98732_6cf1	35	Rfil	35
Ncra_8877NCU10039	35	Ncra	35
Pinf_XP_002908311	35	Pinf	35
Ptri_XP_002178104	35	Ptri	35
Tmel_XP_002841392	35	Tmel	35
Pmar_XP_002765240	35	Pmar	35
Gthe_143201	35	Gthe	35
Spun_SPPG_00764	36	Spun	36
Cvar_EFN53641	36	Cvar	36
Cowc_CAOG_03954	36	Cowc	36
Ihof_8584	36	Ihof	36
Ccin_CC1G_03986	36	Ccin	36
Sarc_SARC_01700	36	Sarc	36
Mpus_Micpu58454	36	Mpus	36
Mlei_ML12425a	36	Mlei	36
Ccin_CC1G_03976	36	Ccin	36
Ccin_CC1G_11459	36	Ccin	36
Cfra_5926T1	36	Cfra	36
Pinf_XP_002998487	36	Pinf	36
Mbre_XP_001748272	36	Mbre	36
Ccin_CC1G_07521	36	Ccin	36
Ccin_CC1G_11463	36	Ccin	36
Vcar_XP_002949278	36	Vcar	36
Esil_CBJ31723	36	Esil	36
Apar_comp17667_c0_seq1_fr5	36	Apar	36
Gthe_164767	36	Gthe	36
Sagg_93319	36	Sagg	36
Ccin_CC1G_07522	36	Ccin	36
Ccin_CC1G_15570	36	Ccin	36
Otau_XP_003078319	37	Otau	37
Acas_g11639	37	Acas	37
Gthe_104681	37	Gthe	37
Bnat_87612	37	Bnat	37
Bnat_134142	37	Bnat	37
Acas_g14733	37	Acas	37
Mpus_Micpu55322	37	Mpus	37
Spur_XP_798530	38	Spur	38a
Cfra_1641T1	38	Cfra	38a
Bnat_89596	38	Bnat	38a
Ppal_EFA76078_1	38	Ppal	38a
Ddis_XP_646263	38	Ddis	38a
Gthe_112741	38	Gthe	38a
Gpro_40672	38	Gpro	38a
Ihof_9696	38	Ihof	38a
Ocar_g6160_t1	38	Ocar	38a
Bden_Batde5_86177	38	Bden	38a
Mbre_XP_001745126	38	Mbre	38a
Apar_comp23864_c1_seq1_fr6	38	Apar	38a
Scil_45327	38	Scil	38
Nvec_XP_001633261	38	Nvec	38a
Cint_ENSCINP00000009807	38	Cint	38a
Bnat_69062	38	Bnat	38
Hsap_ENSP00000327436	38	Hsap	38a
Cowc_CAOG_03170	38	Cowc	38a
Lgig_118649	38	Lgig	38a
Ctel_181634	38	Ctel	38a
Scil_54307	39	Scil	39
Bsal_BS31705	39	Bsal	39
Tcru_XP_805712	39	Tcru	39
Tcru_XP_815053	39	Tcru	39
Ngru_XP_002671481	39	Ngru	39
Acas_g14290	39	Acas	39
Spom_NP_588349_1	39	Spom	39
Cele_Y92H12BR_6	39	Cele	39
Esil_CBJ30557	39	Esil	39
Fgra_FGSG_01400	40	Fgra	40
Ncra_1859NCU02088	40	Ncra	40
Otau_XP_003083390	41	Otau	41
Lmaj_XP_001682042	41	Lmaj	41
Rfil_3789974_4s1f1	41	Rfil	41
Bsal_BS32985	41	Bsal	41
Tcru_XP_805087	41	Tcru	41
Tcru_XP_821804	41	Tcru	41
Ehux_207150	41	Ehux	41
Apar_comp18566_c0_seq1_fr6	42	Apar	42
Ihof_871	42	Ihof	42
Ttra_AMSG_04237	42	Ttra	42
Gthe_114060	42	Gthe	42
Mbre_XP_001747639	42	Mbre	42
Crei_XP_001689685	43	Crei	43
Vcar_XP_002953997	43	Vcar	43
Gpro_296781	43	Gpro	43
Otau_XP_003079708	43	Otau	43
Bnat_71449	43	Bnat	43
Ddis_XP_637036	44	Ddis	44
Ppal_EFA82762_1	44	Ppal	44
Bdis_1g28267	44	Bdis	44
Mpus_Micpu60905	44	Mpus	44
Gthe_109909	44	Gthe	44
Smoe_XP_002991099	44	Smoe	44
Acoe_002_01366	44	Acoe	44
Aker_50153	44	Aker	44
Ccri_T00006890001	44	Ccri	44
Pmar_XP_002775574	44	Pmar	44
Sbic_02g032970	44	Sbic	44
Smoe_XP_002991656	44	Smoe	44
Vcar_XP_002948672	44	Vcar	44
Crei_XP_001696150	44	Crei	44
Atha_AT5G17240	44	Atha	44
Ppat_XP_001763237	44	Ppat	44
Mgut_mgv1a007180m	45	Mgut	45
Crei_XP_001693810	45	Crei	45
Ptri_XP_002182999	45	Ptri	45
Atha_AT2G17900	45	Atha	45
Acoe_082_00002	45	Acoe	45
Mlei_ML205611a	45	Mlei	45
Mlei_ML16213a	45	Mlei	45
Ehux_454711	45	Ehux	45
Smoe_XP_002981276	45	Smoe	45
Mpus_Micpu58542	45	Mpus	45
Sbic_01g010740	45	Sbic	45
Bdis_1g11010	45	Bdis	45
Mlei_ML13116a	45	Mlei	45
Vcar_XP_002948967	45	Vcar	45
Mlei_ML05941a	45	Mlei	45
Mlei_ML22756a	45	Mlei	45
Smoe_XP_002969663	45	Smoe	45
Ppat_XP_001778213	45	Ppat	45
Mgut_mgv1a005471m	45	Mgut	45
Tpse_XP_002290198	45	Tpse	45
Vcar_XP_002948876	45	Vcar	45
Mgut_mgv1a006005m	45	Mgut	45
Tcru_XP_819478	46	Tcru	46
Tpse_XP_002297128	46	Tpse	46
Tpse_XP_002287161	46	Tpse	46
Ehux_99883	46	Ehux	46
Lmaj_XP_001683376	46	Lmaj	46
Tcru_XP_816776	46	Tcru	46
Skow_XP_002740933	47	Skow	47
Ctel_90747	47	Ctel	47
Hmag_XP_002159692	47	Hmag	47
Lgig_143433	47	Lgig	47
Adig_6000v123107	47	Adig	47
Cgig_10012735	47	Cgig	47
Pmar_XP_002786654	47	Pmar	47
Ctel_118237	47	Ctel	47
Candidatus_Micrarchaeum_acidiphilum_	47	Candidatus	47
Gthe_116344	48	Gthe	48
Cvar_EFN50775	48	Cvar	48
Aano_F0YJ55	48	Aano	48
Cvar_EFN56803	48	Cvar	48
Mvib_comp7241_c1_seq1_fr4	49	Mvib	49
Smoe_XP_002960348	49	Smoe	49
Sarc_SARC_05171	49	Sarc	49
Ppat_XP_001758194	49	Ppat	49
Smoe_XP_002967367	49	Smoe	49
Ngad_05719	49	Ngad	49
Gpro_135736	49	Gpro	49
Ehux_227470	49	Ehux	49
Ptri_XP_002177555	49	Ptri	49
Vcar_XP_002954435	49	Vcar	49
Ccin_CC1G_15023	49	Ccin	49
Crei_XP_001694205	49	Crei	49
Gthe_100566	49	Gthe	49
Cint_ENSCINP00000006865	49	Cint	49
Acas_g11782	49	Acas	49
Vcar_XP_002950723	49	Vcar	49
Cfra_1843T1	49	Cfra	49
Cpar_16679Contig11180	49	Cpar	49
Bnat_66820	49	Bnat	49
Smoe_XP_002965462	50	Smoe	50
Sarc_SARC_00311	50	Sarc	50
Bnat_90881	50	Bnat	50
Ppat_XP_001754113	50	Ppat	50
Otau_XP_003082564	50	Otau	50
Smoe_XP_002993188	50	Smoe	50
Mpus_Micpu178115	51	Mpus	51
Bsal_BS64390	51	Bsal	51
Smoe_XP_002960727	52	Smoe	52
Gthe_134587	52	Gthe	52
Mgut_mgv1a005377m	52	Mgut	52
Ppat_XP_001785817	52	Ppat	52
Bdis_4g30040	52	Bdis	52
Atha_AT1G14030	52	Atha	52
Smoe_XP_002983944	52	Smoe	52
Acoe_002_00689	52	Acoe	52
Sbic_02g024510	52	Sbic	52
Cfra_1710T1	53	Cfra	53
Pmar_XP_002770949	53	Pmar	53
Apar_comp22796_c1_seq1_fr5	53	Apar	53
Pmar_XP_002778246	53	Pmar	53
Ihof_7302	53	Ihof	53
Rory_16826	54	Rory	54
Umar_191570	54	Umar	54
Pbla_Phybl2_98969	54	Pbla	54
Cgig_10010760	54	Cgig	54
Acas_g3116	54	Acas	54
Lgig_232186	54	Lgig	54
Lgig_160845	54	Lgig	54
Mver_07358	54	Mver	54
Mcir_Mucci2_142882	54	Mcir	54
Cgig_10010761	54	Cgig	54
Ehux_449359	55	Ehux	55
Tcru_XP_815712	55	Tcru	55
Nspp_11197_fr2	55	Nspp	55
Umay_XP_758615	55	Umay	55
Tcru_XP_821968	55	Tcru	55
Ccin_CC1G_05287	55	Ccin	55
Bsal_BS57140	55	Bsal	55
Ehux_448796	55	Ehux	55
Mpus_Micpu57921	55	Mpus	55
Apar_comp18491_c0_seq1_fr5	55	Apar	55
Cneo_XP_569210	55	Cneo	55
Lmaj_XP_001681739	55	Lmaj	55
Pfal_Q8I352_Q8I352	56	Pfal	56
Apar_comp13703_c0_seq1_fr5	56	Apar	56
Pmar_XP_002777347	57	Pmar	57
Ptri_XP_002182882	57	Ptri	57
Cpar_29282Contig7038	57	Cpar	57
Pmar_XP_002768910	57	Pmar	57
Mpus_Micpu192522	57	Mpus	57
Sarc_SARC_12000	58	Sarc	58
Mlei_ML167015a	58	Mlei	58
Nvec_XP_001627273	59	Nvec	59
Vcar_XP_002956736	59	Vcar	59
Mgut_mgv1a002206m	59	Mgut	59
Bdis_3g30360	59	Bdis	59
Atha_AT1G33400	59	Atha	59
Mbre_XP_001745265	59	Mbre	59
Scil_46411	59	Scil	59
Crei_XP_001700164	59	Crei	59
Ppat_XP_001754073	59	Ppat	59
Apar_comp13957_c2_seq1_fr5	59	Apar	59
Bden_Batde5_87992	59	Bden	59
Cint_ENSCINP00000026472	59	Cint	59
Vcar_XP_002949210	59	Vcar	59
Cvar_EFN59915	59	Cvar	59
Fgra_FGSG_04651	60	Fgra	60
Ptri_XP_002185512	60	Ptri	60
Fgra_FGSG_00040	60	Fgra	60
Tpse_XP_002294212	60	Tpse	60
Ehux_434670	61	Ehux	61
Cang_123406	61	Cang	61
Amac_06340	61	Amac	61
Rfil_3803193_1s1f1	61	Rfil	61
Ehux_367482	61	Ehux	61
Cele_W01C8_4b	61	Cele	61
Apar_comp4722_c0_seq1_fr4	61	Apar	61
Aano_F0Y597	61	Aano	61
Cang_63048	61	Cang	61
Acas_g4900	61	Acas	61
Rory_14281	62	Rory	62
Gthe_115058	62	Gthe	62
Dmel_FBpp0074807	62	Dmel	62
Bsal_BS38710	62	Bsal	62
Bsal_BS66035	62	Bsal	62
Dmel_FBpp0086127	62	Dmel	62
Bsal_BS38715	62	Bsal	62
Sarc_SARC_10794	62	Sarc	62
Bsal_BS15675	62	Bsal	62
Nspp_11131_fr3	62	Nspp	62
Cpar_6433Contig37665	62	Cpar	62
Aano_F0YKM1	63	Aano	63
Tpse_XP_002294102	63	Tpse	63
Pmar_XP_002786443	63	Pmar	63
Cowc_CAOG_05400	63	Cowc	63
Otau_XP_003074252	63	Otau	63
Bnat_134149	63	Bnat	63
Aker_100229	63	Aker	63
Rfil_3735841_7s	63	Rfil	63
Cowc_CAOG_04380	63	Cowc	63
Tpse_XP_002293273	63	Tpse	63
Pmar_XP_002787788	63	Pmar	63
Bnat_72013	63	Bnat	63
Tpse_XP_002292274	63	Tpse	63
Sros_PTSG_04969	63	Sros	63
Otau_XP_003078489	63	Otau	63
Tpse_XP_002287611	63	Tpse	63
Aano_F0YHL9	63	Aano	63
Tpse_XP_002294128	63	Tpse	63
Cvar_EFN53212	63	Cvar	63
Mpus_Micpu146864	63	Mpus	63
Ehux_242773	64	Ehux	64
Ehux_220349	64	Ehux	64
Ehux_111657	64	Ehux	64
Otau_XP_003082984	64	Otau	64
Ppat_XP_001755464	64	Ppat	64
Apar_comp13070_c1_seq1_fr6	65	Apar	65
Aker_56423	65	Aker	65
Glam_XP_001705534	66	Glam	66
Aano_F0XYZ4	66	Aano	66
Aano_F0XZE1	66	Aano	66
Esil_CBN78619	66	Esil	66
Aker_62099	66	Aker	66
Ehux_211778	66	Ehux	66
Ehux_235309	66	Ehux	66
Ehux_107247	67	Ehux	67
Gthe_121141	67	Gthe	67
Ehux_242820	67	Ehux	67
Crei_XP_001692007	67	Crei	67
Cele_Y71H2AM_8	67	Cele	67
Gthe_109934	68	Gthe	68
Sros_PTSG_06018	68	Sros	68
Cpar_15254Contig9229	68	Cpar	68
Mpus_Micpu59996	68	Mpus	68
Aano_F0YD82	69	Aano	69
Sarc_SARC_05902	69	Sarc	69
Mpus_Micpu58974	69	Mpus	69
Vcar_XP_002950612	69	Vcar	69
Ehux_228606	70	Ehux	70
Ehux_207807	70	Ehux	70
Mpus_Micpu209945	70	Mpus	70
Gthe_120372	70	Gthe	70
Pyez_16402_g3986	71	Pyez	71
Aano_F0YC01	71	Aano	71
Scil_42146	71	Scil	71
Scil_44857	71	Scil	71
Pfal_Q8I5R3_Q8I5R3	71	Pfal	71
Crei_XP_001693751	72	Crei	72
Vcar_XP_002949173	72	Vcar	72
Ihof_8776	72	Ihof	72
Cvar_EFN51653	72	Cvar	72
Apar_comp15138_c0_seq1_fr6	72	Apar	72
Ngru_XP_002671048	73	Ngru	73
Ccor_74124	73	Ccor	73
Tcru_XP_819619	73	Tcru	73
Tcru_XP_811365	73	Tcru	73
Ttra_AMSG_10069	73	Ttra	73
Bsal_BS47385	73	Bsal	73
Lmaj_XP_001680872	73	Lmaj	73
Cvar_EFN56428	73	Cvar	73
Ptri_XP_002186360	74	Ptri	74
Vcar_XP_002952617	74	Vcar	74
Crei_XP_001694672	74	Crei	74
Bsal_BS30470	75	Bsal	75
Gthe_141117	75	Gthe	75
Sagg_38208	76	Sagg	76
Rirr_5517	76	Rirr	76
Umar_222446	76	Umar	76
Tcru_XP_819867	76	Tcru	76
Sarc_SARC_14637	76	Sarc	76
Mcir_Mucci2_112353	76	Mcir	76
Ppal_EFA82935_1	76	Ppal	76
Mver_04558	76	Mver	76
Cneo_XP_569679	76	Cneo	76
Acas_g4318	76	Acas	76
Cfra_1743T1	76	Cfra	76
Apar_comp14767_c0_seq1_fr6	76	Apar	76
Pmar_XP_002773875	76	Pmar	76
Spom_NP_596514_1	76	Spom	76
Mpus_Micpu156466	76	Mpus	76
Pbla_Phybl2_189332	76	Pbla	76
Tcru_XP_820332	76	Tcru	76
Crev_80574	76	Crev	76
Rory_4950	76	Rory	76
Pisp_16258	76	Pisp	76
Tcru_XP_805685	76	Tcru	76
Ccin_CC1G_04780	76	Ccin	76
Ddis_XP_636699	76	Ddis	76
Smoe_XP_002962082	77	Smoe	77
Smoe_XP_002961588	77	Smoe	77
Smoe_XP_002971004	77	Smoe	77
Smoe_XP_002962081	77	Smoe	77
Cpar_23305Contig38514	77	Cpar	77
Fgra_FGSG_03833	77	Fgra	77
Smoe_XP_002971005	77	Smoe	77
Hsap_ENSP00000304360	78	Hsap	78a
Lgig_169490	78	Lgig	78a
Ocar_g9404_t1	78	Ocar	78a
Dmel_FBpp0087625	78	Dmel	78a
Spur_XP_781331	78	Spur	78a
Cpar_27811Contig55046	78	Cpar	78a
Cowc_CAOG_04094	78	Cowc	78a
Ddis_XP_638717	78	Ddis	78
Acas_g2212	78	Acas	78
Skow_XP_002733823	78	Skow	78a
Mlei_ML368810a	78	Mlei	78a
Spur_XP_001181205	78	Spur	78a
Ppal_EFA81042_1	78	Ppal	78a
Hmag_XP_002160254	78	Hmag	78a
Ctel_197951	78	Ctel	78a
Ddis_XP_629223	78	Ddis	78a
Ngru_XP_002670329	79	Ngru	79
Esil_CBN75038	79	Esil	79
Pinf_XP_002901710	79	Pinf	79
Aker_54125	79	Aker	79
Gthe_138770	79	Gthe	79
Bsal_BS06595	79	Bsal	79
Dmel_FBpp0085358	79	Dmel	79
Tcru_XP_815384	80	Tcru	80
Tcru_XP_811859	80	Tcru	80
Bsal_BS12335	80	Bsal	80
Bsal_BS60515	81	Bsal	81
Tcru_XP_817580	81	Tcru	81
Cowc_CAOG_01287	81	Cowc	81
Tcru_XP_819082	81	Tcru	81
Ptri_XP_002183255	82	Ptri	82
Tpse_XP_002287224	82	Tpse	82
Crei_XP_001695318	82	Crei	82
Ccri_T00000804001	82	Ccri	82
Mpus_Micpu152724	83	Mpus	83
Cint_ENSCINP00000004219	83	Cint	83
Mbre_XP_001749762	83	Mbre	83
Pisp_2064	84	Pisp	84
Sarc_SARC_13768	84	Sarc	84
Otau_XP_003079483	84	Otau	84
Ccin_CC1G_04515	84	Ccin	84
Aano_F0XYZ2	84	Aano	84
Ncra_269NCU00296	84	Ncra	84
Ppal_EFA80204_1	84	Ppal	84
Pyez_35808_g8561	84	Pyez	84
Gpro_26820	85	Gpro	85
Mcir_Mucci2_107212	85	Mcir	85
Dmel_FBpp0070406	85	Dmel	85
Dmel_FBpp0071271	85	Dmel	85
Gthe_55948	85	Gthe	85
Tgon_XP_002370230	85	Tgon	85
Gthe_120775	86	Gthe	86
Tcru_XP_810880	86	Tcru	86
Tcru_XP_820419	86	Tcru	86
Lmaj_XP_001683158	86	Lmaj	86
Ddis_XP_647677	87	Ddis	87
Fgra_FGSG_07032	87	Fgra	87
Vcar_XP_002958423	88	Vcar	88
Ihof_7581	88	Ihof	88
Cpar_18258Contig14362	88	Cpar	88
Esil_CBJ49061	89	Esil	89
Mpus_Micpu52497	89	Mpus	89
Vcar_XP_002950044	89	Vcar	89
Vcar_XP_002958609	90	Vcar	90
Crei_XP_001695337	90	Crei	90
Gthe_139093	90	Gthe	90
Ptri_XP_002182466	90	Ptri	90
Mbre_XP_001749926	91	Mbre	91
Mlei_ML064936a	91	Mlei	91
Scil_16111	91	Scil	91
Lmaj_XP_001683686	91	Lmaj	91
Tgon_XP_002366807	91	Tgon	91
Tcru_XP_819332	91	Tcru	91
Fgra_FGSG_12802	92	Fgra	92
Spom_NP_588413_1	92	Spom	92
Ncra_7717NCU08733	93	Ncra	93
Acas_g5159	93	Acas	93
Rirr_12309	93	Rirr	93
Ttra_AMSG_06270	93	Ttra	93
Smoe_XP_002974033	94	Smoe	94
Smoe_XP_002983459	94	Smoe	94
Ppat_XP_001775739	94	Ppat	94
Mpus_Micpu60109	94	Mpus	94
Ptri_XP_002181177	95	Ptri	95
Tpse_XP_002295698	95	Tpse	95
Pyez_19832_g4888	96	Pyez	96
Crei_XP_001698886	96	Crei	96
Cvar_EFN58949	96	Cvar	96
Gthe_102686	96	Gthe	96
Vcar_XP_002952881	96	Vcar	96
Bsal_BS48790	96	Bsal	96
Bsal_BS36695	97	Bsal	97
Tpse_XP_002286979	97	Tpse	97
Sarc_SARC_00798	98	Sarc	98
Bsal_BS60255	98	Bsal	98
