in_gene	out_gene	branch_support	ev_type	sos	in_sps	out_sps
Cfra_1710T1	Bdis_5g22730	1.0	S	0.0	Cfra	Bdis
Cfra_1710T1	Bsal_BS55355	1.0	S	0.0	Cfra	Bsal
Cfra_1710T1	Sbic_06g029440	1.0	S	0.0	Cfra	Sbic
Cfra_1710T1	Smoe_XP_002966643	1.0	S	0.0	Cfra	Smoe
Cfra_1710T1	Mpus_Micpu20125	1.0	S	0.0	Cfra	Mpus
Cfra_1710T1	Ppat_XP_001759368	1.0	S	0.0	Cfra	Ppat
Cfra_1710T1	Cvar_EFN50876	1.0	S	0.0	Cfra	Cvar
Cfra_1710T1	Smoe_XP_002978099	1.0	S	0.0	Cfra	Smoe
Cfra_1710T1	Mgut_mgv1a005946m	1.0	S	0.0	Cfra	Mgut
Cfra_1710T1	Otau_XP_003083145	1.0	S	0.0	Cfra	Otau
Cfra_1710T1	Acoe_005_00445	1.0	S	0.0	Cfra	Acoe
Cfra_1710T1	Atha_AT3G21820	1.0	S	0.0	Cfra	Atha
Apar_comp22796_c1_seq1_fr5	Bdis_5g22730	1.0	S	0.0	Apar	Bdis
Apar_comp22796_c1_seq1_fr5	Bsal_BS55355	1.0	S	0.0	Apar	Bsal
Apar_comp22796_c1_seq1_fr5	Sbic_06g029440	1.0	S	0.0	Apar	Sbic
Apar_comp22796_c1_seq1_fr5	Smoe_XP_002966643	1.0	S	0.0	Apar	Smoe
Apar_comp22796_c1_seq1_fr5	Mpus_Micpu20125	1.0	S	0.0	Apar	Mpus
Apar_comp22796_c1_seq1_fr5	Ppat_XP_001759368	1.0	S	0.0	Apar	Ppat
Apar_comp22796_c1_seq1_fr5	Cvar_EFN50876	1.0	S	0.0	Apar	Cvar
Apar_comp22796_c1_seq1_fr5	Smoe_XP_002978099	1.0	S	0.0	Apar	Smoe
Apar_comp22796_c1_seq1_fr5	Mgut_mgv1a005946m	1.0	S	0.0	Apar	Mgut
Apar_comp22796_c1_seq1_fr5	Otau_XP_003083145	1.0	S	0.0	Apar	Otau
Apar_comp22796_c1_seq1_fr5	Acoe_005_00445	1.0	S	0.0	Apar	Acoe
Apar_comp22796_c1_seq1_fr5	Atha_AT3G21820	1.0	S	0.0	Apar	Atha
Ihof_7302	Bdis_5g22730	1.0	S	0.0	Ihof	Bdis
Ihof_7302	Bsal_BS55355	1.0	S	0.0	Ihof	Bsal
Ihof_7302	Sbic_06g029440	1.0	S	0.0	Ihof	Sbic
Ihof_7302	Smoe_XP_002966643	1.0	S	0.0	Ihof	Smoe
Ihof_7302	Mpus_Micpu20125	1.0	S	0.0	Ihof	Mpus
Ihof_7302	Ppat_XP_001759368	1.0	S	0.0	Ihof	Ppat
Ihof_7302	Cvar_EFN50876	1.0	S	0.0	Ihof	Cvar
Ihof_7302	Smoe_XP_002978099	1.0	S	0.0	Ihof	Smoe
Ihof_7302	Mgut_mgv1a005946m	1.0	S	0.0	Ihof	Mgut
Ihof_7302	Otau_XP_003083145	1.0	S	0.0	Ihof	Otau
Ihof_7302	Acoe_005_00445	1.0	S	0.0	Ihof	Acoe
Ihof_7302	Atha_AT3G21820	1.0	S	0.0	Ihof	Atha
Cfra_1710T1	Apar_comp22796_c1_seq1_fr5	1.0	S	0.0	Cfra	Apar
Cfra_1710T1	Ihof_7302	1.0	S	0.0	Cfra	Ihof
Cvar_EFN50876	Bdis_5g22730	1.0	S	0.0	Cvar	Bdis
Cvar_EFN50876	Bsal_BS55355	1.0	S	0.0	Cvar	Bsal
Cvar_EFN50876	Sbic_06g029440	1.0	S	0.0	Cvar	Sbic
Cvar_EFN50876	Smoe_XP_002966643	1.0	S	0.0	Cvar	Smoe
Cvar_EFN50876	Mpus_Micpu20125	1.0	S	0.0	Cvar	Mpus
Cvar_EFN50876	Ppat_XP_001759368	1.0	S	0.0	Cvar	Ppat
Cvar_EFN50876	Smoe_XP_002978099	1.0	S	0.0	Cvar	Smoe
Cvar_EFN50876	Mgut_mgv1a005946m	1.0	S	0.0	Cvar	Mgut
Cvar_EFN50876	Otau_XP_003083145	1.0	S	0.0	Cvar	Otau
Cvar_EFN50876	Acoe_005_00445	1.0	S	0.0	Cvar	Acoe
Cvar_EFN50876	Atha_AT3G21820	1.0	S	0.0	Cvar	Atha
Umar_191570	Tcru_XP_822054	1.0	S	0.0	Umar	Tcru
Umar_191570	Ehux_448796	1.0	S	0.0	Umar	Ehux
Umar_191570	Cneo_XP_569210	1.0	S	0.0	Umar	Cneo
Umar_191570	Ehux_449359	1.0	S	0.0	Umar	Ehux
Umar_191570	Lmaj_XP_001683140	1.0	S	0.0	Umar	Lmaj
Umar_191570	Ccin_CC1G_05287	1.0	S	0.0	Umar	Ccin
Umar_191570	Umay_XP_758615	1.0	S	0.0	Umar	Umay
Umar_191570	Tcru_XP_810972	1.0	S	0.0	Umar	Tcru
Pbla_Phybl2_98969	Tcru_XP_822054	1.0	S	0.0	Pbla	Tcru
Pbla_Phybl2_98969	Ehux_448796	1.0	S	0.0	Pbla	Ehux
Pbla_Phybl2_98969	Cneo_XP_569210	1.0	S	0.0	Pbla	Cneo
Pbla_Phybl2_98969	Ehux_449359	1.0	S	0.0	Pbla	Ehux
Pbla_Phybl2_98969	Lmaj_XP_001683140	1.0	S	0.0	Pbla	Lmaj
Pbla_Phybl2_98969	Ccin_CC1G_05287	1.0	S	0.0	Pbla	Ccin
Pbla_Phybl2_98969	Umay_XP_758615	1.0	S	0.0	Pbla	Umay
Pbla_Phybl2_98969	Tcru_XP_810972	1.0	S	0.0	Pbla	Tcru
Mcir_Mucci2_142882	Tcru_XP_822054	1.0	S	0.0	Mcir	Tcru
Mcir_Mucci2_142882	Ehux_448796	1.0	S	0.0	Mcir	Ehux
Mcir_Mucci2_142882	Cneo_XP_569210	1.0	S	0.0	Mcir	Cneo
Mcir_Mucci2_142882	Ehux_449359	1.0	S	0.0	Mcir	Ehux
Mcir_Mucci2_142882	Lmaj_XP_001683140	1.0	S	0.0	Mcir	Lmaj
Mcir_Mucci2_142882	Ccin_CC1G_05287	1.0	S	0.0	Mcir	Ccin
Mcir_Mucci2_142882	Umay_XP_758615	1.0	S	0.0	Mcir	Umay
Mcir_Mucci2_142882	Tcru_XP_810972	1.0	S	0.0	Mcir	Tcru
Mver_07358	Tcru_XP_822054	1.0	S	0.0	Mver	Tcru
Mver_07358	Ehux_448796	1.0	S	0.0	Mver	Ehux
Mver_07358	Cneo_XP_569210	1.0	S	0.0	Mver	Cneo
Mver_07358	Ehux_449359	1.0	S	0.0	Mver	Ehux
Mver_07358	Lmaj_XP_001683140	1.0	S	0.0	Mver	Lmaj
Mver_07358	Ccin_CC1G_05287	1.0	S	0.0	Mver	Ccin
Mver_07358	Umay_XP_758615	1.0	S	0.0	Mver	Umay
Mver_07358	Tcru_XP_810972	1.0	S	0.0	Mver	Tcru
Rory_16826	Tcru_XP_822054	1.0	S	0.0	Rory	Tcru
Rory_16826	Ehux_448796	1.0	S	0.0	Rory	Ehux
Rory_16826	Cneo_XP_569210	1.0	S	0.0	Rory	Cneo
Rory_16826	Ehux_449359	1.0	S	0.0	Rory	Ehux
Rory_16826	Lmaj_XP_001683140	1.0	S	0.0	Rory	Lmaj
Rory_16826	Ccin_CC1G_05287	1.0	S	0.0	Rory	Ccin
Rory_16826	Umay_XP_758615	1.0	S	0.0	Rory	Umay
Rory_16826	Tcru_XP_810972	1.0	S	0.0	Rory	Tcru
Bnat_68204	Aano_F0XZE1	1.0	S	0.0	Bnat	Aano
Apar_comp13070_c1_seq1_fr6	Acas_g9677	1.0	S	0.0	Apar	Acas
Apar_comp13070_c1_seq1_fr6	Aano_F0XYZ4	1.0	S	0.0	Apar	Aano
Apar_comp13070_c1_seq1_fr6	Ehux_235309	1.0	S	0.0	Apar	Ehux
Apar_comp13070_c1_seq1_fr6	Mpus_Micpu183344	1.0	S	0.0	Apar	Mpus
Apar_comp13070_c1_seq1_fr6	Aker_62099	1.0	S	0.0	Apar	Aker
Apar_comp13070_c1_seq1_fr6	Ttra_AMSG_10303	1.0	S	0.0	Apar	Ttra
Apar_comp13070_c1_seq1_fr6	Ehux_211778	1.0	S	0.0	Apar	Ehux
Apar_comp13070_c1_seq1_fr6	Esil_CBN78619	1.0	S	0.0	Apar	Esil
Apar_comp13070_c1_seq1_fr6	Ptri_XP_002176313	1.0	S	0.0	Apar	Ptri
Apar_comp13070_c1_seq1_fr6	Bnat_76140	1.0	S	0.0	Apar	Bnat
Sarc_SARC_10855	Acas_g9677	1.0	S	0.0	Sarc	Acas
Sarc_SARC_10855	Aano_F0XYZ4	1.0	S	0.0	Sarc	Aano
Sarc_SARC_10855	Ehux_235309	1.0	S	0.0	Sarc	Ehux
Sarc_SARC_10855	Mpus_Micpu183344	1.0	S	0.0	Sarc	Mpus
Sarc_SARC_10855	Aker_62099	1.0	S	0.0	Sarc	Aker
Sarc_SARC_10855	Ttra_AMSG_10303	1.0	S	0.0	Sarc	Ttra
Sarc_SARC_10855	Ehux_211778	1.0	S	0.0	Sarc	Ehux
Sarc_SARC_10855	Esil_CBN78619	1.0	S	0.0	Sarc	Esil
Sarc_SARC_10855	Ptri_XP_002176313	1.0	S	0.0	Sarc	Ptri
Sarc_SARC_10855	Bnat_76140	1.0	S	0.0	Sarc	Bnat
Cfra_2216T1	Acas_g9677	1.0	S	0.0	Cfra	Acas
Cfra_2216T1	Aano_F0XYZ4	1.0	S	0.0	Cfra	Aano
Cfra_2216T1	Ehux_235309	1.0	S	0.0	Cfra	Ehux
Cfra_2216T1	Mpus_Micpu183344	1.0	S	0.0	Cfra	Mpus
Cfra_2216T1	Aker_62099	1.0	S	0.0	Cfra	Aker
Cfra_2216T1	Ttra_AMSG_10303	1.0	S	0.0	Cfra	Ttra
Cfra_2216T1	Ehux_211778	1.0	S	0.0	Cfra	Ehux
Cfra_2216T1	Esil_CBN78619	1.0	S	0.0	Cfra	Esil
Cfra_2216T1	Ptri_XP_002176313	1.0	S	0.0	Cfra	Ptri
Cfra_2216T1	Bnat_76140	1.0	S	0.0	Cfra	Bnat
Ehis_357_m00040	Acas_g9677	1.0	S	0.0	Ehis	Acas
Ehis_357_m00040	Aano_F0XYZ4	1.0	S	0.0	Ehis	Aano
Ehis_357_m00040	Ehux_235309	1.0	S	0.0	Ehis	Ehux
Ehis_357_m00040	Mpus_Micpu183344	1.0	S	0.0	Ehis	Mpus
Ehis_357_m00040	Aker_62099	1.0	S	0.0	Ehis	Aker
Ehis_357_m00040	Ttra_AMSG_10303	1.0	S	0.0	Ehis	Ttra
Ehis_357_m00040	Ehux_211778	1.0	S	0.0	Ehis	Ehux
Ehis_357_m00040	Esil_CBN78619	1.0	S	0.0	Ehis	Esil
Ehis_357_m00040	Ptri_XP_002176313	1.0	S	0.0	Ehis	Ptri
Ehis_357_m00040	Bnat_76140	1.0	S	0.0	Ehis	Bnat
Ihof_6005	Acas_g9677	1.0	S	0.0	Ihof	Acas
Ihof_6005	Aano_F0XYZ4	1.0	S	0.0	Ihof	Aano
Ihof_6005	Ehux_235309	1.0	S	0.0	Ihof	Ehux
Ihof_6005	Mpus_Micpu183344	1.0	S	0.0	Ihof	Mpus
Ihof_6005	Aker_62099	1.0	S	0.0	Ihof	Aker
Ihof_6005	Ttra_AMSG_10303	1.0	S	0.0	Ihof	Ttra
Ihof_6005	Ehux_211778	1.0	S	0.0	Ihof	Ehux
Ihof_6005	Esil_CBN78619	1.0	S	0.0	Ihof	Esil
Ihof_6005	Ptri_XP_002176313	1.0	S	0.0	Ihof	Ptri
Ihof_6005	Bnat_76140	1.0	S	0.0	Ihof	Bnat
Mpus_Micpu57921	Cfra_4843T1	1.0	S	0.0	Mpus	Cfra
Mpus_Micpu57921	Crei_XP_001703683	1.0	S	0.0	Mpus	Crei
Mpus_Micpu57921	Sarc_SARC_01035	1.0	S	0.0	Mpus	Sarc
Mpus_Micpu57921	Gthe_148776	1.0	S	0.0	Mpus	Gthe
Mpus_Micpu57921	Lmaj_XP_001680872	1.0	S	0.0	Mpus	Lmaj
Mpus_Micpu57921	Tcru_XP_819619	1.0	S	0.0	Mpus	Tcru
Mpus_Micpu57921	Tcru_XP_811365	1.0	S	0.0	Mpus	Tcru
Mpus_Micpu57921	Lmaj_XP_001682529	1.0	S	0.0	Mpus	Lmaj
Mpus_Micpu57921	Cvar_EFN56428	1.0	S	0.0	Mpus	Cvar
Mpus_Micpu57921	Ngru_XP_002671048	1.0	S	0.0	Mpus	Ngru
Mpus_Micpu57921	Tcru_XP_815256	1.0	S	0.0	Mpus	Tcru
Mpus_Micpu57921	Bsal_BS47385	1.0	S	0.0	Mpus	Bsal
Mpus_Micpu57921	Tcru_XP_819951	1.0	S	0.0	Mpus	Tcru
Mpus_Micpu57921	Rirr_345750	1.0	S	0.0	Mpus	Rirr
Mpus_Micpu57921	Ngru_XP_002681273	1.0	S	0.0	Mpus	Ngru
Mpus_Micpu57921	Ccor_74124	1.0	S	0.0	Mpus	Ccor
Mpus_Micpu57921	Tpse_XP_002296687	1.0	S	0.0	Mpus	Tpse
Cowc_CAOG_03801	Aker_56423	1.0	S	0.0	Cowc	Aker
Cowc_CAOG_03801	Pfal_Q8I352_Q8I352	1.0	S	0.0	Cowc	Pfal
Cowc_CAOG_03801	Mver_00444	1.0	S	0.0	Cowc	Mver
Cowc_CAOG_03801	Lmaj_XP_001681739	1.0	S	0.0	Cowc	Lmaj
Cowc_CAOG_03801	Tcru_XP_815712	1.0	S	0.0	Cowc	Tcru
Cowc_CAOG_03801	Ppal_EFA84886_1	1.0	S	0.0	Cowc	Ppal
Cowc_CAOG_03801	Ihof_3148	1.0	S	0.0	Cowc	Ihof
Cowc_CAOG_03801	Nspp_11197_fr2	1.0	S	0.0	Cowc	Nspp
Cowc_CAOG_03801	Ccor_78081	1.0	S	0.0	Cowc	Ccor
Cowc_CAOG_03801	Apar_comp22662_c0_seq1_fr6	1.0	S	0.0	Cowc	Apar
Cowc_CAOG_03801	Bsal_BS57140	1.0	S	0.0	Cowc	Bsal
Cowc_CAOG_03801	Dmel_FBpp0075717	1.0	S	0.0	Cowc	Dmel
Cowc_CAOG_03801	Gpro_135584	1.0	S	0.0	Cowc	Gpro
Cowc_CAOG_03801	Tcru_XP_821968	1.0	S	0.0	Cowc	Tcru
Cowc_CAOG_03801	Apar_comp19575_c0_seq1_fr6	1.0	S	0.0	Cowc	Apar
Cowc_CAOG_03801	Ehux_223194	1.0	S	0.0	Cowc	Ehux
Cowc_CAOG_03801	Ddis_XP_635865	1.0	S	0.0	Cowc	Ddis
Glam_XP_001705534	Aker_56423	1.0	S	0.0	Glam	Aker
Glam_XP_001705534	Pfal_Q8I352_Q8I352	1.0	S	0.0	Glam	Pfal
Glam_XP_001705534	Mver_00444	1.0	S	0.0	Glam	Mver
Glam_XP_001705534	Lmaj_XP_001681739	1.0	S	0.0	Glam	Lmaj
Glam_XP_001705534	Tcru_XP_815712	1.0	S	0.0	Glam	Tcru
Glam_XP_001705534	Ppal_EFA84886_1	1.0	S	0.0	Glam	Ppal
Glam_XP_001705534	Ihof_3148	1.0	S	0.0	Glam	Ihof
Glam_XP_001705534	Nspp_11197_fr2	1.0	S	0.0	Glam	Nspp
Glam_XP_001705534	Ccor_78081	1.0	S	0.0	Glam	Ccor
Glam_XP_001705534	Apar_comp22662_c0_seq1_fr6	1.0	S	0.0	Glam	Apar
Glam_XP_001705534	Bsal_BS57140	1.0	S	0.0	Glam	Bsal
Glam_XP_001705534	Dmel_FBpp0075717	1.0	S	0.0	Glam	Dmel
Glam_XP_001705534	Gpro_135584	1.0	S	0.0	Glam	Gpro
Glam_XP_001705534	Tcru_XP_821968	1.0	S	0.0	Glam	Tcru
Glam_XP_001705534	Apar_comp19575_c0_seq1_fr6	1.0	S	0.0	Glam	Apar
Glam_XP_001705534	Ehux_223194	1.0	S	0.0	Glam	Ehux
Glam_XP_001705534	Ddis_XP_635865	1.0	S	0.0	Glam	Ddis
Apar_comp22796_c1_seq1_fr5	Ihof_7302	1.0	S	0.0	Apar	Ihof
Mpus_Micpu20125	Bdis_5g22730	1.0	S	0.0	Mpus	Bdis
Mpus_Micpu20125	Sbic_06g029440	1.0	S	0.0	Mpus	Sbic
Mpus_Micpu20125	Smoe_XP_002966643	1.0	S	0.0	Mpus	Smoe
Mpus_Micpu20125	Ppat_XP_001759368	1.0	S	0.0	Mpus	Ppat
Mpus_Micpu20125	Smoe_XP_002978099	1.0	S	0.0	Mpus	Smoe
Mpus_Micpu20125	Mgut_mgv1a005946m	1.0	S	0.0	Mpus	Mgut
Mpus_Micpu20125	Acoe_005_00445	1.0	S	0.0	Mpus	Acoe
Mpus_Micpu20125	Atha_AT3G21820	1.0	S	0.0	Mpus	Atha
Otau_XP_003083145	Bdis_5g22730	1.0	S	0.0	Otau	Bdis
Otau_XP_003083145	Sbic_06g029440	1.0	S	0.0	Otau	Sbic
Otau_XP_003083145	Smoe_XP_002966643	1.0	S	0.0	Otau	Smoe
Otau_XP_003083145	Ppat_XP_001759368	1.0	S	0.0	Otau	Ppat
Otau_XP_003083145	Smoe_XP_002978099	1.0	S	0.0	Otau	Smoe
Otau_XP_003083145	Mgut_mgv1a005946m	1.0	S	0.0	Otau	Mgut
Otau_XP_003083145	Acoe_005_00445	1.0	S	0.0	Otau	Acoe
Otau_XP_003083145	Atha_AT3G21820	1.0	S	0.0	Otau	Atha
Bsal_BS55355	Bdis_5g22730	1.0	S	0.0	Bsal	Bdis
Bsal_BS55355	Sbic_06g029440	1.0	S	0.0	Bsal	Sbic
Bsal_BS55355	Smoe_XP_002966643	1.0	S	0.0	Bsal	Smoe
Bsal_BS55355	Ppat_XP_001759368	1.0	S	0.0	Bsal	Ppat
Bsal_BS55355	Smoe_XP_002978099	1.0	S	0.0	Bsal	Smoe
Bsal_BS55355	Mgut_mgv1a005946m	1.0	S	0.0	Bsal	Mgut
Bsal_BS55355	Acoe_005_00445	1.0	S	0.0	Bsal	Acoe
Bsal_BS55355	Atha_AT3G21820	1.0	S	0.0	Bsal	Atha
Mver_07358	Pbla_Phybl2_98969	1.0	S	0.0	Mver	Pbla
Mver_07358	Mcir_Mucci2_142882	1.0	S	0.0	Mver	Mcir
Mver_07358	Umar_191570	1.0	S	0.0	Mver	Umar
Mver_07358	Rory_16826	1.0	S	0.0	Mver	Rory
Ccin_CC1G_05287	Tcru_XP_822054	1.0	S	0.0	Ccin	Tcru
Ccin_CC1G_05287	Ehux_448796	1.0	S	0.0	Ccin	Ehux
Ccin_CC1G_05287	Ehux_449359	1.0	S	0.0	Ccin	Ehux
Ccin_CC1G_05287	Lmaj_XP_001683140	1.0	S	0.0	Ccin	Lmaj
Ccin_CC1G_05287	Umay_XP_758615	1.0	S	0.0	Ccin	Umay
Ccin_CC1G_05287	Tcru_XP_810972	1.0	S	0.0	Ccin	Tcru
Cneo_XP_569210	Tcru_XP_822054	1.0	S	0.0	Cneo	Tcru
Cneo_XP_569210	Ehux_448796	1.0	S	0.0	Cneo	Ehux
Cneo_XP_569210	Ehux_449359	1.0	S	0.0	Cneo	Ehux
Cneo_XP_569210	Lmaj_XP_001683140	1.0	S	0.0	Cneo	Lmaj
Cneo_XP_569210	Umay_XP_758615	1.0	S	0.0	Cneo	Umay
Cneo_XP_569210	Tcru_XP_810972	1.0	S	0.0	Cneo	Tcru
Amac_04388	Acas_g8002	1.0	S	0.0	Amac	Acas
Amac_04388	Apar_comp13703_c0_seq1_fr5	1.0	S	0.0	Amac	Apar
Amac_04388	Acas_g1616	1.0	S	0.0	Amac	Acas
Amac_04388	Acas_g3116	1.0	S	0.0	Amac	Acas
Amac_04388	Lgig_160845	1.0	S	0.0	Amac	Lgig
Amac_04388	Cgig_10010760	1.0	S	0.0	Amac	Cgig
Amac_04388	Lgig_232186	1.0	S	0.0	Amac	Lgig
Amac_04388	Cgig_10010761	1.0	S	0.0	Amac	Cgig
Rirr_72238	Acas_g8002	1.0	S	0.0	Rirr	Acas
Rirr_72238	Apar_comp13703_c0_seq1_fr5	1.0	S	0.0	Rirr	Apar
Rirr_72238	Acas_g1616	1.0	S	0.0	Rirr	Acas
Rirr_72238	Acas_g3116	1.0	S	0.0	Rirr	Acas
Rirr_72238	Lgig_160845	1.0	S	0.0	Rirr	Lgig
Rirr_72238	Cgig_10010760	1.0	S	0.0	Rirr	Cgig
Rirr_72238	Lgig_232186	1.0	S	0.0	Rirr	Lgig
Rirr_72238	Cgig_10010761	1.0	S	0.0	Rirr	Cgig
Mver_00548	Acas_g8002	1.0	S	0.0	Mver	Acas
Mver_00548	Apar_comp13703_c0_seq1_fr5	1.0	S	0.0	Mver	Apar
Mver_00548	Acas_g1616	1.0	S	0.0	Mver	Acas
Mver_00548	Acas_g3116	1.0	S	0.0	Mver	Acas
Mver_00548	Lgig_160845	1.0	S	0.0	Mver	Lgig
Mver_00548	Cgig_10010760	1.0	S	0.0	Mver	Cgig
Mver_00548	Lgig_232186	1.0	S	0.0	Mver	Lgig
Mver_00548	Cgig_10010761	1.0	S	0.0	Mver	Cgig
Umar_220360	Acas_g8002	1.0	S	0.0	Umar	Acas
Umar_220360	Apar_comp13703_c0_seq1_fr5	1.0	S	0.0	Umar	Apar
Umar_220360	Acas_g1616	1.0	S	0.0	Umar	Acas
Umar_220360	Acas_g3116	1.0	S	0.0	Umar	Acas
Umar_220360	Lgig_160845	1.0	S	0.0	Umar	Lgig
Umar_220360	Cgig_10010760	1.0	S	0.0	Umar	Cgig
Umar_220360	Lgig_232186	1.0	S	0.0	Umar	Lgig
Umar_220360	Cgig_10010761	1.0	S	0.0	Umar	Cgig
Gpro_54135	Acas_g8002	1.0	S	0.0	Gpro	Acas
Gpro_54135	Apar_comp13703_c0_seq1_fr5	1.0	S	0.0	Gpro	Apar
Gpro_54135	Acas_g1616	1.0	S	0.0	Gpro	Acas
Gpro_54135	Acas_g3116	1.0	S	0.0	Gpro	Acas
Gpro_54135	Lgig_160845	1.0	S	0.0	Gpro	Lgig
Gpro_54135	Cgig_10010760	1.0	S	0.0	Gpro	Cgig
Gpro_54135	Lgig_232186	1.0	S	0.0	Gpro	Lgig
Gpro_54135	Cgig_10010761	1.0	S	0.0	Gpro	Cgig
Mver_03338	Acas_g8002	1.0	S	0.0	Mver	Acas
Mver_03338	Apar_comp13703_c0_seq1_fr5	1.0	S	0.0	Mver	Apar
Mver_03338	Acas_g1616	1.0	S	0.0	Mver	Acas
Mver_03338	Acas_g3116	1.0	S	0.0	Mver	Acas
Mver_03338	Lgig_160845	1.0	S	0.0	Mver	Lgig
Mver_03338	Cgig_10010760	1.0	S	0.0	Mver	Cgig
Mver_03338	Lgig_232186	1.0	S	0.0	Mver	Lgig
Mver_03338	Cgig_10010761	1.0	S	0.0	Mver	Cgig
Spun_SPPG_03192	Acas_g8002	1.0	S	0.0	Spun	Acas
Spun_SPPG_03192	Apar_comp13703_c0_seq1_fr5	1.0	S	0.0	Spun	Apar
Spun_SPPG_03192	Acas_g1616	1.0	S	0.0	Spun	Acas
Spun_SPPG_03192	Acas_g3116	1.0	S	0.0	Spun	Acas
Spun_SPPG_03192	Lgig_160845	1.0	S	0.0	Spun	Lgig
Spun_SPPG_03192	Cgig_10010760	1.0	S	0.0	Spun	Cgig
Spun_SPPG_03192	Lgig_232186	1.0	S	0.0	Spun	Lgig
Spun_SPPG_03192	Cgig_10010761	1.0	S	0.0	Spun	Cgig
Nspp_10625_fr4	Nvec_XP_001627062	1.0	S	0.0	Nspp	Nvec
Nspp_10625_fr4	Cgig_10009476	1.0	S	0.0	Nspp	Cgig
Nspp_10625_fr4	Spur_XP_784346	1.0	S	0.0	Nspp	Spur
Nspp_10625_fr4	Hmag_XP_002160911	1.0	S	0.0	Nspp	Hmag
Nspp_10625_fr4	Dmel_FBpp0083507	1.0	S	0.0	Nspp	Dmel
Nspp_10625_fr4	Ctel_159764	1.0	S	0.0	Nspp	Ctel
Nspp_10625_fr4	Hsap_ENSP00000374152	1.0	S	0.0	Nspp	Hsap
Nspp_10625_fr4	Lgig_231752	1.0	S	0.0	Nspp	Lgig
Nspp_10625_fr4	Sros_PTSG_08216	1.0	S	0.0	Nspp	Sros
Nspp_10625_fr4	Adig_9231v106136	1.0	S	0.0	Nspp	Adig
Nspp_10625_fr4	Cowc_CAOG_07464	1.0	S	0.0	Nspp	Cowc
Nspp_10625_fr4	Scil_51718	1.0	S	0.0	Nspp	Scil
Nspp_10625_fr4	Apar_comp18491_c0_seq1_fr5	1.0	S	0.0	Nspp	Apar
Nspp_10625_fr4	Tadh_XP_002114620	1.0	S	0.0	Nspp	Tadh
Nspp_10625_fr4	Skow_XP_002735533	1.0	S	0.0	Nspp	Skow
Nspp_10626_fr4	Nvec_XP_001627062	1.0	S	0.0	Nspp	Nvec
Nspp_10626_fr4	Cgig_10009476	1.0	S	0.0	Nspp	Cgig
Nspp_10626_fr4	Spur_XP_784346	1.0	S	0.0	Nspp	Spur
Nspp_10626_fr4	Hmag_XP_002160911	1.0	S	0.0	Nspp	Hmag
Nspp_10626_fr4	Dmel_FBpp0083507	1.0	S	0.0	Nspp	Dmel
Nspp_10626_fr4	Ctel_159764	1.0	S	0.0	Nspp	Ctel
Nspp_10626_fr4	Hsap_ENSP00000374152	1.0	S	0.0	Nspp	Hsap
Nspp_10626_fr4	Lgig_231752	1.0	S	0.0	Nspp	Lgig
Nspp_10626_fr4	Sros_PTSG_08216	1.0	S	0.0	Nspp	Sros
Nspp_10626_fr4	Adig_9231v106136	1.0	S	0.0	Nspp	Adig
Nspp_10626_fr4	Cowc_CAOG_07464	1.0	S	0.0	Nspp	Cowc
Nspp_10626_fr4	Scil_51718	1.0	S	0.0	Nspp	Scil
Nspp_10626_fr4	Apar_comp18491_c0_seq1_fr5	1.0	S	0.0	Nspp	Apar
Nspp_10626_fr4	Tadh_XP_002114620	1.0	S	0.0	Nspp	Tadh
Nspp_10626_fr4	Skow_XP_002735533	1.0	S	0.0	Nspp	Skow
Nspp_10624_fr6	Nvec_XP_001627062	1.0	S	0.0	Nspp	Nvec
Nspp_10624_fr6	Cgig_10009476	1.0	S	0.0	Nspp	Cgig
Nspp_10624_fr6	Spur_XP_784346	1.0	S	0.0	Nspp	Spur
Nspp_10624_fr6	Hmag_XP_002160911	1.0	S	0.0	Nspp	Hmag
Nspp_10624_fr6	Dmel_FBpp0083507	1.0	S	0.0	Nspp	Dmel
Nspp_10624_fr6	Ctel_159764	1.0	S	0.0	Nspp	Ctel
Nspp_10624_fr6	Hsap_ENSP00000374152	1.0	S	0.0	Nspp	Hsap
Nspp_10624_fr6	Lgig_231752	1.0	S	0.0	Nspp	Lgig
Nspp_10624_fr6	Sros_PTSG_08216	1.0	S	0.0	Nspp	Sros
Nspp_10624_fr6	Adig_9231v106136	1.0	S	0.0	Nspp	Adig
Nspp_10624_fr6	Cowc_CAOG_07464	1.0	S	0.0	Nspp	Cowc
Nspp_10624_fr6	Scil_51718	1.0	S	0.0	Nspp	Scil
Nspp_10624_fr6	Apar_comp18491_c0_seq1_fr5	1.0	S	0.0	Nspp	Apar
Nspp_10624_fr6	Tadh_XP_002114620	1.0	S	0.0	Nspp	Tadh
Nspp_10624_fr6	Skow_XP_002735533	1.0	S	0.0	Nspp	Skow
Cang_44709	Nvec_XP_001627062	1.0	S	0.0	Cang	Nvec
Cang_44709	Cgig_10009476	1.0	S	0.0	Cang	Cgig
Cang_44709	Spur_XP_784346	1.0	S	0.0	Cang	Spur
Cang_44709	Hmag_XP_002160911	1.0	S	0.0	Cang	Hmag
Cang_44709	Dmel_FBpp0083507	1.0	S	0.0	Cang	Dmel
Cang_44709	Ctel_159764	1.0	S	0.0	Cang	Ctel
Cang_44709	Hsap_ENSP00000374152	1.0	S	0.0	Cang	Hsap
Cang_44709	Lgig_231752	1.0	S	0.0	Cang	Lgig
Cang_44709	Sros_PTSG_08216	1.0	S	0.0	Cang	Sros
Cang_44709	Adig_9231v106136	1.0	S	0.0	Cang	Adig
Cang_44709	Cowc_CAOG_07464	1.0	S	0.0	Cang	Cowc
Cang_44709	Scil_51718	1.0	S	0.0	Cang	Scil
Cang_44709	Apar_comp18491_c0_seq1_fr5	1.0	S	0.0	Cang	Apar
Cang_44709	Tadh_XP_002114620	1.0	S	0.0	Cang	Tadh
Cang_44709	Skow_XP_002735533	1.0	S	0.0	Cang	Skow
Amac_01567	Nvec_XP_001627062	1.0	S	0.0	Amac	Nvec
Amac_01567	Cgig_10009476	1.0	S	0.0	Amac	Cgig
Amac_01567	Spur_XP_784346	1.0	S	0.0	Amac	Spur
Amac_01567	Hmag_XP_002160911	1.0	S	0.0	Amac	Hmag
Amac_01567	Dmel_FBpp0083507	1.0	S	0.0	Amac	Dmel
Amac_01567	Ctel_159764	1.0	S	0.0	Amac	Ctel
Amac_01567	Hsap_ENSP00000374152	1.0	S	0.0	Amac	Hsap
Amac_01567	Lgig_231752	1.0	S	0.0	Amac	Lgig
Amac_01567	Sros_PTSG_08216	1.0	S	0.0	Amac	Sros
Amac_01567	Adig_9231v106136	1.0	S	0.0	Amac	Adig
Amac_01567	Cowc_CAOG_07464	1.0	S	0.0	Amac	Cowc
Amac_01567	Scil_51718	1.0	S	0.0	Amac	Scil
Amac_01567	Apar_comp18491_c0_seq1_fr5	1.0	S	0.0	Amac	Apar
Amac_01567	Tadh_XP_002114620	1.0	S	0.0	Amac	Tadh
Amac_01567	Skow_XP_002735533	1.0	S	0.0	Amac	Skow
Amac_04063	Nvec_XP_001627062	1.0	S	0.0	Amac	Nvec
Amac_04063	Cgig_10009476	1.0	S	0.0	Amac	Cgig
Amac_04063	Spur_XP_784346	1.0	S	0.0	Amac	Spur
Amac_04063	Hmag_XP_002160911	1.0	S	0.0	Amac	Hmag
Amac_04063	Dmel_FBpp0083507	1.0	S	0.0	Amac	Dmel
Amac_04063	Ctel_159764	1.0	S	0.0	Amac	Ctel
Amac_04063	Hsap_ENSP00000374152	1.0	S	0.0	Amac	Hsap
Amac_04063	Lgig_231752	1.0	S	0.0	Amac	Lgig
Amac_04063	Sros_PTSG_08216	1.0	S	0.0	Amac	Sros
Amac_04063	Adig_9231v106136	1.0	S	0.0	Amac	Adig
Amac_04063	Cowc_CAOG_07464	1.0	S	0.0	Amac	Cowc
Amac_04063	Scil_51718	1.0	S	0.0	Amac	Scil
Amac_04063	Apar_comp18491_c0_seq1_fr5	1.0	S	0.0	Amac	Apar
Amac_04063	Tadh_XP_002114620	1.0	S	0.0	Amac	Tadh
Amac_04063	Skow_XP_002735533	1.0	S	0.0	Amac	Skow
Nspp_10623_fr6	Nvec_XP_001627062	1.0	S	0.0	Nspp	Nvec
Nspp_10623_fr6	Cgig_10009476	1.0	S	0.0	Nspp	Cgig
Nspp_10623_fr6	Spur_XP_784346	1.0	S	0.0	Nspp	Spur
Nspp_10623_fr6	Hmag_XP_002160911	1.0	S	0.0	Nspp	Hmag
Nspp_10623_fr6	Dmel_FBpp0083507	1.0	S	0.0	Nspp	Dmel
Nspp_10623_fr6	Ctel_159764	1.0	S	0.0	Nspp	Ctel
Nspp_10623_fr6	Hsap_ENSP00000374152	1.0	S	0.0	Nspp	Hsap
Nspp_10623_fr6	Lgig_231752	1.0	S	0.0	Nspp	Lgig
Nspp_10623_fr6	Sros_PTSG_08216	1.0	S	0.0	Nspp	Sros
Nspp_10623_fr6	Adig_9231v106136	1.0	S	0.0	Nspp	Adig
Nspp_10623_fr6	Cowc_CAOG_07464	1.0	S	0.0	Nspp	Cowc
Nspp_10623_fr6	Scil_51718	1.0	S	0.0	Nspp	Scil
Nspp_10623_fr6	Apar_comp18491_c0_seq1_fr5	1.0	S	0.0	Nspp	Apar
Nspp_10623_fr6	Tadh_XP_002114620	1.0	S	0.0	Nspp	Tadh
Nspp_10623_fr6	Skow_XP_002735533	1.0	S	0.0	Nspp	Skow
Apar_comp13070_c1_seq1_fr6	Cfra_2216T1	1.0	S	0.0	Apar	Cfra
Apar_comp13070_c1_seq1_fr6	Sarc_SARC_10855	1.0	S	0.0	Apar	Sarc
Apar_comp13070_c1_seq1_fr6	Ehis_357_m00040	1.0	S	0.0	Apar	Ehis
Apar_comp13070_c1_seq1_fr6	Ihof_6005	1.0	S	0.0	Apar	Ihof
Acas_g9677	Aano_F0XYZ4	1.0	S	0.0	Acas	Aano
Acas_g9677	Ehux_235309	1.0	S	0.0	Acas	Ehux
Acas_g9677	Mpus_Micpu183344	1.0	S	0.0	Acas	Mpus
Acas_g9677	Aker_62099	1.0	S	0.0	Acas	Aker
Acas_g9677	Ttra_AMSG_10303	1.0	S	0.0	Acas	Ttra
Acas_g9677	Ehux_211778	1.0	S	0.0	Acas	Ehux
Acas_g9677	Esil_CBN78619	1.0	S	0.0	Acas	Esil
Acas_g9677	Ptri_XP_002176313	1.0	S	0.0	Acas	Ptri
Bnat_76140	Aano_F0XYZ4	1.0	S	0.0	Bnat	Aano
Bnat_76140	Ehux_235309	1.0	S	0.0	Bnat	Ehux
Bnat_76140	Mpus_Micpu183344	1.0	S	0.0	Bnat	Mpus
Bnat_76140	Aker_62099	1.0	S	0.0	Bnat	Aker
Bnat_76140	Ttra_AMSG_10303	1.0	S	0.0	Bnat	Ttra
Bnat_76140	Ehux_211778	1.0	S	0.0	Bnat	Ehux
Bnat_76140	Esil_CBN78619	1.0	S	0.0	Bnat	Esil
Bnat_76140	Ptri_XP_002176313	1.0	S	0.0	Bnat	Ptri
Ccor_74124	Cfra_4843T1	1.0	S	0.0	Ccor	Cfra
Ccor_74124	Crei_XP_001703683	1.0	S	0.0	Ccor	Crei
Ccor_74124	Sarc_SARC_01035	1.0	S	0.0	Ccor	Sarc
Ccor_74124	Gthe_148776	1.0	S	0.0	Ccor	Gthe
Ccor_74124	Lmaj_XP_001680872	1.0	S	0.0	Ccor	Lmaj
Ccor_74124	Tcru_XP_819619	1.0	S	0.0	Ccor	Tcru
Ccor_74124	Tcru_XP_811365	1.0	S	0.0	Ccor	Tcru
Ccor_74124	Lmaj_XP_001682529	1.0	S	0.0	Ccor	Lmaj
Ccor_74124	Ngru_XP_002671048	1.0	S	0.0	Ccor	Ngru
Ccor_74124	Tcru_XP_815256	1.0	S	0.0	Ccor	Tcru
Ccor_74124	Bsal_BS47385	1.0	S	0.0	Ccor	Bsal
Ccor_74124	Tcru_XP_819951	1.0	S	0.0	Ccor	Tcru
Ccor_74124	Rirr_345750	1.0	S	0.0	Ccor	Rirr
Ccor_74124	Ngru_XP_002681273	1.0	S	0.0	Ccor	Ngru
Ccor_74124	Tpse_XP_002296687	1.0	S	0.0	Ccor	Tpse
Cvar_EFN56428	Cfra_4843T1	1.0	S	0.0	Cvar	Cfra
Cvar_EFN56428	Crei_XP_001703683	1.0	S	0.0	Cvar	Crei
Cvar_EFN56428	Sarc_SARC_01035	1.0	S	0.0	Cvar	Sarc
Cvar_EFN56428	Gthe_148776	1.0	S	0.0	Cvar	Gthe
Cvar_EFN56428	Lmaj_XP_001680872	1.0	S	0.0	Cvar	Lmaj
Cvar_EFN56428	Tcru_XP_819619	1.0	S	0.0	Cvar	Tcru
Cvar_EFN56428	Tcru_XP_811365	1.0	S	0.0	Cvar	Tcru
Cvar_EFN56428	Lmaj_XP_001682529	1.0	S	0.0	Cvar	Lmaj
Cvar_EFN56428	Ngru_XP_002671048	1.0	S	0.0	Cvar	Ngru
Cvar_EFN56428	Tcru_XP_815256	1.0	S	0.0	Cvar	Tcru
Cvar_EFN56428	Bsal_BS47385	1.0	S	0.0	Cvar	Bsal
Cvar_EFN56428	Tcru_XP_819951	1.0	S	0.0	Cvar	Tcru
Cvar_EFN56428	Rirr_345750	1.0	S	0.0	Cvar	Rirr
Cvar_EFN56428	Ngru_XP_002681273	1.0	S	0.0	Cvar	Ngru
Cvar_EFN56428	Tpse_XP_002296687	1.0	S	0.0	Cvar	Tpse
Glam_XP_001705534	Cowc_CAOG_03801	1.0	S	0.0	Glam	Cowc
Mpus_Micpu20125	Otau_XP_003083145	1.0	S	0.0	Mpus	Otau
Mpus_Micpu20125	Bsal_BS55355	1.0	S	0.0	Mpus	Bsal
Smoe_XP_002978099	Mgut_mgv1a005946m	1.0	S	0.0	Smoe	Mgut
Smoe_XP_002978099	Atha_AT3G21820	1.0	S	0.0	Smoe	Atha
Smoe_XP_002978099	Bdis_5g22730	1.0	S	0.0	Smoe	Bdis
Smoe_XP_002978099	Acoe_005_00445	1.0	S	0.0	Smoe	Acoe
Smoe_XP_002978099	Sbic_06g029440	1.0	S	0.0	Smoe	Sbic
Ppat_XP_001759368	Mgut_mgv1a005946m	1.0	S	0.0	Ppat	Mgut
Ppat_XP_001759368	Atha_AT3G21820	1.0	S	0.0	Ppat	Atha
Ppat_XP_001759368	Bdis_5g22730	1.0	S	0.0	Ppat	Bdis
Ppat_XP_001759368	Acoe_005_00445	1.0	S	0.0	Ppat	Acoe
Ppat_XP_001759368	Sbic_06g029440	1.0	S	0.0	Ppat	Sbic
Smoe_XP_002966643	Mgut_mgv1a005946m	1.0	S	0.0	Smoe	Mgut
Smoe_XP_002966643	Atha_AT3G21820	1.0	S	0.0	Smoe	Atha
Smoe_XP_002966643	Bdis_5g22730	1.0	S	0.0	Smoe	Bdis
Smoe_XP_002966643	Acoe_005_00445	1.0	S	0.0	Smoe	Acoe
Smoe_XP_002966643	Sbic_06g029440	1.0	S	0.0	Smoe	Sbic
Pbla_Phybl2_98969	Mcir_Mucci2_142882	1.0	S	0.0	Pbla	Mcir
Pbla_Phybl2_98969	Rory_16826	1.0	S	0.0	Pbla	Rory
Umar_191570	Mcir_Mucci2_142882	1.0	S	0.0	Umar	Mcir
Umar_191570	Rory_16826	1.0	S	0.0	Umar	Rory
Cneo_XP_569210	Ccin_CC1G_05287	1.0	S	0.0	Cneo	Ccin
Umay_XP_758615	Tcru_XP_822054	1.0	S	0.0	Umay	Tcru
Umay_XP_758615	Ehux_449359	1.0	S	0.0	Umay	Ehux
Umay_XP_758615	Tcru_XP_810972	1.0	S	0.0	Umay	Tcru
Umay_XP_758615	Ehux_448796	1.0	S	0.0	Umay	Ehux
Umay_XP_758615	Lmaj_XP_001683140	1.0	S	0.0	Umay	Lmaj
Spun_SPPG_03192	Amac_04388	1.0	S	0.0	Spun	Amac
Spun_SPPG_03192	Rirr_72238	1.0	S	0.0	Spun	Rirr
Spun_SPPG_03192	Mver_00548	1.0	S	0.0	Spun	Mver
Spun_SPPG_03192	Umar_220360	1.0	S	0.0	Spun	Umar
Spun_SPPG_03192	Gpro_54135	1.0	S	0.0	Spun	Gpro
Spun_SPPG_03192	Mver_03338	1.0	S	0.0	Spun	Mver
Amac_01567	Nspp_10624_fr6	1.0	S	0.0	Amac	Nspp
Amac_01567	Nspp_10625_fr4	1.0	S	0.0	Amac	Nspp
Amac_01567	Nspp_10623_fr6	1.0	S	0.0	Amac	Nspp
Amac_01567	Nspp_10626_fr4	1.0	S	0.0	Amac	Nspp
Amac_04063	Nspp_10624_fr6	1.0	S	0.0	Amac	Nspp
Amac_04063	Nspp_10625_fr4	1.0	S	0.0	Amac	Nspp
Amac_04063	Nspp_10623_fr6	1.0	S	0.0	Amac	Nspp
Amac_04063	Nspp_10626_fr4	1.0	S	0.0	Amac	Nspp
Cang_44709	Nspp_10624_fr6	1.0	S	0.0	Cang	Nspp
Cang_44709	Nspp_10625_fr4	1.0	S	0.0	Cang	Nspp
Cang_44709	Nspp_10623_fr6	1.0	S	0.0	Cang	Nspp
Cang_44709	Nspp_10626_fr4	1.0	S	0.0	Cang	Nspp
Apar_comp18491_c0_seq1_fr5	Nvec_XP_001627062	1.0	S	0.0	Apar	Nvec
Apar_comp18491_c0_seq1_fr5	Cgig_10009476	1.0	S	0.0	Apar	Cgig
Apar_comp18491_c0_seq1_fr5	Spur_XP_784346	1.0	S	0.0	Apar	Spur
Apar_comp18491_c0_seq1_fr5	Hmag_XP_002160911	1.0	S	0.0	Apar	Hmag
Apar_comp18491_c0_seq1_fr5	Dmel_FBpp0083507	1.0	S	0.0	Apar	Dmel
Apar_comp18491_c0_seq1_fr5	Ctel_159764	1.0	S	0.0	Apar	Ctel
Apar_comp18491_c0_seq1_fr5	Hsap_ENSP00000374152	1.0	S	0.0	Apar	Hsap
Apar_comp18491_c0_seq1_fr5	Lgig_231752	1.0	S	0.0	Apar	Lgig
Apar_comp18491_c0_seq1_fr5	Sros_PTSG_08216	1.0	S	0.0	Apar	Sros
Apar_comp18491_c0_seq1_fr5	Cowc_CAOG_07464	1.0	S	0.0	Apar	Cowc
Apar_comp18491_c0_seq1_fr5	Scil_51718	1.0	S	0.0	Apar	Scil
Apar_comp18491_c0_seq1_fr5	Adig_9231v106136	1.0	S	0.0	Apar	Adig
Apar_comp18491_c0_seq1_fr5	Tadh_XP_002114620	1.0	S	0.0	Apar	Tadh
Apar_comp18491_c0_seq1_fr5	Skow_XP_002735533	1.0	S	0.0	Apar	Skow
Ihof_6005	Sarc_SARC_10855	1.0	S	0.0	Ihof	Sarc
Ihof_6005	Ehis_357_m00040	1.0	S	0.0	Ihof	Ehis
Ihof_6005	Cfra_2216T1	1.0	S	0.0	Ihof	Cfra
Acas_g9677	Bnat_76140	1.0	S	0.0	Acas	Bnat
Mpus_Micpu183344	Ptri_XP_002176313	1.0	S	0.0	Mpus	Ptri
Mpus_Micpu183344	Aker_62099	1.0	S	0.0	Mpus	Aker
Mpus_Micpu183344	Aano_F0XYZ4	1.0	S	0.0	Mpus	Aano
Mpus_Micpu183344	Ttra_AMSG_10303	1.0	S	0.0	Mpus	Ttra
Mpus_Micpu183344	Esil_CBN78619	1.0	S	0.0	Mpus	Esil
Ehux_235309	Ptri_XP_002176313	1.0	S	0.0	Ehux	Ptri
Ehux_235309	Aker_62099	1.0	S	0.0	Ehux	Aker
Ehux_235309	Aano_F0XYZ4	1.0	S	0.0	Ehux	Aano
Ehux_235309	Ttra_AMSG_10303	1.0	S	0.0	Ehux	Ttra
Ehux_235309	Esil_CBN78619	1.0	S	0.0	Ehux	Esil
Ehux_211778	Ptri_XP_002176313	1.0	S	0.0	Ehux	Ptri
Ehux_211778	Aker_62099	1.0	S	0.0	Ehux	Aker
Ehux_211778	Aano_F0XYZ4	1.0	S	0.0	Ehux	Aano
Ehux_211778	Ttra_AMSG_10303	1.0	S	0.0	Ehux	Ttra
Ehux_211778	Esil_CBN78619	1.0	S	0.0	Ehux	Esil
Cvar_EFN56428	Ccor_74124	1.0	S	0.0	Cvar	Ccor
Apar_comp19575_c0_seq1_fr6	Ihof_3148	1.0	S	0.0	Apar	Ihof
Aker_56423	Pfal_Q8I352_Q8I352	1.0	S	0.0	Aker	Pfal
Aker_56423	Mver_00444	1.0	S	0.0	Aker	Mver
Aker_56423	Ppal_EFA84886_1	1.0	S	0.0	Aker	Ppal
Aker_56423	Nspp_11197_fr2	1.0	S	0.0	Aker	Nspp
Aker_56423	Ccor_78081	1.0	S	0.0	Aker	Ccor
Aker_56423	Apar_comp22662_c0_seq1_fr6	1.0	S	0.0	Aker	Apar
Aker_56423	Dmel_FBpp0075717	1.0	S	0.0	Aker	Dmel
Aker_56423	Ehux_223194	1.0	S	0.0	Aker	Ehux
Aker_56423	Ddis_XP_635865	1.0	S	0.0	Aker	Ddis
Tcru_XP_815712	Pfal_Q8I352_Q8I352	1.0	S	0.0	Tcru	Pfal
Tcru_XP_815712	Mver_00444	1.0	S	0.0	Tcru	Mver
Tcru_XP_815712	Ppal_EFA84886_1	1.0	S	0.0	Tcru	Ppal
Tcru_XP_815712	Nspp_11197_fr2	1.0	S	0.0	Tcru	Nspp
Tcru_XP_815712	Ccor_78081	1.0	S	0.0	Tcru	Ccor
Tcru_XP_815712	Apar_comp22662_c0_seq1_fr6	1.0	S	0.0	Tcru	Apar
Tcru_XP_815712	Dmel_FBpp0075717	1.0	S	0.0	Tcru	Dmel
Tcru_XP_815712	Ehux_223194	1.0	S	0.0	Tcru	Ehux
Tcru_XP_815712	Ddis_XP_635865	1.0	S	0.0	Tcru	Ddis
Lmaj_XP_001681739	Pfal_Q8I352_Q8I352	1.0	S	0.0	Lmaj	Pfal
Lmaj_XP_001681739	Mver_00444	1.0	S	0.0	Lmaj	Mver
Lmaj_XP_001681739	Ppal_EFA84886_1	1.0	S	0.0	Lmaj	Ppal
Lmaj_XP_001681739	Nspp_11197_fr2	1.0	S	0.0	Lmaj	Nspp
Lmaj_XP_001681739	Ccor_78081	1.0	S	0.0	Lmaj	Ccor
Lmaj_XP_001681739	Apar_comp22662_c0_seq1_fr6	1.0	S	0.0	Lmaj	Apar
Lmaj_XP_001681739	Dmel_FBpp0075717	1.0	S	0.0	Lmaj	Dmel
Lmaj_XP_001681739	Ehux_223194	1.0	S	0.0	Lmaj	Ehux
Lmaj_XP_001681739	Ddis_XP_635865	1.0	S	0.0	Lmaj	Ddis
Bsal_BS57140	Pfal_Q8I352_Q8I352	1.0	S	0.0	Bsal	Pfal
Bsal_BS57140	Mver_00444	1.0	S	0.0	Bsal	Mver
Bsal_BS57140	Ppal_EFA84886_1	1.0	S	0.0	Bsal	Ppal
Bsal_BS57140	Nspp_11197_fr2	1.0	S	0.0	Bsal	Nspp
Bsal_BS57140	Ccor_78081	1.0	S	0.0	Bsal	Ccor
Bsal_BS57140	Apar_comp22662_c0_seq1_fr6	1.0	S	0.0	Bsal	Apar
Bsal_BS57140	Dmel_FBpp0075717	1.0	S	0.0	Bsal	Dmel
Bsal_BS57140	Ehux_223194	1.0	S	0.0	Bsal	Ehux
Bsal_BS57140	Ddis_XP_635865	1.0	S	0.0	Bsal	Ddis
Gpro_135584	Pfal_Q8I352_Q8I352	1.0	S	0.0	Gpro	Pfal
Gpro_135584	Mver_00444	1.0	S	0.0	Gpro	Mver
Gpro_135584	Ppal_EFA84886_1	1.0	S	0.0	Gpro	Ppal
Gpro_135584	Nspp_11197_fr2	1.0	S	0.0	Gpro	Nspp
Gpro_135584	Ccor_78081	1.0	S	0.0	Gpro	Ccor
Gpro_135584	Apar_comp22662_c0_seq1_fr6	1.0	S	0.0	Gpro	Apar
Gpro_135584	Dmel_FBpp0075717	1.0	S	0.0	Gpro	Dmel
Gpro_135584	Ehux_223194	1.0	S	0.0	Gpro	Ehux
Gpro_135584	Ddis_XP_635865	1.0	S	0.0	Gpro	Ddis
Tcru_XP_821968	Pfal_Q8I352_Q8I352	1.0	S	0.0	Tcru	Pfal
Tcru_XP_821968	Mver_00444	1.0	S	0.0	Tcru	Mver
Tcru_XP_821968	Ppal_EFA84886_1	1.0	S	0.0	Tcru	Ppal
Tcru_XP_821968	Nspp_11197_fr2	1.0	S	0.0	Tcru	Nspp
Tcru_XP_821968	Ccor_78081	1.0	S	0.0	Tcru	Ccor
Tcru_XP_821968	Apar_comp22662_c0_seq1_fr6	1.0	S	0.0	Tcru	Apar
Tcru_XP_821968	Dmel_FBpp0075717	1.0	S	0.0	Tcru	Dmel
Tcru_XP_821968	Ehux_223194	1.0	S	0.0	Tcru	Ehux
Tcru_XP_821968	Ddis_XP_635865	1.0	S	0.0	Tcru	Ddis
Bsal_BS55355	Otau_XP_003083145	1.0	S	0.0	Bsal	Otau
Ppat_XP_001759368	Smoe_XP_002978099	1.0	S	0.0	Ppat	Smoe
Ppat_XP_001759368	Smoe_XP_002966643	1.0	S	0.0	Ppat	Smoe
Bdis_5g22730	Mgut_mgv1a005946m	1.0	S	0.0	Bdis	Mgut
Bdis_5g22730	Atha_AT3G21820	1.0	S	0.0	Bdis	Atha
Bdis_5g22730	Acoe_005_00445	1.0	S	0.0	Bdis	Acoe
Sbic_06g029440	Mgut_mgv1a005946m	1.0	S	0.0	Sbic	Mgut
Sbic_06g029440	Atha_AT3G21820	1.0	S	0.0	Sbic	Atha
Sbic_06g029440	Acoe_005_00445	1.0	S	0.0	Sbic	Acoe
Umar_191570	Pbla_Phybl2_98969	1.0	S	0.0	Umar	Pbla
Rory_16826	Mcir_Mucci2_142882	1.0	S	0.0	Rory	Mcir
Ehux_449359	Tcru_XP_822054	1.0	S	0.0	Ehux	Tcru
Ehux_449359	Tcru_XP_810972	1.0	S	0.0	Ehux	Tcru
Ehux_449359	Lmaj_XP_001683140	1.0	S	0.0	Ehux	Lmaj
Ehux_448796	Tcru_XP_822054	1.0	S	0.0	Ehux	Tcru
Ehux_448796	Tcru_XP_810972	1.0	S	0.0	Ehux	Tcru
Ehux_448796	Lmaj_XP_001683140	1.0	S	0.0	Ehux	Lmaj
Mver_00548	Amac_04388	1.0	S	0.0	Mver	Amac
Mver_00548	Rirr_72238	1.0	S	0.0	Mver	Rirr
Mver_00548	Gpro_54135	1.0	S	0.0	Mver	Gpro
Mver_00548	Umar_220360	1.0	S	0.0	Mver	Umar
Mver_03338	Amac_04388	1.0	S	0.0	Mver	Amac
Mver_03338	Rirr_72238	1.0	S	0.0	Mver	Rirr
Mver_03338	Gpro_54135	1.0	S	0.0	Mver	Gpro
Mver_03338	Umar_220360	1.0	S	0.0	Mver	Umar
Cang_44709	Amac_01567	1.0	S	0.0	Cang	Amac
Cang_44709	Amac_04063	1.0	S	0.0	Cang	Amac
Hmag_XP_002160911	Nvec_XP_001627062	1.0	S	0.0	Hmag	Nvec
Hmag_XP_002160911	Cgig_10009476	1.0	S	0.0	Hmag	Cgig
Hmag_XP_002160911	Spur_XP_784346	1.0	S	0.0	Hmag	Spur
Hmag_XP_002160911	Dmel_FBpp0083507	1.0	S	0.0	Hmag	Dmel
Hmag_XP_002160911	Ctel_159764	1.0	S	0.0	Hmag	Ctel
Hmag_XP_002160911	Hsap_ENSP00000374152	1.0	S	0.0	Hmag	Hsap
Hmag_XP_002160911	Lgig_231752	1.0	S	0.0	Hmag	Lgig
Hmag_XP_002160911	Sros_PTSG_08216	1.0	S	0.0	Hmag	Sros
Hmag_XP_002160911	Cowc_CAOG_07464	1.0	S	0.0	Hmag	Cowc
Hmag_XP_002160911	Adig_9231v106136	1.0	S	0.0	Hmag	Adig
Hmag_XP_002160911	Tadh_XP_002114620	1.0	S	0.0	Hmag	Tadh
Hmag_XP_002160911	Skow_XP_002735533	1.0	S	0.0	Hmag	Skow
Scil_51718	Nvec_XP_001627062	1.0	S	0.0	Scil	Nvec
Scil_51718	Cgig_10009476	1.0	S	0.0	Scil	Cgig
Scil_51718	Spur_XP_784346	1.0	S	0.0	Scil	Spur
Scil_51718	Dmel_FBpp0083507	1.0	S	0.0	Scil	Dmel
Scil_51718	Ctel_159764	1.0	S	0.0	Scil	Ctel
Scil_51718	Hsap_ENSP00000374152	1.0	S	0.0	Scil	Hsap
Scil_51718	Lgig_231752	1.0	S	0.0	Scil	Lgig
Scil_51718	Sros_PTSG_08216	1.0	S	0.0	Scil	Sros
Scil_51718	Cowc_CAOG_07464	1.0	S	0.0	Scil	Cowc
Scil_51718	Adig_9231v106136	1.0	S	0.0	Scil	Adig
Scil_51718	Tadh_XP_002114620	1.0	S	0.0	Scil	Tadh
Scil_51718	Skow_XP_002735533	1.0	S	0.0	Scil	Skow
Ehis_357_m00040	Sarc_SARC_10855	1.0	S	0.0	Ehis	Sarc
Ehis_357_m00040	Cfra_2216T1	1.0	S	0.0	Ehis	Cfra
Mpus_Micpu183344	Ehux_235309	1.0	S	0.0	Mpus	Ehux
Mpus_Micpu183344	Ehux_211778	1.0	S	0.0	Mpus	Ehux
Esil_CBN78619	Ptri_XP_002176313	1.0	S	0.0	Esil	Ptri
Esil_CBN78619	Aker_62099	1.0	S	0.0	Esil	Aker
Esil_CBN78619	Aano_F0XYZ4	1.0	S	0.0	Esil	Aano
Esil_CBN78619	Ttra_AMSG_10303	1.0	S	0.0	Esil	Ttra
Ngru_XP_002671048	Cfra_4843T1	1.0	S	0.0	Ngru	Cfra
Ngru_XP_002671048	Lmaj_XP_001682529	1.0	S	0.0	Ngru	Lmaj
Ngru_XP_002671048	Sarc_SARC_01035	1.0	S	0.0	Ngru	Sarc
Ngru_XP_002671048	Tcru_XP_819951	1.0	S	0.0	Ngru	Tcru
Ngru_XP_002671048	Tcru_XP_815256	1.0	S	0.0	Ngru	Tcru
Bsal_BS47385	Crei_XP_001703683	1.0	S	0.0	Bsal	Crei
Bsal_BS47385	Ngru_XP_002681273	1.0	S	0.0	Bsal	Ngru
Bsal_BS47385	Tpse_XP_002296687	1.0	S	0.0	Bsal	Tpse
Bsal_BS47385	Rirr_345750	1.0	S	0.0	Bsal	Rirr
Bsal_BS47385	Gthe_148776	1.0	S	0.0	Bsal	Gthe
Tcru_XP_811365	Crei_XP_001703683	1.0	S	0.0	Tcru	Crei
Tcru_XP_811365	Ngru_XP_002681273	1.0	S	0.0	Tcru	Ngru
Tcru_XP_811365	Tpse_XP_002296687	1.0	S	0.0	Tcru	Tpse
Tcru_XP_811365	Rirr_345750	1.0	S	0.0	Tcru	Rirr
Tcru_XP_811365	Gthe_148776	1.0	S	0.0	Tcru	Gthe
Lmaj_XP_001680872	Crei_XP_001703683	1.0	S	0.0	Lmaj	Crei
Lmaj_XP_001680872	Ngru_XP_002681273	1.0	S	0.0	Lmaj	Ngru
Lmaj_XP_001680872	Tpse_XP_002296687	1.0	S	0.0	Lmaj	Tpse
Lmaj_XP_001680872	Rirr_345750	1.0	S	0.0	Lmaj	Rirr
Lmaj_XP_001680872	Gthe_148776	1.0	S	0.0	Lmaj	Gthe
Tcru_XP_819619	Crei_XP_001703683	1.0	S	0.0	Tcru	Crei
Tcru_XP_819619	Ngru_XP_002681273	1.0	S	0.0	Tcru	Ngru
Tcru_XP_819619	Tpse_XP_002296687	1.0	S	0.0	Tcru	Tpse
Tcru_XP_819619	Rirr_345750	1.0	S	0.0	Tcru	Rirr
Tcru_XP_819619	Gthe_148776	1.0	S	0.0	Tcru	Gthe
Aker_56423	Tcru_XP_815712	1.0	S	0.0	Aker	Tcru
Aker_56423	Lmaj_XP_001681739	1.0	S	0.0	Aker	Lmaj
Aker_56423	Bsal_BS57140	1.0	S	0.0	Aker	Bsal
Aker_56423	Tcru_XP_821968	1.0	S	0.0	Aker	Tcru
Gpro_135584	Tcru_XP_815712	1.0	S	0.0	Gpro	Tcru
Gpro_135584	Lmaj_XP_001681739	1.0	S	0.0	Gpro	Lmaj
Gpro_135584	Bsal_BS57140	1.0	S	0.0	Gpro	Bsal
Gpro_135584	Tcru_XP_821968	1.0	S	0.0	Gpro	Tcru
Pfal_Q8I352_Q8I352	Mver_00444	1.0	S	0.0	Pfal	Mver
Pfal_Q8I352_Q8I352	Nspp_11197_fr2	1.0	S	0.0	Pfal	Nspp
Pfal_Q8I352_Q8I352	Ppal_EFA84886_1	1.0	S	0.0	Pfal	Ppal
Pfal_Q8I352_Q8I352	Ccor_78081	1.0	S	0.0	Pfal	Ccor
Pfal_Q8I352_Q8I352	Apar_comp22662_c0_seq1_fr6	1.0	S	0.0	Pfal	Apar
Pfal_Q8I352_Q8I352	Dmel_FBpp0075717	1.0	S	0.0	Pfal	Dmel
Pfal_Q8I352_Q8I352	Ehux_223194	1.0	S	0.0	Pfal	Ehux
Pfal_Q8I352_Q8I352	Ddis_XP_635865	1.0	S	0.0	Pfal	Ddis
Sbic_06g029440	Bdis_5g22730	1.0	S	0.0	Sbic	Bdis
Mgut_mgv1a005946m	Atha_AT3G21820	1.0	S	0.0	Mgut	Atha
Mgut_mgv1a005946m	Acoe_005_00445	1.0	S	0.0	Mgut	Acoe
Lmaj_XP_001683140	Tcru_XP_822054	1.0	S	0.0	Lmaj	Tcru
Lmaj_XP_001683140	Tcru_XP_810972	1.0	S	0.0	Lmaj	Tcru
Umar_220360	Amac_04388	1.0	S	0.0	Umar	Amac
Umar_220360	Rirr_72238	1.0	S	0.0	Umar	Rirr
Umar_220360	Gpro_54135	1.0	S	0.0	Umar	Gpro
Apar_comp13703_c0_seq1_fr5	Acas_g8002	1.0	S	0.0	Apar	Acas
Acas_g1616	Cgig_10010760	1.0	S	0.0	Acas	Cgig
Acas_g1616	Lgig_232186	1.0	S	0.0	Acas	Lgig
Acas_g1616	Lgig_160845	1.0	S	0.0	Acas	Lgig
Acas_g1616	Cgig_10010761	1.0	S	0.0	Acas	Cgig
Hmag_XP_002160911	Scil_51718	1.0	S	0.0	Hmag	Scil
Sros_PTSG_08216	Nvec_XP_001627062	1.0	S	0.0	Sros	Nvec
Sros_PTSG_08216	Cgig_10009476	1.0	S	0.0	Sros	Cgig
Sros_PTSG_08216	Spur_XP_784346	1.0	S	0.0	Sros	Spur
Sros_PTSG_08216	Dmel_FBpp0083507	1.0	S	0.0	Sros	Dmel
Sros_PTSG_08216	Ctel_159764	1.0	S	0.0	Sros	Ctel
Sros_PTSG_08216	Hsap_ENSP00000374152	1.0	S	0.0	Sros	Hsap
Sros_PTSG_08216	Lgig_231752	1.0	S	0.0	Sros	Lgig
Sros_PTSG_08216	Adig_9231v106136	1.0	S	0.0	Sros	Adig
Sros_PTSG_08216	Cowc_CAOG_07464	1.0	S	0.0	Sros	Cowc
Sros_PTSG_08216	Tadh_XP_002114620	1.0	S	0.0	Sros	Tadh
Sros_PTSG_08216	Skow_XP_002735533	1.0	S	0.0	Sros	Skow
Cfra_2216T1	Sarc_SARC_10855	1.0	S	0.0	Cfra	Sarc
Ttra_AMSG_10303	Ptri_XP_002176313	1.0	S	0.0	Ttra	Ptri
Ttra_AMSG_10303	Aker_62099	1.0	S	0.0	Ttra	Aker
Ttra_AMSG_10303	Aano_F0XYZ4	1.0	S	0.0	Ttra	Aano
Cfra_4843T1	Lmaj_XP_001682529	1.0	S	0.0	Cfra	Lmaj
Cfra_4843T1	Tcru_XP_819951	1.0	S	0.0	Cfra	Tcru
Cfra_4843T1	Tcru_XP_815256	1.0	S	0.0	Cfra	Tcru
Sarc_SARC_01035	Lmaj_XP_001682529	1.0	S	0.0	Sarc	Lmaj
Sarc_SARC_01035	Tcru_XP_819951	1.0	S	0.0	Sarc	Tcru
Sarc_SARC_01035	Tcru_XP_815256	1.0	S	0.0	Sarc	Tcru
Bsal_BS47385	Tcru_XP_811365	1.0	S	0.0	Bsal	Tcru
Bsal_BS47385	Lmaj_XP_001680872	1.0	S	0.0	Bsal	Lmaj
Bsal_BS47385	Tcru_XP_819619	1.0	S	0.0	Bsal	Tcru
Rirr_345750	Crei_XP_001703683	1.0	S	0.0	Rirr	Crei
Rirr_345750	Tpse_XP_002296687	1.0	S	0.0	Rirr	Tpse
Rirr_345750	Ngru_XP_002681273	1.0	S	0.0	Rirr	Ngru
Gthe_148776	Crei_XP_001703683	1.0	S	0.0	Gthe	Crei
Gthe_148776	Tpse_XP_002296687	1.0	S	0.0	Gthe	Tpse
Gthe_148776	Ngru_XP_002681273	1.0	S	0.0	Gthe	Ngru
Aker_56423	Gpro_135584	1.0	S	0.0	Aker	Gpro
Tcru_XP_815712	Lmaj_XP_001681739	1.0	S	0.0	Tcru	Lmaj
Tcru_XP_815712	Bsal_BS57140	1.0	S	0.0	Tcru	Bsal
Tcru_XP_821968	Lmaj_XP_001681739	1.0	S	0.0	Tcru	Lmaj
Tcru_XP_821968	Bsal_BS57140	1.0	S	0.0	Tcru	Bsal
Dmel_FBpp0075717	Mver_00444	1.0	S	0.0	Dmel	Mver
Dmel_FBpp0075717	Nspp_11197_fr2	1.0	S	0.0	Dmel	Nspp
Dmel_FBpp0075717	Ccor_78081	1.0	S	0.0	Dmel	Ccor
Dmel_FBpp0075717	Ppal_EFA84886_1	1.0	S	0.0	Dmel	Ppal
Dmel_FBpp0075717	Ehux_223194	1.0	S	0.0	Dmel	Ehux
Dmel_FBpp0075717	Ddis_XP_635865	1.0	S	0.0	Dmel	Ddis
Apar_comp22662_c0_seq1_fr6	Mver_00444	1.0	S	0.0	Apar	Mver
Apar_comp22662_c0_seq1_fr6	Nspp_11197_fr2	1.0	S	0.0	Apar	Nspp
Apar_comp22662_c0_seq1_fr6	Ccor_78081	1.0	S	0.0	Apar	Ccor
Apar_comp22662_c0_seq1_fr6	Ppal_EFA84886_1	1.0	S	0.0	Apar	Ppal
Apar_comp22662_c0_seq1_fr6	Ehux_223194	1.0	S	0.0	Apar	Ehux
Apar_comp22662_c0_seq1_fr6	Ddis_XP_635865	1.0	S	0.0	Apar	Ddis
Atha_AT3G21820	Acoe_005_00445	1.0	S	0.0	Atha	Acoe
Rirr_72238	Amac_04388	1.0	S	0.0	Rirr	Amac
Rirr_72238	Gpro_54135	1.0	S	0.0	Rirr	Gpro
Hsap_ENSP00000374152	Nvec_XP_001627062	1.0	S	0.0	Hsap	Nvec
Hsap_ENSP00000374152	Cgig_10009476	1.0	S	0.0	Hsap	Cgig
Hsap_ENSP00000374152	Spur_XP_784346	1.0	S	0.0	Hsap	Spur
Hsap_ENSP00000374152	Dmel_FBpp0083507	1.0	S	0.0	Hsap	Dmel
Hsap_ENSP00000374152	Ctel_159764	1.0	S	0.0	Hsap	Ctel
Hsap_ENSP00000374152	Lgig_231752	1.0	S	0.0	Hsap	Lgig
Hsap_ENSP00000374152	Adig_9231v106136	1.0	S	0.0	Hsap	Adig
Hsap_ENSP00000374152	Cowc_CAOG_07464	1.0	S	0.0	Hsap	Cowc
Hsap_ENSP00000374152	Tadh_XP_002114620	1.0	S	0.0	Hsap	Tadh
Hsap_ENSP00000374152	Skow_XP_002735533	1.0	S	0.0	Hsap	Skow
Aano_F0XYZ4	Ptri_XP_002176313	1.0	S	0.0	Aano	Ptri
Aano_F0XYZ4	Aker_62099	1.0	S	0.0	Aano	Aker
Cfra_4843T1	Sarc_SARC_01035	1.0	S	0.0	Cfra	Sarc
Lmaj_XP_001682529	Tcru_XP_819951	1.0	S	0.0	Lmaj	Tcru
Lmaj_XP_001682529	Tcru_XP_815256	1.0	S	0.0	Lmaj	Tcru
Lmaj_XP_001680872	Tcru_XP_811365	1.0	S	0.0	Lmaj	Tcru
Lmaj_XP_001680872	Tcru_XP_819619	1.0	S	0.0	Lmaj	Tcru
Rirr_345750	Gthe_148776	1.0	S	0.0	Rirr	Gthe
Crei_XP_001703683	Tpse_XP_002296687	1.0	S	0.0	Crei	Tpse
Crei_XP_001703683	Ngru_XP_002681273	1.0	S	0.0	Crei	Ngru
Bsal_BS57140	Lmaj_XP_001681739	1.0	S	0.0	Bsal	Lmaj
Dmel_FBpp0075717	Apar_comp22662_c0_seq1_fr6	1.0	S	0.0	Dmel	Apar
Ppal_EFA84886_1	Ehux_223194	1.0	S	0.0	Ppal	Ehux
Ppal_EFA84886_1	Nspp_11197_fr2	1.0	S	0.0	Ppal	Nspp
Ppal_EFA84886_1	Mver_00444	1.0	S	0.0	Ppal	Mver
Ppal_EFA84886_1	Ccor_78081	1.0	S	0.0	Ppal	Ccor
Ddis_XP_635865	Ehux_223194	1.0	S	0.0	Ddis	Ehux
Ddis_XP_635865	Nspp_11197_fr2	1.0	S	0.0	Ddis	Nspp
Ddis_XP_635865	Mver_00444	1.0	S	0.0	Ddis	Mver
Ddis_XP_635865	Ccor_78081	1.0	S	0.0	Ddis	Ccor
Amac_04388	Gpro_54135	1.0	S	0.0	Amac	Gpro
Lgig_160845	Cgig_10010760	1.0	S	0.0	Lgig	Cgig
Lgig_160845	Cgig_10010761	1.0	S	0.0	Lgig	Cgig
Ctel_159764	Cgig_10009476	1.0	S	0.0	Ctel	Cgig
Ctel_159764	Spur_XP_784346	1.0	S	0.0	Ctel	Spur
Ctel_159764	Tadh_XP_002114620	1.0	S	0.0	Ctel	Tadh
Ctel_159764	Skow_XP_002735533	1.0	S	0.0	Ctel	Skow
Ctel_159764	Cowc_CAOG_07464	1.0	S	0.0	Ctel	Cowc
Nvec_XP_001627062	Cgig_10009476	1.0	S	0.0	Nvec	Cgig
Nvec_XP_001627062	Spur_XP_784346	1.0	S	0.0	Nvec	Spur
Nvec_XP_001627062	Tadh_XP_002114620	1.0	S	0.0	Nvec	Tadh
Nvec_XP_001627062	Skow_XP_002735533	1.0	S	0.0	Nvec	Skow
Nvec_XP_001627062	Cowc_CAOG_07464	1.0	S	0.0	Nvec	Cowc
Lgig_231752	Cgig_10009476	1.0	S	0.0	Lgig	Cgig
Lgig_231752	Spur_XP_784346	1.0	S	0.0	Lgig	Spur
Lgig_231752	Tadh_XP_002114620	1.0	S	0.0	Lgig	Tadh
Lgig_231752	Skow_XP_002735533	1.0	S	0.0	Lgig	Skow
Lgig_231752	Cowc_CAOG_07464	1.0	S	0.0	Lgig	Cowc
Dmel_FBpp0083507	Cgig_10009476	1.0	S	0.0	Dmel	Cgig
Dmel_FBpp0083507	Spur_XP_784346	1.0	S	0.0	Dmel	Spur
Dmel_FBpp0083507	Tadh_XP_002114620	1.0	S	0.0	Dmel	Tadh
Dmel_FBpp0083507	Skow_XP_002735533	1.0	S	0.0	Dmel	Skow
Dmel_FBpp0083507	Cowc_CAOG_07464	1.0	S	0.0	Dmel	Cowc
Adig_9231v106136	Cgig_10009476	1.0	S	0.0	Adig	Cgig
Adig_9231v106136	Spur_XP_784346	1.0	S	0.0	Adig	Spur
Adig_9231v106136	Tadh_XP_002114620	1.0	S	0.0	Adig	Tadh
Adig_9231v106136	Skow_XP_002735533	1.0	S	0.0	Adig	Skow
Adig_9231v106136	Cowc_CAOG_07464	1.0	S	0.0	Adig	Cowc
Aker_62099	Ptri_XP_002176313	1.0	S	0.0	Aker	Ptri
Tpse_XP_002296687	Ngru_XP_002681273	1.0	S	0.0	Tpse	Ngru
Ddis_XP_635865	Ppal_EFA84886_1	1.0	S	0.0	Ddis	Ppal
Ehux_223194	Mver_00444	1.0	S	0.0	Ehux	Mver
Ehux_223194	Ccor_78081	1.0	S	0.0	Ehux	Ccor
Nspp_11197_fr2	Mver_00444	1.0	S	0.0	Nspp	Mver
Nspp_11197_fr2	Ccor_78081	1.0	S	0.0	Nspp	Ccor
Ctel_159764	Nvec_XP_001627062	1.0	S	0.0	Ctel	Nvec
Ctel_159764	Lgig_231752	1.0	S	0.0	Ctel	Lgig
Ctel_159764	Dmel_FBpp0083507	1.0	S	0.0	Ctel	Dmel
Ctel_159764	Adig_9231v106136	1.0	S	0.0	Ctel	Adig
Skow_XP_002735533	Cgig_10009476	1.0	S	0.0	Skow	Cgig
Skow_XP_002735533	Spur_XP_784346	1.0	S	0.0	Skow	Spur
Skow_XP_002735533	Tadh_XP_002114620	1.0	S	0.0	Skow	Tadh
Cowc_CAOG_07464	Cgig_10009476	1.0	S	0.0	Cowc	Cgig
Cowc_CAOG_07464	Spur_XP_784346	1.0	S	0.0	Cowc	Spur
Cowc_CAOG_07464	Tadh_XP_002114620	1.0	S	0.0	Cowc	Tadh
Ehux_223194	Nspp_11197_fr2	1.0	S	0.0	Ehux	Nspp
Ccor_78081	Mver_00444	1.0	S	0.0	Ccor	Mver
Lgig_231752	Nvec_XP_001627062	1.0	S	0.0	Lgig	Nvec
Lgig_231752	Dmel_FBpp0083507	1.0	S	0.0	Lgig	Dmel
Adig_9231v106136	Nvec_XP_001627062	1.0	S	0.0	Adig	Nvec
Adig_9231v106136	Dmel_FBpp0083507	1.0	S	0.0	Adig	Dmel
Cowc_CAOG_07464	Skow_XP_002735533	1.0	S	0.0	Cowc	Skow
Tadh_XP_002114620	Cgig_10009476	1.0	S	0.0	Tadh	Cgig
Tadh_XP_002114620	Spur_XP_784346	1.0	S	0.0	Tadh	Spur
Adig_9231v106136	Lgig_231752	1.0	S	0.0	Adig	Lgig
Dmel_FBpp0083507	Nvec_XP_001627062	1.0	S	0.0	Dmel	Nvec
Cgig_10009476	Spur_XP_784346	1.0	S	0.0	Cgig	Spur
