Hsap_ENSP00000219315	Amac_13919	S	SETD6
Hsap_ENSP00000219315	Aque_XP_003382977	S	SETD6
Hsap_ENSP00000219315	Cang_156814	S	SETD6
Hsap_ENSP00000219315	Ccin_CC1G_03233	S	SETD6
Hsap_ENSP00000219315	Cgig_10004098	S	SETD6
Hsap_ENSP00000219315	Cint_ENSCINP00000020186	S	SETD6
Hsap_ENSP00000219315	Cneo_XP_567975	S	SETD6
Hsap_ENSP00000219315	Crei_XP_001703371	S	SETD6
Hsap_ENSP00000219315	Ctel_151537	S	SETD6
Hsap_ENSP00000219315	Fgra_FGSG_13489	S	SETD6
Hsap_ENSP00000219315	Lgig_217400	S	SETD6
Hsap_ENSP00000219315	Mbre_XP_001748684	S	SETD6
Hsap_ENSP00000219315	Mcir_Mucci2_106194	S	SETD6
Hsap_ENSP00000219315	Mpus_Micpu197287	S	SETD6
Hsap_ENSP00000219315	Mver_06965	S	SETD6
Hsap_ENSP00000219315	Ncra_8714NCU09827	S	SETD6
Hsap_ENSP00000219315	Nvec_XP_001629819	S	SETD6
Hsap_ENSP00000219315	Ocar_g5802_t1	S	SETD6
Hsap_ENSP00000219315	Otau_XP_003079418	S	SETD6
Hsap_ENSP00000219315	Rirr_156604	S	SETD6
Hsap_ENSP00000219315	Rory_11187	S	SETD6
Hsap_ENSP00000219315	Scer_SCRT_00269	S	SETD6
Hsap_ENSP00000219315	Scil_68011	S	SETD6
Hsap_ENSP00000219315	Skow_XP_002731242	S	SETD6
Hsap_ENSP00000219315	Spom_NP_594072_1	S	SETD6
Hsap_ENSP00000219315	Spur_XP_787519	S	SETD6
Hsap_ENSP00000219315	Sros_PTSG_01368	S	SETD6
Hsap_ENSP00000219315	Umar_246787	S	SETD6
Hsap_ENSP00000219315	Umay_XP_759768	S	SETD6
Hsap_ENSP00000219315	Vcar_XP_002951655	S	SETD6
Hsap_ENSP00000222270	Acas_g11528	S	nan
Hsap_ENSP00000222270	Acas_g2013	S	nan
Hsap_ENSP00000222270	Adig_278v118577	S	nan
Hsap_ENSP00000222270	Apar_comp16066_c0_seq1_fr6	S	nan
Hsap_ENSP00000222270	Aque_XP_003389474	S	nan
Hsap_ENSP00000222270	Cfra_2688T1	S	nan
Hsap_ENSP00000222270	Cint_ENSCINP00000025384	S	nan
Hsap_ENSP00000222270	Ctel_179499	S	nan
Hsap_ENSP00000222270	Dmel_FBpp0082406	S	nan
Hsap_ENSP00000222270	Hmag_XP_002161520	S	nan
Hsap_ENSP00000222270	Ihof_1761	S	nan
Hsap_ENSP00000222270	Mbre_XP_001747654	S	nan
Hsap_ENSP00000222270	Mlei_ML41301a	S	nan
Hsap_ENSP00000222270	Nvec_XP_001622958	S	nan
Hsap_ENSP00000222270	Nvec_XP_001623359	S	nan
Hsap_ENSP00000222270	Ocar_g10414_t1	S	nan
Hsap_ENSP00000222270	Pyez_28201_g6931	S	nan
Hsap_ENSP00000222270	Sarc_SARC_04312	S	nan
Hsap_ENSP00000222270	Scil_30598	S	nan
Hsap_ENSP00000222270	Skow_XP_002740398	S	nan
Hsap_ENSP00000222270	Sros_PTSG_07559	S	nan
Hsap_ENSP00000222270	Tadh_XP_002112190	S	nan
Hsap_ENSP00000235372	Acas_g2756	S	PRD2
Hsap_ENSP00000235372	Adig_17466v101523	S	PRD2
Hsap_ENSP00000235372	Adig_23202v118285	S	PRD2
Hsap_ENSP00000235372	Adig_5324v122563	S	PRD2
Hsap_ENSP00000235372	Amac_01030	S	PRD2
Hsap_ENSP00000235372	Amac_02546	S	PRD2
Hsap_ENSP00000235372	Cang_28328	S	PRD2
Hsap_ENSP00000235372	Cele_F02D10_7	S	PRD2
Hsap_ENSP00000235372	Cneo_XP_572264	S	PRD2
Hsap_ENSP00000235372	Ctel_202965	S	PRD2
Hsap_ENSP00000235372	Ctel_75757	S	PRD2
Hsap_ENSP00000235372	Hmag_XP_002154805	S	PRD2
Hsap_ENSP00000235372	Lgig_156439	S	PRD2
Hsap_ENSP00000235372	Pisp_68567	S	PRD2
Hsap_ENSP00000235372	Pisp_69677	S	PRD2
Hsap_ENSP00000255613	Amac_11412	S	SUV420
Hsap_ENSP00000255613	Amac_13870	S	SUV420
Hsap_ENSP00000255613	Apar_comp16015_c3_seq1_fr4	S	SUV420
Hsap_ENSP00000255613	Bden_Batde5_8511	S	SUV420
Hsap_ENSP00000255613	Cang_122703	S	SUV420
Hsap_ENSP00000255613	Ccin_CC1G_11834	S	SUV420
Hsap_ENSP00000255613	Cele_C32D5_5	S	SUV420
Hsap_ENSP00000255613	Cfra_7019T1	S	SUV420
Hsap_ENSP00000255613	Cgig_10007764	S	SUV420
Hsap_ENSP00000255613	Cint_ENSCINP00000001120	S	SUV420
Hsap_ENSP00000255613	Clim_g4811	S	SUV420
Hsap_ENSP00000255613	Cowc_CAOG_02948	S	SUV420
Hsap_ENSP00000255613	Crev_43176	S	SUV420
Hsap_ENSP00000255613	Ctel_228696	S	SUV420
Hsap_ENSP00000255613	Dmel_FBpp0070146	S	SUV420
Hsap_ENSP00000255613	Esil_CBJ48999	S	SUV420
Hsap_ENSP00000255613	Esil_CBJ49018	S	SUV420
Hsap_ENSP00000255613	Falb_H696_04933T0	S	SUV420
Hsap_ENSP00000255613	Fgra_FGSG_06529	S	SUV420
Hsap_ENSP00000255613	Gpro_132992	S	SUV420
Hsap_ENSP00000255613	Gthe_66907	S	SUV420
Hsap_ENSP00000255613	Hmag_XP_002166241	S	SUV420
Hsap_ENSP00000255613	Ihof_10267	S	SUV420
Hsap_ENSP00000255613	Mcir_Mucci2_150356	S	SUV420
Hsap_ENSP00000255613	Mlei_ML02412a	S	SUV420
Hsap_ENSP00000255613	Mpus_Micpu57043	S	SUV420
Hsap_ENSP00000255613	Mver_08497	S	SUV420
Hsap_ENSP00000255613	Mvib_comp12474_c0_seq1_fr5	S	SUV420
Hsap_ENSP00000255613	Ncra_7565NCU08551	S	SUV420
Hsap_ENSP00000255613	Nspp_13715_fr4	S	SUV420
Hsap_ENSP00000255613	Nvec_XP_001634769	S	SUV420
Hsap_ENSP00000255613	Ocar_g3228_t1	S	SUV420
Hsap_ENSP00000255613	Pbla_Phybl2_112008	S	SUV420
Hsap_ENSP00000255613	Pisp_49244	S	SUV420
Hsap_ENSP00000255613	Rory_16697	S	SUV420
Hsap_ENSP00000255613	Skow_XP_002732220	S	SUV420
Hsap_ENSP00000255613	Spom_NP_588078_1	S	SUV420
Hsap_ENSP00000255613	Spun_SPPG_04024	S	SUV420
Hsap_ENSP00000255613	Spur_XP_800216	S	SUV420
Hsap_ENSP00000255613	Sros_PTSG_09637	S	SUV420
Hsap_ENSP00000255613	Tadh_XP_002115573	S	SUV420
Hsap_ENSP00000255613	Tmel_XP_002839141	S	SUV420
Hsap_ENSP00000255613	Umar_223368	S	SUV420
Hsap_ENSP00000255613	Umay_XP_756690	S	SUV420
Hsap_ENSP00000257745	Acas_g8180	S	SETD5
Hsap_ENSP00000257745	Adig_11240v107992	S	SETD5
Hsap_ENSP00000257745	Adig_13723v110302	S	SETD5
Hsap_ENSP00000257745	Adig_17690v113829	S	SETD5
Hsap_ENSP00000257745	Aque_XP_003383073	S	SETD5
Hsap_ENSP00000257745	Cang_50153	S	SETD5
Hsap_ENSP00000257745	Cele_Y73B3B_2	S	SETD5
Hsap_ENSP00000257745	Cgig_10010657	S	SETD5
Hsap_ENSP00000257745	Cint_ENSCINP00000024302	S	SETD5
Hsap_ENSP00000257745	Cowc_CAOG_02237	S	SETD5
Hsap_ENSP00000257745	Crev_10785	S	SETD5
Hsap_ENSP00000257745	Dmel_FBpp0075510	S	SETD5
Hsap_ENSP00000257745	Fgra_FGSG_09585	S	SETD5
Hsap_ENSP00000257745	Gthe_65244	S	SETD5
Hsap_ENSP00000257745	Hmag_XP_002158654	S	SETD5
Hsap_ENSP00000257745	Ihof_9932	S	SETD5
Hsap_ENSP00000257745	Lgig_139900	S	SETD5
Hsap_ENSP00000257745	Mbre_XP_001745803	S	SETD5
Hsap_ENSP00000257745	Mcir_Mucci2_159353	S	SETD5
Hsap_ENSP00000257745	Mcir_Mucci2_163371	S	SETD5
Hsap_ENSP00000257745	Mlei_ML01132a	S	SETD5
Hsap_ENSP00000257745	Mver_04374	S	SETD5
Hsap_ENSP00000257745	Ngru_XP_002679121	S	SETD5
Hsap_ENSP00000257745	Nvec_XP_001637486	S	SETD5
Hsap_ENSP00000257745	Ocar_g2500_t1	S	SETD5
Hsap_ENSP00000257745	Pbla_Phybl2_145894	S	SETD5
Hsap_ENSP00000257745	Ppal_EFA86338_1	S	SETD5
Hsap_ENSP00000257745	Rall_1841	S	SETD5
Hsap_ENSP00000257745	Rfil_3784744_2s	S	SETD5
Hsap_ENSP00000257745	Rirr_253856	S	SETD5
Hsap_ENSP00000257745	Rory_14883	S	SETD5
Hsap_ENSP00000257745	Rory_4092	S	SETD5
Hsap_ENSP00000257745	Scil_12689	S	SETD5
Hsap_ENSP00000257745	Scil_60754	S	SETD5
Hsap_ENSP00000257745	Scil_83602	S	SETD5
Hsap_ENSP00000257745	Scil_9219	S	SETD5
Hsap_ENSP00000257745	Spom_NP_594837_1	S	SETD5
Hsap_ENSP00000257745	Spur_XP_003726851	S	SETD5
Hsap_ENSP00000257745	Spur_XP_785251	S	SETD5
Hsap_ENSP00000257745	Tadh_XP_002117828	S	SETD5
Hsap_ENSP00000262519	Aano_F0YDE7	S	SETD1A
Hsap_ENSP00000262519	Acas_g11544	S	SETD1A
Hsap_ENSP00000262519	Acoe_017_00002	S	SETD1A
Hsap_ENSP00000262519	Amac_13344	S	SETD1A
Hsap_ENSP00000262519	Amac_13595	S	SETD1A
Hsap_ENSP00000262519	Apar_comp26195_c0_seq1_fr6	S	SETD1A
Hsap_ENSP00000262519	Aque_XP_003385238	S	SETD1A
Hsap_ENSP00000262519	Atha_AT5G42400	S	SETD1A
Hsap_ENSP00000262519	Bden_Batde5_35515	S	SETD1A
Hsap_ENSP00000262519	Bdis_4g01790	S	SETD1A
Hsap_ENSP00000262519	Cang_102567	S	SETD1A
Hsap_ENSP00000262519	Ccor_82240	S	SETD1A
Hsap_ENSP00000262519	Cele_C26E6_9c	S	SETD1A
Hsap_ENSP00000262519	Cfra_6039T1	S	SETD1A
Hsap_ENSP00000262519	Cgig_10017490	S	SETD1A
Hsap_ENSP00000262519	Clim_g610	S	SETD1A
Hsap_ENSP00000262519	Cowc_CAOG_03580	S	SETD1A
Hsap_ENSP00000262519	Crev_25774	S	SETD1A
Hsap_ENSP00000262519	Ctel_150651	S	SETD1A
Hsap_ENSP00000262519	Ddis_XP_636258	S	SETD1A
Hsap_ENSP00000262519	Dmel_FBpp0112592	S	SETD1A
Hsap_ENSP00000262519	Ehux_206556	S	SETD1A
Hsap_ENSP00000262519	Ehux_311470	S	SETD1A
Hsap_ENSP00000262519	Ehux_70530	S	SETD1A
Hsap_ENSP00000262519	Esil_CBN74374	S	SETD1A
Hsap_ENSP00000262519	Fgra_FGSG_07445	S	SETD1A
Hsap_ENSP00000262519	Gpro_96002	S	SETD1A
Hsap_ENSP00000262519	Hmag_XP_002161122	S	SETD1A
Hsap_ENSP00000262519	Ihof_3741	S	SETD1A
Hsap_ENSP00000262519	Ihof_9721	S	SETD1A
Hsap_ENSP00000262519	Lgig_138486	S	SETD1A
Hsap_ENSP00000262519	Lmaj_XP_001684837	S	SETD1A
Hsap_ENSP00000262519	Mbre_XP_001748661	S	SETD1A
Hsap_ENSP00000262519	Mcir_Mucci2_137855	S	SETD1A
Hsap_ENSP00000262519	Mgut_mgv1a023175m	S	SETD1A
Hsap_ENSP00000262519	Mlei_ML056953a	S	SETD1A
Hsap_ENSP00000262519	Mver_03320	S	SETD1A
Hsap_ENSP00000262519	Mvib_comp3625_c0_seq1_fr6	S	SETD1A
Hsap_ENSP00000262519	Ncra_1100NCU01206	S	SETD1A
Hsap_ENSP00000262519	Ngad_00849_01	S	SETD1A
Hsap_ENSP00000262519	Ngru_XP_002683109	S	SETD1A
Hsap_ENSP00000262519	Nspp_552_fr5	S	SETD1A
Hsap_ENSP00000262519	Nvec_XP_001636609	S	SETD1A
Hsap_ENSP00000262519	Ocar_g9304_t1	S	SETD1A
Hsap_ENSP00000262519	Pbla_Phybl2_20422	S	SETD1A
Hsap_ENSP00000262519	Pbla_Phybl2_34196	S	SETD1A
Hsap_ENSP00000262519	Pisp_26066	S	SETD1A
Hsap_ENSP00000262519	Ppal_EFA75361_1	S	SETD1A
Hsap_ENSP00000262519	Ppat_XP_001768289	S	SETD1A
Hsap_ENSP00000262519	Ppat_XP_001771062	S	SETD1A
Hsap_ENSP00000262519	Ptri_XP_002184115	S	SETD1A
Hsap_ENSP00000262519	Ptri_XP_002184116	S	SETD1A
Hsap_ENSP00000262519	Rall_5515	S	SETD1A
Hsap_ENSP00000262519	Rfil_3789713_2s	S	SETD1A
Hsap_ENSP00000262519	Rory_11085	S	SETD1A
Hsap_ENSP00000262519	Rory_5510	S	SETD1A
Hsap_ENSP00000262519	Sarc_SARC_05279	S	SETD1A
Hsap_ENSP00000262519	Sbic_08g002530	S	SETD1A
Hsap_ENSP00000262519	Scer_SCRT_04833	S	SETD1A
Hsap_ENSP00000262519	Scil_54447	S	SETD1A
Hsap_ENSP00000262519	Smoe_XP_002962407	S	SETD1A
Hsap_ENSP00000262519	Smoe_XP_002963921	S	SETD1A
Hsap_ENSP00000262519	Smoe_XP_002965618	S	SETD1A
Hsap_ENSP00000262519	Spom_NP_587812_1	S	SETD1A
Hsap_ENSP00000262519	Spun_SPPG_04443	S	SETD1A
Hsap_ENSP00000262519	Sros_PTSG_11893	S	SETD1A
Hsap_ENSP00000262519	Tadh_XP_002117297	S	SETD1A
Hsap_ENSP00000262519	Tmel_XP_002840838	S	SETD1A
Hsap_ENSP00000262519	Umar_174815	S	SETD1A
Hsap_ENSP00000262519	Umay_XP_758824	S	SETD1A
Hsap_ENSP00000264646	Aano_F0XVI4	S	EZH
Hsap_ENSP00000264646	Acoe_003_00541	S	EZH
Hsap_ENSP00000264646	Acoe_015_00009	S	EZH
Hsap_ENSP00000264646	Adig_6676v104625	S	EZH
Hsap_ENSP00000264646	Apar_comp18592_c0_seq1_fr6	S	EZH
Hsap_ENSP00000264646	Atha_AT1G02580	S	EZH
Hsap_ENSP00000264646	Atha_AT2G23380	S	EZH
Hsap_ENSP00000264646	Atha_AT4G02020	S	EZH
Hsap_ENSP00000264646	Bdis_1g48340	S	EZH
Hsap_ENSP00000264646	Bdis_1g64460	S	EZH
Hsap_ENSP00000264646	Ccin_CC1G_09236	S	EZH
Hsap_ENSP00000264646	Ccri_T00007737001	S	EZH
Hsap_ENSP00000264646	Cele_R06A4_7	S	EZH
Hsap_ENSP00000264646	Cint_ENSCINP00000016340	S	EZH
Hsap_ENSP00000264646	Ctel_20226	S	EZH
Hsap_ENSP00000264646	Cvar_EFN54582	S	EZH
Hsap_ENSP00000264646	Gthe_43393	S	EZH
Hsap_ENSP00000264646	Hmag_XP_002165490	S	EZH
Hsap_ENSP00000264646	Mbre_XP_001742056	S	EZH
Hsap_ENSP00000264646	Mgut_mgv1a001364m	S	EZH
Hsap_ENSP00000264646	Mgut_mgv1a002769m	S	EZH
Hsap_ENSP00000264646	Mlei_ML01861a	S	EZH
Hsap_ENSP00000264646	Mpus_Micpu59369	S	EZH
Hsap_ENSP00000264646	Nspp_13586_fr5	S	EZH
Hsap_ENSP00000264646	Nvec_XP_001622422	S	EZH
Hsap_ENSP00000264646	Ocar_g575_t1	S	EZH
Hsap_ENSP00000264646	Otau_XP_003082958	S	EZH
Hsap_ENSP00000264646	Pinf_XP_002900788	S	EZH
Hsap_ENSP00000264646	Pinf_XP_002902603	S	EZH
Hsap_ENSP00000264646	Ppat_XP_001768188	S	EZH
Hsap_ENSP00000264646	Rall_1005	S	EZH
Hsap_ENSP00000264646	Rirr_345734	S	EZH
Hsap_ENSP00000264646	Sbic_01g037450	S	EZH
Hsap_ENSP00000264646	Sbic_10g004560	S	EZH
Hsap_ENSP00000264646	Scil_36565	S	EZH
Hsap_ENSP00000264646	Smoe_XP_002980071	S	EZH
Hsap_ENSP00000264646	Smoe_XP_002987466	S	EZH
Hsap_ENSP00000264646	Smoe_XP_002994616	S	EZH
Hsap_ENSP00000264646	Spun_SPPG_03589	S	EZH
Hsap_ENSP00000264646	Spur_XP_001187524	S	EZH
Hsap_ENSP00000264646	Spur_XP_003725981	S	EZH
Hsap_ENSP00000264646	Spur_XP_790741	S	EZH
Hsap_ENSP00000264646	Sros_PTSG_12482	S	EZH
Hsap_ENSP00000264646	Tadh_XP_002110982	S	EZH
Hsap_ENSP00000264646	Tmel_XP_002841864	S	EZH
Hsap_ENSP00000264646	Vcar_XP_002958368	S	EZH
Hsap_ENSP00000267197	Aano_F0YDE7	S	nan
Hsap_ENSP00000267197	Acas_g11544	S	nan
Hsap_ENSP00000267197	Acoe_017_00002	S	nan
Hsap_ENSP00000267197	Amac_13344	S	nan
Hsap_ENSP00000267197	Amac_13595	S	nan
Hsap_ENSP00000267197	Apar_comp26195_c0_seq1_fr6	S	nan
Hsap_ENSP00000267197	Aque_XP_003385238	S	nan
Hsap_ENSP00000267197	Atha_AT5G42400	S	nan
Hsap_ENSP00000267197	Bden_Batde5_35515	S	nan
Hsap_ENSP00000267197	Bdis_4g01790	S	nan
Hsap_ENSP00000267197	Cang_102567	S	nan
Hsap_ENSP00000267197	Ccor_82240	S	nan
Hsap_ENSP00000267197	Cele_C26E6_9c	S	nan
Hsap_ENSP00000267197	Cfra_6039T1	S	nan
Hsap_ENSP00000267197	Cgig_10017490	S	nan
Hsap_ENSP00000267197	Cint_ENSCINP00000011316	S	nan
Hsap_ENSP00000267197	Clim_g610	S	nan
Hsap_ENSP00000267197	Cowc_CAOG_03580	S	nan
Hsap_ENSP00000267197	Crev_25774	S	nan
Hsap_ENSP00000267197	Ctel_150651	S	nan
Hsap_ENSP00000267197	Ddis_XP_636258	S	nan
Hsap_ENSP00000267197	Dmel_FBpp0112592	S	nan
Hsap_ENSP00000267197	Ehux_206556	S	nan
Hsap_ENSP00000267197	Ehux_311470	S	nan
Hsap_ENSP00000267197	Ehux_70530	S	nan
Hsap_ENSP00000267197	Esil_CBN74374	S	nan
Hsap_ENSP00000267197	Fgra_FGSG_07445	S	nan
Hsap_ENSP00000267197	Gpro_96002	S	nan
Hsap_ENSP00000267197	Hmag_XP_002161122	S	nan
Hsap_ENSP00000267197	Ihof_3741	S	nan
Hsap_ENSP00000267197	Ihof_9721	S	nan
Hsap_ENSP00000267197	Lgig_138486	S	nan
Hsap_ENSP00000267197	Lmaj_XP_001684837	S	nan
Hsap_ENSP00000267197	Mbre_XP_001748661	S	nan
Hsap_ENSP00000267197	Mcir_Mucci2_137855	S	nan
Hsap_ENSP00000267197	Mgut_mgv1a023175m	S	nan
Hsap_ENSP00000267197	Mlei_ML056953a	S	nan
Hsap_ENSP00000267197	Mver_03320	S	nan
Hsap_ENSP00000267197	Mvib_comp3625_c0_seq1_fr6	S	nan
Hsap_ENSP00000267197	Ncra_1100NCU01206	S	nan
Hsap_ENSP00000267197	Ngad_00849_01	S	nan
Hsap_ENSP00000267197	Ngru_XP_002683109	S	nan
Hsap_ENSP00000267197	Nspp_552_fr5	S	nan
Hsap_ENSP00000267197	Nvec_XP_001636609	S	nan
Hsap_ENSP00000267197	Ocar_g9304_t1	S	nan
Hsap_ENSP00000267197	Pbla_Phybl2_20422	S	nan
Hsap_ENSP00000267197	Pbla_Phybl2_34196	S	nan
Hsap_ENSP00000267197	Pisp_26066	S	nan
Hsap_ENSP00000267197	Ppal_EFA75361_1	S	nan
Hsap_ENSP00000267197	Ppat_XP_001768289	S	nan
Hsap_ENSP00000267197	Ppat_XP_001771062	S	nan
Hsap_ENSP00000267197	Ptri_XP_002184115	S	nan
Hsap_ENSP00000267197	Ptri_XP_002184116	S	nan
Hsap_ENSP00000267197	Rall_5515	S	nan
Hsap_ENSP00000267197	Rfil_3789713_2s	S	nan
Hsap_ENSP00000267197	Rory_11085	S	nan
Hsap_ENSP00000267197	Rory_5510	S	nan
Hsap_ENSP00000267197	Sarc_SARC_05279	S	nan
Hsap_ENSP00000267197	Sbic_08g002530	S	nan
Hsap_ENSP00000267197	Scer_SCRT_04833	S	nan
Hsap_ENSP00000267197	Scil_54447	S	nan
Hsap_ENSP00000267197	Smoe_XP_002962407	S	nan
Hsap_ENSP00000267197	Smoe_XP_002963921	S	nan
Hsap_ENSP00000267197	Smoe_XP_002965618	S	nan
Hsap_ENSP00000267197	Spom_NP_587812_1	S	nan
Hsap_ENSP00000267197	Spun_SPPG_04443	S	nan
Hsap_ENSP00000267197	Spur_XP_003727587	S	nan
Hsap_ENSP00000267197	Sros_PTSG_11893	S	nan
Hsap_ENSP00000267197	Tadh_XP_002117297	S	nan
Hsap_ENSP00000267197	Tmel_XP_002840838	S	nan
Hsap_ENSP00000267197	Umar_174815	S	nan
Hsap_ENSP00000267197	Umay_XP_758824	S	nan
Hsap_ENSP00000271640	Aano_F0XVZ8	S	SETD1B
Hsap_ENSP00000271640	Aano_F0YGG4	S	SETD1B
Hsap_ENSP00000271640	Adig_5360v122594	S	SETD1B
Hsap_ENSP00000271640	Aque_XP_003387124	S	SETD1B
Hsap_ENSP00000271640	Ccin_CC1G_15399	S	SETD1B
Hsap_ENSP00000271640	Cgig_10026622	S	SETD1B
Hsap_ENSP00000271640	Ctel_224568	S	SETD1B
Hsap_ENSP00000271640	Cvar_EFN54317	S	SETD1B
Hsap_ENSP00000271640	Dmel_FBpp0111689	S	SETD1B
Hsap_ENSP00000271640	Fgra_FGSG_02778	S	SETD1B
Hsap_ENSP00000271640	Hmag_XP_002169411	S	SETD1B
Hsap_ENSP00000271640	Lgig_111681	S	SETD1B
Hsap_ENSP00000271640	Mbre_XP_001751054	S	SETD1B
Hsap_ENSP00000271640	Mvib_comp13337_c0_seq1_fr4	S	SETD1B
Hsap_ENSP00000271640	Ncra_3927NCU04402	S	SETD1B
Hsap_ENSP00000271640	Ngru_XP_002672965	S	SETD1B
Hsap_ENSP00000271640	Nvec_XP_001627377	S	SETD1B
Hsap_ENSP00000271640	Scil_27079	S	SETD1B
Hsap_ENSP00000271640	Skow_XP_002731923	S	SETD1B
Hsap_ENSP00000271640	Spur_XP_003723917	S	SETD1B
Hsap_ENSP00000271640	Tadh_XP_002117622	S	SETD1B
Hsap_ENSP00000271640	Tadh_XP_002117623	S	SETD1B
Hsap_ENSP00000271640	Tvag_XP_001322206	S	SETD1B
Hsap_ENSP00000274031	Acas_g2756	S	SETD7
Hsap_ENSP00000274031	Apar_comp12770_c0_seq1_fr4	S	SETD7
Hsap_ENSP00000274031	Bnat_90901	S	SETD7
Hsap_ENSP00000274031	Ccor_71261	S	SETD7
Hsap_ENSP00000274031	Cowc_CAOG_04513	S	SETD7
Hsap_ENSP00000274031	Ddis_XP_636856	S	SETD7
Hsap_ENSP00000274031	Gpro_66573	S	SETD7
Hsap_ENSP00000274031	Gthe_150215	S	SETD7
Hsap_ENSP00000274031	Ihof_5851	S	SETD7
Hsap_ENSP00000274031	Mver_05382	S	SETD7
Hsap_ENSP00000274031	Pbla_Phybl2_188395	S	SETD7
Hsap_ENSP00000274031	Ppal_EFA77773_1	S	SETD7
Hsap_ENSP00000274031	Sarc_SARC_15066	S	SETD7
Hsap_ENSP00000274031	Tadh_XP_002112735	S	SETD7
Hsap_ENSP00000274031	Umar_250739	S	SETD7
Hsap_ENSP00000276594	Acas_g2756	S	nan
Hsap_ENSP00000276594	Amac_01030	S	nan
Hsap_ENSP00000276594	Amac_02546	S	nan
Hsap_ENSP00000276594	Cang_28328	S	nan
Hsap_ENSP00000276594	Cele_F02D10_7	S	nan
Hsap_ENSP00000276594	Cneo_XP_572264	S	nan
Hsap_ENSP00000276594	Pisp_68567	S	nan
Hsap_ENSP00000276594	Pisp_69677	S	nan
Hsap_ENSP00000276594	Skow_XP_002739286	S	nan
Hsap_ENSP00000301067	Adig_1072v119182	S	nan
Hsap_ENSP00000301067	Bdis_3g13430	S	nan
Hsap_ENSP00000301067	Ccri_T00005548001	S	nan
Hsap_ENSP00000301067	Cele_T12D8_1	S	nan
Hsap_ENSP00000301067	Cgig_10022561	S	nan
Hsap_ENSP00000301067	Cint_ENSCINP00000003156	S	nan
Hsap_ENSP00000301067	Clim_g3288	S	nan
Hsap_ENSP00000301067	Cowc_CAOG_01362	S	nan
Hsap_ENSP00000301067	Ctel_153177	S	nan
Hsap_ENSP00000301067	Dmel_FBpp0070347	S	nan
Hsap_ENSP00000301067	Gpro_66054	S	nan
Hsap_ENSP00000301067	Hmag_XP_002169286	S	nan
Hsap_ENSP00000301067	Lgig_215812	S	nan
Hsap_ENSP00000301067	Mlei_ML015714a	S	nan
Hsap_ENSP00000301067	Nspp_18097_fr5	S	nan
Hsap_ENSP00000301067	Nvec_XP_001629652	S	nan
Hsap_ENSP00000301067	Scil_6054	S	nan
Hsap_ENSP00000301067	Skow_XP_002736118	S	nan
Hsap_ENSP00000301067	Tadh_XP_002117983	S	nan
Hsap_ENSP00000304360	Cowc_CAOG_04094	S	SMYD4
Hsap_ENSP00000304360	Cpar_27811Contig55046	S	SMYD4
Hsap_ENSP00000304360	Ctel_197951	S	SMYD4
Hsap_ENSP00000304360	Ddis_XP_629223	S	SMYD4
Hsap_ENSP00000304360	Dmel_FBpp0087625	S	SMYD4
Hsap_ENSP00000304360	Hmag_XP_002160254	S	SMYD4
Hsap_ENSP00000304360	Lgig_169490	S	SMYD4
Hsap_ENSP00000304360	Mlei_ML368810a	S	SMYD4
Hsap_ENSP00000304360	Ocar_g9404_t1	S	SMYD4
Hsap_ENSP00000304360	Ppal_EFA81042_1	S	SMYD4
Hsap_ENSP00000304360	Skow_XP_002733823	S	SMYD4
Hsap_ENSP00000304360	Spur_XP_001181205	S	SMYD4
Hsap_ENSP00000304360	Spur_XP_781331	S	SMYD4
Hsap_ENSP00000305899	Amac_11412	S	nan
Hsap_ENSP00000305899	Amac_13870	S	nan
Hsap_ENSP00000305899	Apar_comp16015_c3_seq1_fr4	S	nan
Hsap_ENSP00000305899	Bden_Batde5_8511	S	nan
Hsap_ENSP00000305899	Cang_122703	S	nan
Hsap_ENSP00000305899	Ccin_CC1G_11834	S	nan
Hsap_ENSP00000305899	Cfra_7019T1	S	nan
Hsap_ENSP00000305899	Clim_g4811	S	nan
Hsap_ENSP00000305899	Cowc_CAOG_02948	S	nan
Hsap_ENSP00000305899	Crev_43176	S	nan
Hsap_ENSP00000305899	Ctel_228696	S	nan
Hsap_ENSP00000305899	Dmel_FBpp0070146	S	nan
Hsap_ENSP00000305899	Esil_CBJ48999	S	nan
Hsap_ENSP00000305899	Esil_CBJ49018	S	nan
Hsap_ENSP00000305899	Falb_H696_04933T0	S	nan
Hsap_ENSP00000305899	Fgra_FGSG_06529	S	nan
Hsap_ENSP00000305899	Gpro_132992	S	nan
Hsap_ENSP00000305899	Gthe_66907	S	nan
Hsap_ENSP00000305899	Hmag_XP_002166241	S	nan
Hsap_ENSP00000305899	Ihof_10267	S	nan
Hsap_ENSP00000305899	Lgig_116803	S	nan
Hsap_ENSP00000305899	Mcir_Mucci2_150356	S	nan
Hsap_ENSP00000305899	Mlei_ML02412a	S	nan
Hsap_ENSP00000305899	Mpus_Micpu57043	S	nan
Hsap_ENSP00000305899	Mver_08497	S	nan
Hsap_ENSP00000305899	Mvib_comp12474_c0_seq1_fr5	S	nan
Hsap_ENSP00000305899	Ncra_7565NCU08551	S	nan
Hsap_ENSP00000305899	Nspp_13715_fr4	S	nan
Hsap_ENSP00000305899	Nvec_XP_001634769	S	nan
Hsap_ENSP00000305899	Ocar_g3228_t1	S	nan
Hsap_ENSP00000305899	Pbla_Phybl2_112008	S	nan
Hsap_ENSP00000305899	Pisp_49244	S	nan
Hsap_ENSP00000305899	Rory_16697	S	nan
Hsap_ENSP00000305899	Spom_NP_588078_1	S	nan
Hsap_ENSP00000305899	Spun_SPPG_04024	S	nan
Hsap_ENSP00000305899	Sros_PTSG_09637	S	nan
Hsap_ENSP00000305899	Tadh_XP_002115573	S	nan
Hsap_ENSP00000305899	Tmel_XP_002839141	S	nan
Hsap_ENSP00000305899	Umar_223368	S	nan
Hsap_ENSP00000305899	Umay_XP_756690	S	nan
Hsap_ENSP00000313983	Cgig_10013318	S	NSD3
Hsap_ENSP00000313983	Cint_ENSCINP00000025831	S	NSD3
Hsap_ENSP00000313983	Ctel_93578	S	NSD3
Hsap_ENSP00000313983	Hmag_XP_002164851	S	NSD3
Hsap_ENSP00000313983	Lgig_123404	S	NSD3
Hsap_ENSP00000313983	Lgig_192045	S	NSD3
Hsap_ENSP00000313983	Mlei_ML033625a	S	NSD3
Hsap_ENSP00000313983	Nvec_XP_001635219	S	NSD3
Hsap_ENSP00000313983	Skow_XP_002731935	S	NSD3
Hsap_ENSP00000313983	Spur_XP_785219	S	NSD3
Hsap_ENSP00000313983	Tadh_XP_002116791	S	NSD3
Hsap_ENSP00000320147	Aano_F0XVI4	S	nan
Hsap_ENSP00000320147	Acoe_003_00541	S	nan
Hsap_ENSP00000320147	Acoe_015_00009	S	nan
Hsap_ENSP00000320147	Adig_6676v104625	S	nan
Hsap_ENSP00000320147	Apar_comp18592_c0_seq1_fr6	S	nan
Hsap_ENSP00000320147	Aque_XP_003390508	S	nan
Hsap_ENSP00000320147	Atha_AT1G02580	S	nan
Hsap_ENSP00000320147	Atha_AT2G23380	S	nan
Hsap_ENSP00000320147	Atha_AT4G02020	S	nan
Hsap_ENSP00000320147	Bdis_1g48340	S	nan
Hsap_ENSP00000320147	Bdis_1g64460	S	nan
Hsap_ENSP00000320147	Ccin_CC1G_09236	S	nan
Hsap_ENSP00000320147	Ccri_T00007737001	S	nan
Hsap_ENSP00000320147	Cele_R06A4_7	S	nan
Hsap_ENSP00000320147	Cgig_10023111	S	nan
Hsap_ENSP00000320147	Cint_ENSCINP00000016340	S	nan
Hsap_ENSP00000320147	Ctel_20226	S	nan
Hsap_ENSP00000320147	Cvar_EFN54582	S	nan
Hsap_ENSP00000320147	Dmel_FBpp0076008	S	nan
Hsap_ENSP00000320147	Gthe_43393	S	nan
Hsap_ENSP00000320147	Hmag_XP_002165490	S	nan
Hsap_ENSP00000320147	Lgig_200654	S	nan
Hsap_ENSP00000320147	Mbre_XP_001742056	S	nan
Hsap_ENSP00000320147	Mgut_mgv1a001364m	S	nan
Hsap_ENSP00000320147	Mgut_mgv1a002769m	S	nan
Hsap_ENSP00000320147	Mlei_ML01861a	S	nan
Hsap_ENSP00000320147	Mpus_Micpu59369	S	nan
Hsap_ENSP00000320147	Nspp_13586_fr5	S	nan
Hsap_ENSP00000320147	Nvec_XP_001622422	S	nan
Hsap_ENSP00000320147	Ocar_g575_t1	S	nan
Hsap_ENSP00000320147	Otau_XP_003082958	S	nan
Hsap_ENSP00000320147	Pinf_XP_002900788	S	nan
Hsap_ENSP00000320147	Pinf_XP_002902603	S	nan
Hsap_ENSP00000320147	Ppat_XP_001768188	S	nan
Hsap_ENSP00000320147	Rall_1005	S	nan
Hsap_ENSP00000320147	Rirr_345734	S	nan
Hsap_ENSP00000320147	Sbic_01g037450	S	nan
Hsap_ENSP00000320147	Sbic_10g004560	S	nan
Hsap_ENSP00000320147	Scil_36565	S	nan
Hsap_ENSP00000320147	Smoe_XP_002980071	S	nan
Hsap_ENSP00000320147	Smoe_XP_002987466	S	nan
Hsap_ENSP00000320147	Smoe_XP_002994616	S	nan
Hsap_ENSP00000320147	Spun_SPPG_03589	S	nan
Hsap_ENSP00000320147	Spur_XP_001187524	S	nan
Hsap_ENSP00000320147	Spur_XP_003725981	S	nan
Hsap_ENSP00000320147	Spur_XP_790741	S	nan
Hsap_ENSP00000320147	Sros_PTSG_12482	S	nan
Hsap_ENSP00000320147	Tadh_XP_002110982	S	nan
Hsap_ENSP00000320147	Tmel_XP_002841864	S	nan
Hsap_ENSP00000320147	Vcar_XP_002958368	S	nan
Hsap_ENSP00000326477	Aano_F0XVZ8	S	nan
Hsap_ENSP00000326477	Aano_F0YGG4	S	nan
Hsap_ENSP00000326477	Adig_5360v122594	S	nan
Hsap_ENSP00000326477	Aque_XP_003387124	S	nan
Hsap_ENSP00000326477	Ccin_CC1G_15399	S	nan
Hsap_ENSP00000326477	Cele_R05D3_11	S	nan
Hsap_ENSP00000326477	Cgig_10026622	S	nan
Hsap_ENSP00000326477	Cint_ENSCINP00000019485	S	nan
Hsap_ENSP00000326477	Ctel_224568	S	nan
Hsap_ENSP00000326477	Cvar_EFN54317	S	nan
Hsap_ENSP00000326477	Dmel_FBpp0111689	S	nan
Hsap_ENSP00000326477	Fgra_FGSG_02778	S	nan
Hsap_ENSP00000326477	Hmag_XP_002169411	S	nan
Hsap_ENSP00000326477	Lgig_111681	S	nan
Hsap_ENSP00000326477	Mbre_XP_001751054	S	nan
Hsap_ENSP00000326477	Mvib_comp13337_c0_seq1_fr4	S	nan
Hsap_ENSP00000326477	Ncra_3927NCU04402	S	nan
Hsap_ENSP00000326477	Ngru_XP_002672965	S	nan
Hsap_ENSP00000326477	Nvec_XP_001627377	S	nan
Hsap_ENSP00000326477	Ocar_g3910_t1	S	nan
Hsap_ENSP00000326477	Scil_27079	S	nan
Hsap_ENSP00000326477	Skow_XP_002731923	S	nan
Hsap_ENSP00000326477	Spur_XP_003723917	S	nan
Hsap_ENSP00000326477	Tadh_XP_002117622	S	nan
Hsap_ENSP00000326477	Tadh_XP_002117623	S	nan
Hsap_ENSP00000326477	Tvag_XP_001322206	S	nan
Hsap_ENSP00000327436	Apar_comp23864_c1_seq1_fr6	S	SETD3
Hsap_ENSP00000327436	Bden_Batde5_86177	S	SETD3
Hsap_ENSP00000327436	Bnat_89596	S	SETD3
Hsap_ENSP00000327436	Cfra_1641T1	S	SETD3
Hsap_ENSP00000327436	Cint_ENSCINP00000009807	S	SETD3
Hsap_ENSP00000327436	Cowc_CAOG_03170	S	SETD3
Hsap_ENSP00000327436	Ctel_181634	S	SETD3
Hsap_ENSP00000327436	Ddis_XP_646263	S	SETD3
Hsap_ENSP00000327436	Gpro_40672	S	SETD3
Hsap_ENSP00000327436	Gthe_112741	S	SETD3
Hsap_ENSP00000327436	Ihof_9696	S	SETD3
Hsap_ENSP00000327436	Lgig_118649	S	SETD3
Hsap_ENSP00000327436	Mbre_XP_001745126	S	SETD3
Hsap_ENSP00000327436	Nvec_XP_001633261	S	SETD3
Hsap_ENSP00000327436	Ocar_g6160_t1	S	SETD3
Hsap_ENSP00000327436	Ppal_EFA76078_1	S	SETD3
Hsap_ENSP00000327436	Spur_XP_798530	S	SETD3
Hsap_ENSP00000329189	Amac_05234	S	SETD4
Hsap_ENSP00000329189	Apar_comp69060_c0_seq1_fr5	S	SETD4
Hsap_ENSP00000329189	Bden_Batde5_23340	S	SETD4
Hsap_ENSP00000329189	Cang_64968	S	SETD4
Hsap_ENSP00000329189	Ccor_86723	S	SETD4
Hsap_ENSP00000329189	Cint_ENSCINP00000020275	S	SETD4
Hsap_ENSP00000329189	Crev_10775	S	SETD4
Hsap_ENSP00000329189	Ctel_140019	S	SETD4
Hsap_ENSP00000329189	Cvar_EFN55457	S	SETD4
Hsap_ENSP00000329189	Gthe_106158	S	SETD4
Hsap_ENSP00000329189	Hmag_XP_002160713	S	SETD4
Hsap_ENSP00000329189	Ihof_3025	S	SETD4
Hsap_ENSP00000329189	Lgig_210687	S	SETD4
Hsap_ENSP00000329189	Mcir_Mucci2_183066	S	SETD4
Hsap_ENSP00000329189	Mver_10454	S	SETD4
Hsap_ENSP00000329189	Mvib_comp9388_c0_seq1_fr4	S	SETD4
Hsap_ENSP00000329189	Nspp_14963_fr5	S	SETD4
Hsap_ENSP00000329189	Nvec_XP_001625323	S	SETD4
Hsap_ENSP00000329189	Pbla_Phybl2_161758	S	SETD4
Hsap_ENSP00000329189	Pinf_XP_002997928	S	SETD4
Hsap_ENSP00000329189	Rall_5223	S	SETD4
Hsap_ENSP00000329189	Rirr_97053	S	SETD4
Hsap_ENSP00000329189	Rory_10421	S	SETD4
Hsap_ENSP00000329189	Scil_69782	S	SETD4
Hsap_ENSP00000329189	Skow_XP_002737626	S	SETD4
Hsap_ENSP00000329189	Spur_XP_001201449	S	SETD4
Hsap_ENSP00000329189	Tmel_XP_002838074	S	SETD4
Hsap_ENSP00000329189	Umar_225992	S	SETD4
Hsap_ENSP00000332995	Acas_g6446	S	SETD8
Hsap_ENSP00000332995	Acoe_013_00096	S	SETD8
Hsap_ENSP00000332995	Acoe_021_00020	S	SETD8
Hsap_ENSP00000332995	Acoe_037_00166	S	SETD8
Hsap_ENSP00000332995	Atha_AT3G61740	S	SETD8
Hsap_ENSP00000332995	Atha_AT4G27910	S	SETD8
Hsap_ENSP00000332995	Atha_AT5G53430	S	SETD8
Hsap_ENSP00000332995	Bdis_2g07082	S	SETD8
Hsap_ENSP00000332995	Bdis_2g45430	S	SETD8
Hsap_ENSP00000332995	Cgig_10016754	S	SETD8
Hsap_ENSP00000332995	Cint_ENSCINP00000025690	S	SETD8
Hsap_ENSP00000332995	Ctel_172225	S	SETD8
Hsap_ENSP00000332995	Dmel_FBpp0082387	S	SETD8
Hsap_ENSP00000332995	Gthe_78620	S	SETD8
Hsap_ENSP00000332995	Lgig_117025	S	SETD8
Hsap_ENSP00000332995	Mgut_mgv1a000575m	S	SETD8
Hsap_ENSP00000332995	Mlei_ML024912a	S	SETD8
Hsap_ENSP00000332995	Ncra_889NCU00970	S	SETD8
Hsap_ENSP00000332995	Nvec_XP_001629745	S	SETD8
Hsap_ENSP00000332995	Ocar_g7553_t1	S	SETD8
Hsap_ENSP00000332995	Pfal_Q8I1Z0_Q8I1Z0	S	SETD8
Hsap_ENSP00000332995	Pmar_XP_002765683	S	SETD8
Hsap_ENSP00000332995	Pmar_XP_002785717	S	SETD8
Hsap_ENSP00000332995	Ppat_XP_001777592	S	SETD8
Hsap_ENSP00000332995	Ptet_A0D3D7_A0D3D7	S	SETD8
Hsap_ENSP00000332995	Rall_3554	S	SETD8
Hsap_ENSP00000332995	Sbic_03g001640	S	SETD8
Hsap_ENSP00000332995	Sbic_03g029850	S	SETD8
Hsap_ENSP00000332995	Smoe_XP_002961390	S	SETD8
Hsap_ENSP00000332995	Smoe_XP_002964071	S	SETD8
Hsap_ENSP00000332995	Smoe_XP_002975450	S	SETD8
Hsap_ENSP00000332995	Smoe_XP_002980880	S	SETD8
Hsap_ENSP00000332995	Spur_XP_797080	S	SETD8
Hsap_ENSP00000332995	Tgon_XP_002371298	S	SETD8
Hsap_ENSP00000332995	Tthe_XP_001029767	S	SETD8
Hsap_ENSP00000332995	Ttra_AMSG_03613	S	SETD8
Hsap_ENSP00000337976	Acas_g441	S	SUV39
Hsap_ENSP00000337976	Apar_comp14837_c0_seq1_fr6	S	SUV39
Hsap_ENSP00000337976	Aque_XP_003389507	S	SUV39
Hsap_ENSP00000337976	Bsal_BS32645	S	SUV39
Hsap_ENSP00000337976	Cgig_10004599	S	SUV39
Hsap_ENSP00000337976	Cint_ENSCINP00000001349	S	SUV39
Hsap_ENSP00000337976	Crev_81553	S	SUV39
Hsap_ENSP00000337976	Ctel_140913	S	SUV39
Hsap_ENSP00000337976	Ddis_XP_646062	S	SUV39
Hsap_ENSP00000337976	Hmag_XP_002162409	S	SUV39
Hsap_ENSP00000337976	Ihof_3673	S	SUV39
Hsap_ENSP00000337976	Lgig_134869	S	SUV39
Hsap_ENSP00000337976	Mlei_ML05765a	S	SUV39
Hsap_ENSP00000337976	Nvec_XP_001628294	S	SUV39
Hsap_ENSP00000337976	Pisp_45708	S	SUV39
Hsap_ENSP00000337976	Rall_4856	S	SUV39
Hsap_ENSP00000337976	Scil_53898	S	SUV39
Hsap_ENSP00000337976	Skow_XP_002734659	S	SUV39
Hsap_ENSP00000337976	Spur_XP_782949	S	SUV39
Hsap_ENSP00000337976	Tcru_XP_810935	S	SUV39
Hsap_ENSP00000337976	Tcru_XP_818076	S	SUV39
Hsap_ENSP00000337976	Tgon_XP_002364904	S	SUV39
Hsap_ENSP00000346997	Acas_g441	S	nan
Hsap_ENSP00000346997	Apar_comp14837_c0_seq1_fr6	S	nan
Hsap_ENSP00000346997	Aque_XP_003389507	S	nan
Hsap_ENSP00000346997	Bsal_BS32645	S	nan
Hsap_ENSP00000346997	Cgig_10004599	S	nan
Hsap_ENSP00000346997	Cint_ENSCINP00000001349	S	nan
Hsap_ENSP00000346997	Crev_81553	S	nan
Hsap_ENSP00000346997	Ctel_140913	S	nan
Hsap_ENSP00000346997	Ddis_XP_646062	S	nan
Hsap_ENSP00000346997	Hmag_XP_002162409	S	nan
Hsap_ENSP00000346997	Ihof_3673	S	nan
Hsap_ENSP00000346997	Lgig_134869	S	nan
Hsap_ENSP00000346997	Mlei_ML05765a	S	nan
Hsap_ENSP00000346997	Nvec_XP_001628294	S	nan
Hsap_ENSP00000346997	Pisp_45708	S	nan
Hsap_ENSP00000346997	Rall_4856	S	nan
Hsap_ENSP00000346997	Scil_53898	S	nan
Hsap_ENSP00000346997	Skow_XP_002734659	S	nan
Hsap_ENSP00000346997	Spur_XP_782949	S	nan
Hsap_ENSP00000346997	Tcru_XP_810935	S	nan
Hsap_ENSP00000346997	Tcru_XP_818076	S	nan
Hsap_ENSP00000346997	Tgon_XP_002364904	S	nan
Hsap_ENSP00000347325	Adig_1072v119182	S	nan
Hsap_ENSP00000347325	Bdis_3g13430	S	nan
Hsap_ENSP00000347325	Ccri_T00005548001	S	nan
Hsap_ENSP00000347325	Cele_T12D8_1	S	nan
Hsap_ENSP00000347325	Cgig_10022561	S	nan
Hsap_ENSP00000347325	Cint_ENSCINP00000003156	S	nan
Hsap_ENSP00000347325	Clim_g3288	S	nan
Hsap_ENSP00000347325	Cowc_CAOG_01362	S	nan
Hsap_ENSP00000347325	Ctel_153177	S	nan
Hsap_ENSP00000347325	Dmel_FBpp0070347	S	nan
Hsap_ENSP00000347325	Gpro_66054	S	nan
Hsap_ENSP00000347325	Hmag_XP_002169286	S	nan
Hsap_ENSP00000347325	Lgig_215812	S	nan
Hsap_ENSP00000347325	Mlei_ML015714a	S	nan
Hsap_ENSP00000347325	Nspp_18097_fr5	S	nan
Hsap_ENSP00000347325	Nvec_XP_001629652	S	nan
Hsap_ENSP00000347325	Scil_6054	S	nan
Hsap_ENSP00000347325	Skow_XP_002736118	S	nan
Hsap_ENSP00000347325	Spur_XP_003724175	S	nan
Hsap_ENSP00000347325	Spur_XP_003724176	S	nan
Hsap_ENSP00000347325	Spur_XP_795757	S	nan
Hsap_ENSP00000347325	Tadh_XP_002117983	S	nan
Hsap_ENSP00000355924	Acoe_004_00718	S	nan
Hsap_ENSP00000355924	Adig_18862v114854	S	nan
Hsap_ENSP00000355924	Aker_49446	S	nan
Hsap_ENSP00000355924	Atha_AT5G06620	S	nan
Hsap_ENSP00000355924	Bden_Batde5_35411	S	nan
Hsap_ENSP00000355924	Bsal_BS43455	S	nan
Hsap_ENSP00000355924	Cfra_1127T1	S	nan
Hsap_ENSP00000355924	Cint_ENSCINP00000013431	S	nan
Hsap_ENSP00000355924	Ddis_XP_641994	S	nan
Hsap_ENSP00000355924	Ehux_194541	S	nan
Hsap_ENSP00000355924	Esil_CBJ32293	S	nan
Hsap_ENSP00000355924	Fgra_FGSG_01168	S	nan
Hsap_ENSP00000355924	Gthe_136248	S	nan
Hsap_ENSP00000355924	Hmag_XP_002163555	S	nan
Hsap_ENSP00000355924	Lmaj_XP_001685790	S	nan
Hsap_ENSP00000355924	Mgut_mgv1a010398m	S	nan
Hsap_ENSP00000355924	Mver_02594	S	nan
Hsap_ENSP00000355924	Mvib_comp9007_c1_seq1_fr4	S	nan
Hsap_ENSP00000355924	Nvec_XP_001627600	S	nan
Hsap_ENSP00000355924	Pmar_XP_002772010	S	nan
Hsap_ENSP00000355924	Pmar_XP_002781574	S	nan
Hsap_ENSP00000355924	Ppal_EFA83075_1	S	nan
Hsap_ENSP00000355924	Rirr_342860	S	nan
Hsap_ENSP00000355924	Rirr_344831	S	nan
Hsap_ENSP00000355924	Sagg_84574	S	nan
Hsap_ENSP00000355924	Sbic_01g022220	S	nan
Hsap_ENSP00000355924	Spun_SPPG_03824	S	nan
Hsap_ENSP00000355924	Spur_XP_001199204	S	nan
Hsap_ENSP00000355924	Spur_XP_003730587	S	nan
Hsap_ENSP00000355924	Spur_XP_003730778	S	nan
Hsap_ENSP00000355924	Spur_XP_003731708	S	nan
Hsap_ENSP00000355924	Spur_XP_788278	S	nan
Hsap_ENSP00000355924	Spur_XP_799878	S	nan
Hsap_ENSP00000355924	Tadh_XP_002109888	S	nan
Hsap_ENSP00000355924	Tcru_XP_807434	S	nan
Hsap_ENSP00000355924	Tpse_XP_002292103	S	nan
Hsap_ENSP00000355924	Umar_278813	S	nan
Hsap_ENSP00000355924	Umay_XP_759888	S	nan
Hsap_ENSP00000357330	Acas_g7149	S	ASH1
Hsap_ENSP00000357330	Apar_comp20410_c1_seq1_fr5	S	ASH1
Hsap_ENSP00000357330	Cgig_10006344	S	ASH1
Hsap_ENSP00000357330	Cmer_CML152C	S	ASH1
Hsap_ENSP00000357330	Cmer_CMN313C	S	ASH1
Hsap_ENSP00000357330	Cpar_12738Contig6713	S	ASH1
Hsap_ENSP00000357330	Crei_XP_001701055	S	ASH1
Hsap_ENSP00000357330	Ctel_176480	S	ASH1
Hsap_ENSP00000357330	Cvar_EFN54848	S	ASH1
Hsap_ENSP00000357330	Dmel_FBpp0074738	S	ASH1
Hsap_ENSP00000357330	Ehux_425757	S	ASH1
Hsap_ENSP00000357330	Gthe_137717	S	ASH1
Hsap_ENSP00000357330	Ihof_1171	S	ASH1
Hsap_ENSP00000357330	Lgig_143999	S	ASH1
Hsap_ENSP00000357330	Mbre_XP_001750922	S	ASH1
Hsap_ENSP00000357330	Mpus_Micpu164960	S	ASH1
Hsap_ENSP00000357330	Ocar_g2341_t1	S	ASH1
Hsap_ENSP00000357330	Pinf_XP_002907842	S	ASH1
Hsap_ENSP00000357330	Scil_43878	S	ASH1
Hsap_ENSP00000357330	Scil_50427	S	ASH1
Hsap_ENSP00000357330	Skow_XP_002732754	S	ASH1
Hsap_ENSP00000357330	Spur_XP_003728661	S	ASH1
Hsap_ENSP00000357330	Spur_XP_003728662	S	ASH1
Hsap_ENSP00000357330	Spur_XP_784903	S	ASH1
Hsap_ENSP00000357330	Sros_PTSG_04178	S	ASH1
Hsap_ENSP00000357330	Vcar_XP_002951402	S	ASH1
Hsap_ENSP00000358092	Acas_g2756	S	nan
Hsap_ENSP00000358092	Adig_3112v120858	S	nan
Hsap_ENSP00000358092	Amac_01030	S	nan
Hsap_ENSP00000358092	Amac_02546	S	nan
Hsap_ENSP00000358092	Cang_28328	S	nan
Hsap_ENSP00000358092	Cele_F02D10_7	S	nan
Hsap_ENSP00000358092	Cneo_XP_572264	S	nan
Hsap_ENSP00000358092	Mlei_ML124240a	S	nan
Hsap_ENSP00000358092	Nvec_XP_001641018	S	nan
Hsap_ENSP00000358092	Pisp_68567	S	nan
Hsap_ENSP00000358092	Pisp_69677	S	nan
Hsap_ENSP00000358092	Spur_XP_001200656	S	nan
Hsap_ENSP00000358092	Spur_XP_003724787	S	nan
Hsap_ENSP00000372347	Cgig_10013318	S	nan
Hsap_ENSP00000372347	Cint_ENSCINP00000025831	S	nan
Hsap_ENSP00000372347	Ctel_93578	S	nan
Hsap_ENSP00000372347	Hmag_XP_002164851	S	nan
Hsap_ENSP00000372347	Lgig_123404	S	nan
Hsap_ENSP00000372347	Lgig_192045	S	nan
Hsap_ENSP00000372347	Mlei_ML033625a	S	nan
Hsap_ENSP00000372347	Nvec_XP_001635219	S	nan
Hsap_ENSP00000372347	Skow_XP_002731935	S	nan
Hsap_ENSP00000372347	Spur_XP_785219	S	nan
Hsap_ENSP00000372347	Tadh_XP_002116791	S	nan
Hsap_ENSP00000373354	Amac_03278	S	SETMAR
Hsap_ENSP00000373354	Bnat_40920	S	SETMAR
Hsap_ENSP00000373354	Cele_Y41D4B_12a	S	SETMAR
Hsap_ENSP00000373354	Cgig_10016376	S	SETMAR
Hsap_ENSP00000373354	Cgig_10028705	S	SETMAR
Hsap_ENSP00000373354	Cneo_XP_572587	S	SETMAR
Hsap_ENSP00000373354	Ddis_XP_646062	S	SETMAR
Hsap_ENSP00000373354	Dmel_FBpp0112128	S	SETMAR
Hsap_ENSP00000373354	Glam_XP_001705541	S	SETMAR
Hsap_ENSP00000373354	Lgig_116536	S	SETMAR
Hsap_ENSP00000373354	Nvec_XP_001641871	S	SETMAR
Hsap_ENSP00000373354	Rirr_85029	S	SETMAR
Hsap_ENSP00000373354	Skow_XP_002731395	S	SETMAR
Hsap_ENSP00000373354	Spur_XP_782916	S	SETMAR
Hsap_ENSP00000373354	Sros_PTSG_08195	S	SETMAR
Hsap_ENSP00000373354	Tadh_XP_002113092	S	SETMAR
Hsap_ENSP00000373637	Acoe_004_00718	S	SMYD3
Hsap_ENSP00000373637	Adig_18862v114854	S	SMYD3
Hsap_ENSP00000373637	Aker_49446	S	SMYD3
Hsap_ENSP00000373637	Atha_AT5G06620	S	SMYD3
Hsap_ENSP00000373637	Bden_Batde5_35411	S	SMYD3
Hsap_ENSP00000373637	Bsal_BS43455	S	SMYD3
Hsap_ENSP00000373637	Cfra_1127T1	S	SMYD3
Hsap_ENSP00000373637	Cint_ENSCINP00000013431	S	SMYD3
Hsap_ENSP00000373637	Ehux_194541	S	SMYD3
Hsap_ENSP00000373637	Esil_CBJ32293	S	SMYD3
Hsap_ENSP00000373637	Fgra_FGSG_01168	S	SMYD3
Hsap_ENSP00000373637	Gthe_136248	S	SMYD3
Hsap_ENSP00000373637	Hmag_XP_002163555	S	SMYD3
Hsap_ENSP00000373637	Mgut_mgv1a010398m	S	SMYD3
Hsap_ENSP00000373637	Mver_02594	S	SMYD3
Hsap_ENSP00000373637	Mvib_comp9007_c1_seq1_fr4	S	SMYD3
Hsap_ENSP00000373637	Nvec_XP_001627600	S	SMYD3
Hsap_ENSP00000373637	Rirr_342860	S	SMYD3
Hsap_ENSP00000373637	Rirr_344831	S	SMYD3
Hsap_ENSP00000373637	Sagg_84574	S	SMYD3
Hsap_ENSP00000373637	Sbic_01g022220	S	SMYD3
Hsap_ENSP00000373637	Spun_SPPG_03824	S	SMYD3
Hsap_ENSP00000373637	Spur_XP_001199204	S	SMYD3
Hsap_ENSP00000373637	Spur_XP_003730587	S	SMYD3
Hsap_ENSP00000373637	Spur_XP_003730778	S	SMYD3
Hsap_ENSP00000373637	Spur_XP_003731708	S	SMYD3
Hsap_ENSP00000373637	Spur_XP_788278	S	SMYD3
Hsap_ENSP00000373637	Spur_XP_799878	S	SMYD3
Hsap_ENSP00000373637	Tadh_XP_002109888	S	SMYD3
Hsap_ENSP00000373637	Tcru_XP_807434	S	SMYD3
Hsap_ENSP00000373637	Tpse_XP_002292103	S	SMYD3
Hsap_ENSP00000373637	Umar_278813	S	SMYD3
Hsap_ENSP00000374152	Acas_g1616	S	SMYD5
Hsap_ENSP00000374152	Acoe_005_00445	S	SMYD5
Hsap_ENSP00000374152	Adig_9231v106136	S	SMYD5
Hsap_ENSP00000374152	Amac_01567	S	SMYD5
Hsap_ENSP00000374152	Amac_04063	S	SMYD5
Hsap_ENSP00000374152	Atha_AT3G21820	S	SMYD5
Hsap_ENSP00000374152	Bdis_5g22730	S	SMYD5
Hsap_ENSP00000374152	Bsal_BS55355	S	SMYD5
Hsap_ENSP00000374152	Cang_44709	S	SMYD5
Hsap_ENSP00000374152	Cgig_10009476	S	SMYD5
Hsap_ENSP00000374152	Cowc_CAOG_07464	S	SMYD5
Hsap_ENSP00000374152	Ctel_159764	S	SMYD5
Hsap_ENSP00000374152	Cvar_EFN50876	S	SMYD5
Hsap_ENSP00000374152	Dmel_FBpp0083507	S	SMYD5
Hsap_ENSP00000374152	Hmag_XP_002160911	S	SMYD5
Hsap_ENSP00000374152	Ihof_6005	S	SMYD5
Hsap_ENSP00000374152	Lgig_231752	S	SMYD5
Hsap_ENSP00000374152	Mgut_mgv1a005946m	S	SMYD5
Hsap_ENSP00000374152	Mpus_Micpu20125	S	SMYD5
Hsap_ENSP00000374152	Nspp_10623_fr6	S	SMYD5
Hsap_ENSP00000374152	Nspp_10624_fr6	S	SMYD5
Hsap_ENSP00000374152	Nspp_10625_fr4	S	SMYD5
Hsap_ENSP00000374152	Nspp_10626_fr4	S	SMYD5
Hsap_ENSP00000374152	Nvec_XP_001627062	S	SMYD5
Hsap_ENSP00000374152	Otau_XP_003083145	S	SMYD5
Hsap_ENSP00000374152	Ppat_XP_001759368	S	SMYD5
Hsap_ENSP00000374152	Sbic_06g029440	S	SMYD5
Hsap_ENSP00000374152	Scil_51718	S	SMYD5
Hsap_ENSP00000374152	Skow_XP_002735533	S	SMYD5
Hsap_ENSP00000374152	Smoe_XP_002966643	S	SMYD5
Hsap_ENSP00000374152	Smoe_XP_002978099	S	SMYD5
Hsap_ENSP00000374152	Spur_XP_784346	S	SMYD5
Hsap_ENSP00000374152	Sros_PTSG_08216	S	SMYD5
Hsap_ENSP00000374152	Tadh_XP_002114620	S	SMYD5
Hsap_ENSP00000379078	Cint_ENSCINP00000003247	S	EHMT
Hsap_ENSP00000379078	Cint_ENSCINP00000028043	S	EHMT
Hsap_ENSP00000379078	Ctel_206547	S	EHMT
Hsap_ENSP00000379078	Ddis_XP_646062	S	EHMT
Hsap_ENSP00000379078	Skow_XP_002733701	S	EHMT
Hsap_ENSP00000379078	Spur_XP_003728726	S	EHMT
Hsap_ENSP00000379078	Spur_XP_785941	S	EHMT
Hsap_ENSP00000384114	Acas_g8180	S	nan
Hsap_ENSP00000384114	Adig_11240v107992	S	nan
Hsap_ENSP00000384114	Adig_13723v110302	S	nan
Hsap_ENSP00000384114	Adig_17690v113829	S	nan
Hsap_ENSP00000384114	Aque_XP_003383073	S	nan
Hsap_ENSP00000384114	Cang_50153	S	nan
Hsap_ENSP00000384114	Cgig_10010657	S	nan
Hsap_ENSP00000384114	Cint_ENSCINP00000024302	S	nan
Hsap_ENSP00000384114	Cowc_CAOG_02237	S	nan
Hsap_ENSP00000384114	Crev_10785	S	nan
Hsap_ENSP00000384114	Fgra_FGSG_09585	S	nan
Hsap_ENSP00000384114	Gthe_65244	S	nan
Hsap_ENSP00000384114	Ihof_9932	S	nan
Hsap_ENSP00000384114	Lgig_139900	S	nan
Hsap_ENSP00000384114	Mbre_XP_001745803	S	nan
Hsap_ENSP00000384114	Mcir_Mucci2_159353	S	nan
Hsap_ENSP00000384114	Mcir_Mucci2_163371	S	nan
Hsap_ENSP00000384114	Mlei_ML01132a	S	nan
Hsap_ENSP00000384114	Mver_04374	S	nan
Hsap_ENSP00000384114	Ngru_XP_002679121	S	nan
Hsap_ENSP00000384114	Nvec_XP_001637486	S	nan
Hsap_ENSP00000384114	Ocar_g2500_t1	S	nan
Hsap_ENSP00000384114	Pbla_Phybl2_145894	S	nan
Hsap_ENSP00000384114	Ppal_EFA86338_1	S	nan
Hsap_ENSP00000384114	Rall_1841	S	nan
Hsap_ENSP00000384114	Rfil_3784744_2s	S	nan
Hsap_ENSP00000384114	Rirr_253856	S	nan
Hsap_ENSP00000384114	Rory_14883	S	nan
Hsap_ENSP00000384114	Rory_4092	S	nan
Hsap_ENSP00000384114	Scil_12689	S	nan
Hsap_ENSP00000384114	Scil_60754	S	nan
Hsap_ENSP00000384114	Scil_83602	S	nan
Hsap_ENSP00000384114	Scil_9219	S	nan
Hsap_ENSP00000384114	Tadh_XP_002117828	S	nan
Hsap_ENSP00000384725	Acas_g2756	S	nan
Hsap_ENSP00000384725	Adig_2069v103431	S	nan
Hsap_ENSP00000384725	Amac_01030	S	nan
Hsap_ENSP00000384725	Amac_02546	S	nan
Hsap_ENSP00000384725	Cang_28328	S	nan
Hsap_ENSP00000384725	Cele_F02D10_7	S	nan
Hsap_ENSP00000384725	Cneo_XP_572264	S	nan
Hsap_ENSP00000384725	Nvec_XP_001638198	S	nan
Hsap_ENSP00000384725	Pisp_68567	S	nan
Hsap_ENSP00000384725	Pisp_69677	S	nan
Hsap_ENSP00000384725	Skow_NP_001161634	S	nan
Hsap_ENSP00000386759	Adig_10964v107744	S	SETD2
Hsap_ENSP00000386759	Aque_XP_003387717	S	SETD2
Hsap_ENSP00000386759	Cfra_7962T1	S	SETD2
Hsap_ENSP00000386759	Cgig_10007074	S	SETD2
Hsap_ENSP00000386759	Cint_ENSCINP00000025949	S	SETD2
Hsap_ENSP00000386759	Cpar_14930Contig8823	S	SETD2
Hsap_ENSP00000386759	Ctel_160470	S	SETD2
Hsap_ENSP00000386759	Hmag_XP_002169363	S	SETD2
Hsap_ENSP00000386759	Lgig_227153	S	SETD2
Hsap_ENSP00000386759	Mbre_XP_001747356	S	SETD2
Hsap_ENSP00000386759	Mlei_ML09663a	S	SETD2
Hsap_ENSP00000386759	Mvib_comp16013_c3_seq1_fr4	S	SETD2
Hsap_ENSP00000386759	Nspp_14576_fr3	S	SETD2
Hsap_ENSP00000386759	Nvec_XP_001635826	S	SETD2
Hsap_ENSP00000386759	Rall_5258	S	SETD2
Hsap_ENSP00000386759	Sarc_SARC_00855	S	SETD2
Hsap_ENSP00000386759	Scil_58119	S	SETD2
Hsap_ENSP00000386759	Skow_XP_002733567	S	SETD2
Hsap_ENSP00000386759	Spun_SPPG_06324	S	SETD2
Hsap_ENSP00000386759	Spur_XP_003725626	S	SETD2
Hsap_ENSP00000386759	Spur_XP_783359	S	SETD2
Hsap_ENSP00000386759	Sros_PTSG_08872	S	SETD2
Hsap_ENSP00000386759	Tadh_XP_002110866	S	SETD2
Hsap_ENSP00000393453	Acoe_004_00718	S	nan
Hsap_ENSP00000393453	Adig_18862v114854	S	nan
Hsap_ENSP00000393453	Aker_49446	S	nan
Hsap_ENSP00000393453	Atha_AT5G06620	S	nan
Hsap_ENSP00000393453	Bden_Batde5_35411	S	nan
Hsap_ENSP00000393453	Bsal_BS43455	S	nan
Hsap_ENSP00000393453	Cfra_1127T1	S	nan
Hsap_ENSP00000393453	Cint_ENSCINP00000013431	S	nan
Hsap_ENSP00000393453	Ehux_194541	S	nan
Hsap_ENSP00000393453	Esil_CBJ32293	S	nan
Hsap_ENSP00000393453	Fgra_FGSG_01168	S	nan
Hsap_ENSP00000393453	Gthe_136248	S	nan
Hsap_ENSP00000393453	Hmag_XP_002163555	S	nan
Hsap_ENSP00000393453	Mgut_mgv1a010398m	S	nan
Hsap_ENSP00000393453	Mver_02594	S	nan
Hsap_ENSP00000393453	Mvib_comp9007_c1_seq1_fr4	S	nan
Hsap_ENSP00000393453	Nvec_XP_001627600	S	nan
Hsap_ENSP00000393453	Rirr_342860	S	nan
Hsap_ENSP00000393453	Rirr_344831	S	nan
Hsap_ENSP00000393453	Sagg_84574	S	nan
Hsap_ENSP00000393453	Sbic_01g022220	S	nan
Hsap_ENSP00000393453	Spun_SPPG_03824	S	nan
Hsap_ENSP00000393453	Spur_XP_001199204	S	nan
Hsap_ENSP00000393453	Spur_XP_003730587	S	nan
Hsap_ENSP00000393453	Spur_XP_003730778	S	nan
Hsap_ENSP00000393453	Spur_XP_003731708	S	nan
Hsap_ENSP00000393453	Spur_XP_788278	S	nan
Hsap_ENSP00000393453	Spur_XP_799878	S	nan
Hsap_ENSP00000393453	Tadh_XP_002109888	S	nan
Hsap_ENSP00000393453	Tcru_XP_807434	S	nan
Hsap_ENSP00000393453	Tpse_XP_002292103	S	nan
Hsap_ENSP00000393453	Umar_278813	S	nan
Hsap_ENSP00000395929	Cint_ENSCINP00000025831	S	nan
Hsap_ENSP00000395929	Hmag_XP_002164851	S	nan
Hsap_ENSP00000395929	Mlei_ML033625a	S	nan
Hsap_ENSP00000395929	Nvec_XP_001635219	S	nan
Hsap_ENSP00000395929	Tadh_XP_002116791	S	nan
Hsap_ENSP00000408583	Cint_ENSCINP00000003247	S	nan
Hsap_ENSP00000408583	Cint_ENSCINP00000028043	S	nan
Hsap_ENSP00000408583	Ctel_206547	S	nan
Hsap_ENSP00000408583	Ddis_XP_646062	S	nan
Hsap_ENSP00000408583	Skow_XP_002733701	S	nan
Hsap_ENSP00000408583	Spur_XP_003728726	S	nan
Hsap_ENSP00000408583	Spur_XP_785941	S	nan
Hsap_ENSP00000417980	Ctel_206547	S	nan
Hsap_ENSP00000417980	Ddis_XP_646062	S	nan
Hsap_ENSP00000417980	Skow_XP_002733701	S	nan
Hsap_ENSP00000417980	Spur_XP_003728726	S	nan
Hsap_ENSP00000417980	Spur_XP_785941	S	nan
Hsap_ENSP00000436786	Acas_g11528	S	MLL1_MLL2
Hsap_ENSP00000436786	Acas_g2013	S	MLL1_MLL2
Hsap_ENSP00000436786	Apar_comp16066_c0_seq1_fr6	S	MLL1_MLL2
Hsap_ENSP00000436786	Aque_XP_003389474	S	MLL1_MLL2
Hsap_ENSP00000436786	Cfra_2688T1	S	MLL1_MLL2
Hsap_ENSP00000436786	Cgig_10008103	S	MLL1_MLL2
Hsap_ENSP00000436786	Cint_ENSCINP00000025384	S	MLL1_MLL2
Hsap_ENSP00000436786	Ctel_179499	S	MLL1_MLL2
Hsap_ENSP00000436786	Dmel_FBpp0082406	S	MLL1_MLL2
Hsap_ENSP00000436786	Ihof_1761	S	MLL1_MLL2
Hsap_ENSP00000436786	Lgig_209271	S	MLL1_MLL2
Hsap_ENSP00000436786	Mbre_XP_001747654	S	MLL1_MLL2
Hsap_ENSP00000436786	Sarc_SARC_04312	S	MLL1_MLL2
Hsap_ENSP00000436786	Skow_XP_002740398	S	MLL1_MLL2
Hsap_ENSP00000436786	Tadh_XP_002112190	S	MLL1_MLL2
