orthogroup	ref_sps	relative_age	outgroup_sps	node_name
OG0001000	Hsap	13.0	Hsap,Atha	Eukaryota
OG0001001	Hsap	13.0	Hsap,Atha	Eukaryota
OG0001002	Hsap	13.0	Hsap,Atha	Eukaryota
OG0001003	Hsap	13.0	Hsap,Atha	Eukaryota
OG0001004	Hsap	13.0	Hsap,Atha	Eukaryota
OG0001005	Hsap	13.0	Hsap,Atha	Eukaryota
OG0001006	Hsap	13.0	Hsap,Atha	Eukaryota
OG0001007	Hsap	13.0	Hsap,Atha	Eukaryota
OG0001008	Hsap	13.0	Hsap,Atha	Eukaryota
OG0001009	Hsap	13.0	Hsap,Atha	Eukaryota
OG0001010	Hsap	13.0	Hsap,Atha	Eukaryota
OG0001011	Hsap	13.0	Hsap,Atha	Eukaryota
OG0001012	Hsap	6.0	Hsap,Ocar	Metazoa
OG0001013	Hsap	13.0	Hsap,Atha	Eukaryota
OG0001014	Hsap	13.0	Hsap,Atha	Eukaryota
OG0001015	Hsap	13.0	Hsap,Atha	Eukaryota
OG0001016	Hsap	13.0	Hsap,Atha	Eukaryota
OG0001017	Hsap	13.0	Hsap,Atha	Eukaryota
OG0001018	Hsap	13.0	Hsap,Atha	Eukaryota
OG0001019	Hsap	13.0	Hsap,Atha	Eukaryota
OG0001020	Hsap	13.0	Hsap,Atha	Eukaryota
OG0001021	Hsap	13.0	Hsap,Atha	Eukaryota
OG0001022	Hsap	13.0	Hsap,Atha	Eukaryota
OG0001023	Hsap	13.0	Hsap,Atha	Eukaryota
OG0001024	Hsap	13.0	Hsap,Atha	Eukaryota
OG0001025	Hsap	13.0	Hsap,Atha	Eukaryota
OG0001026	Hsap	13.0	Hsap,Atha	Eukaryota
OG0001027	Hsap	13.0	Hsap,Atha	Eukaryota
OG0001028	Hsap	13.0	Hsap,Atha	Eukaryota
OG0001029	Hsap	13.0	Hsap,Atha	Eukaryota
OG0001030	Hsap	13.0	Hsap,Atha	Eukaryota
OG0001031	Hsap	6.0	Hsap,Ocar	Metazoa
OG0001032	Hsap	13.0	Hsap,Atha	Eukaryota
OG0001033	Hsap	13.0	Hsap,Atha	Eukaryota
OG0001034	Hsap	13.0	Hsap,Atha	Eukaryota
OG0001035	Hsap	13.0	Hsap,Atha	Eukaryota
OG0001036	Hsap	13.0	Hsap,Atha	Eukaryota
OG0001037	Hsap	13.0	Hsap,Atha	Eukaryota
OG0001038	Hsap	13.0	Hsap,Atha	Eukaryota
OG0001039	Hsap	13.0	Hsap,Atha	Eukaryota
OG0001040	Hsap	13.0	Hsap,Atha	Eukaryota
OG0001041	Hsap	6.0	Hsap,Ocar	Metazoa
OG0001042	Hsap	13.0	Hsap,Atha	Eukaryota
OG0001043	Hsap	13.0	Hsap,Atha	Eukaryota
OG0001044	Hsap	13.0	Hsap,Atha	Eukaryota
OG0001045	Hsap	13.0	Hsap,Atha	Eukaryota
OG0001046	Hsap	13.0	Hsap,Atha	Eukaryota
OG0001047	Hsap	13.0	Hsap,Atha	Eukaryota
OG0001048	Hsap	13.0	Hsap,Atha	Eukaryota
OG0001049	Hsap	13.0	Hsap,Atha	Eukaryota
OG0001050	Hsap	13.0	Hsap,Atha	Eukaryota
OG0001051	Hsap	13.0	Hsap,Atha	Eukaryota
OG0001052	Hsap	13.0	Hsap,Atha	Eukaryota
OG0001053	Hsap	13.0	Hsap,Atha	Eukaryota
OG0001054	Hsap	13.0	Hsap,Atha	Eukaryota
OG0001055	Hsap	13.0	Hsap,Atha	Eukaryota
OG0001056	Hsap	13.0	Hsap,Atha	Eukaryota
OG0001057	Hsap	13.0	Hsap,Atha	Eukaryota
OG0001058	Hsap	13.0	Hsap,Atha	Eukaryota
OG0001059	Hsap	13.0	Hsap,Atha	Eukaryota
OG0001060	Hsap	13.0	Hsap,Atha	Eukaryota
OG0001061	Hsap	13.0	Hsap,Atha	Eukaryota
OG0001062	Hsap	13.0	Hsap,Atha	Eukaryota
OG0001063	Hsap	13.0	Hsap,Atha	Eukaryota
OG0001064	Hsap	13.0	Hsap,Atha	Eukaryota
OG0001065	Hsap	4.0	Hsap,Nvec	
OG0001066	Hsap	13.0	Hsap,Atha	Eukaryota
OG0001067	Hsap	13.0	Hsap,Atha	Eukaryota
OG0001068	Hsap	13.0	Hsap,Atha	Eukaryota
OG0001069	Hsap	13.0	Hsap,Atha	Eukaryota
OG0001070	Hsap	13.0	Hsap,Atha	Eukaryota
OG0001071	Hsap	13.0	Hsap,Atha	Eukaryota
OG0001072	Hsap	13.0	Hsap,Atha	Eukaryota
OG0001073	Hsap	13.0	Hsap,Atha	Eukaryota
OG0001074	Hsap	13.0	Hsap,Atha	Eukaryota
OG0001075	Hsap	13.0	Hsap,Atha	Eukaryota
OG0001076	Hsap	13.0	Hsap,Atha	Eukaryota
OG0001077	Hsap	13.0	Hsap,Atha	Eukaryota
OG0001078	Hsap	13.0	Hsap,Atha	Eukaryota
OG0001079	Hsap	13.0	Hsap,Atha	Eukaryota
OG0001080	Hsap	13.0	Hsap,Atha	Eukaryota
OG0001081	Hsap	6.0	Hsap,Ocar	Metazoa
OG0001082	Hsap	13.0	Hsap,Atha	Eukaryota
OG0001083	Hsap	13.0	Hsap,Atha	Eukaryota
OG0001084	Hsap	13.0	Hsap,Atha	Eukaryota
OG0001085	Hsap	13.0	Hsap,Atha	Eukaryota
OG0001086	Hsap	13.0	Hsap,Atha	Eukaryota
OG0001087	Hsap	13.0	Hsap,Atha	Eukaryota
OG0001088	Hsap	13.0	Hsap,Atha	Eukaryota
OG0001089	Hsap	13.0	Hsap,Atha	Eukaryota
OG0001090	Hsap	13.0	Hsap,Atha	Eukaryota
OG0001091	Hsap	0.0	Hsap,Hsap	
OG0001092	Hsap	13.0	Hsap,Atha	Eukaryota
OG0001093	Hsap	13.0	Hsap,Atha	Eukaryota
OG0001094	Hsap	13.0	Hsap,Atha	Eukaryota
OG0001095	Hsap	13.0	Hsap,Atha	Eukaryota
OG0001096	Hsap	13.0	Hsap,Atha	Eukaryota
OG0001097	Hsap	13.0	Hsap,Atha	Eukaryota
OG0001098	Hsap	13.0	Hsap,Atha	Eukaryota
OG0001099	Hsap	13.0	Hsap,Atha	Eukaryota
OG0001100	Hsap	13.0	Hsap,Atha	Eukaryota
OG0001101	Hsap	13.0	Hsap,Atha	Eukaryota
OG0001102	Hsap	13.0	Hsap,Atha	Eukaryota
OG0001103	Hsap	13.0	Hsap,Atha	Eukaryota
OG0001104	Hsap	13.0	Hsap,Atha	Eukaryota
OG0001105	Hsap	13.0	Hsap,Atha	Eukaryota
OG0001106	Hsap	13.0	Hsap,Atha	Eukaryota
OG0001107	Hsap	13.0	Hsap,Atha	Eukaryota
OG0001108	Hsap	13.0	Hsap,Atha	Eukaryota
OG0001109	Hsap	13.0	Hsap,Atha	Eukaryota
OG0001110	Hsap	13.0	Hsap,Atha	Eukaryota
OG0001111	Hsap	10.0	Hsap,Spom	Opisthokonta
OG0001112	Hsap	6.0	Hsap,Ocar	Metazoa
OG0001113	Hsap	13.0	Hsap,Atha	Eukaryota
OG0001114	Hsap	13.0	Hsap,Atha	Eukaryota
OG0001115	Hsap	13.0	Hsap,Atha	Eukaryota
OG0001116	Hsap	13.0	Hsap,Atha	Eukaryota
OG0001117	Hsap	13.0	Hsap,Atha	Eukaryota
OG0001118	Hsap	13.0	Hsap,Atha	Eukaryota
OG0001119	Hsap	13.0	Hsap,Atha	Eukaryota
OG0001120	Hsap	13.0	Hsap,Atha	Eukaryota
OG0001121	Hsap	13.0	Hsap,Atha	Eukaryota
OG0001122	Hsap	13.0	Hsap,Atha	Eukaryota
OG0001123	Hsap	13.0	Hsap,Atha	Eukaryota
OG0001124	Hsap	13.0	Hsap,Atha	Eukaryota
OG0001125	Hsap	13.0	Hsap,Atha	Eukaryota
OG0001126	Hsap	13.0	Hsap,Atha	Eukaryota
OG0001127	Hsap	13.0	Hsap,Atha	Eukaryota
OG0001128	Hsap	13.0	Hsap,Atha	Eukaryota
OG0001129	Hsap	13.0	Hsap,Atha	Eukaryota
OG0001130	Hsap	13.0	Hsap,Atha	Eukaryota
OG0001131	Hsap	13.0	Hsap,Atha	Eukaryota
OG0001132	Hsap	13.0	Hsap,Atha	Eukaryota
OG0001133	Hsap	13.0	Hsap,Atha	Eukaryota
OG0001134	Hsap	13.0	Hsap,Atha	Eukaryota
OG0001135	Hsap	13.0	Hsap,Atha	Eukaryota
OG0001136	Hsap	13.0	Hsap,Atha	Eukaryota
OG0001137	Hsap	13.0	Hsap,Atha	Eukaryota
OG0001138	Hsap	13.0	Hsap,Atha	Eukaryota
OG0001139	Hsap	13.0	Hsap,Atha	Eukaryota
OG0001140	Hsap	13.0	Hsap,Atha	Eukaryota
OG0001141	Hsap	13.0	Hsap,Atha	Eukaryota
OG0001142	Hsap	13.0	Hsap,Atha	Eukaryota
OG0001143	Hsap	13.0	Hsap,Atha	Eukaryota
OG0001144	Hsap	6.0	Hsap,Ocar	Metazoa
OG0001145	Hsap	13.0	Hsap,Atha	Eukaryota
OG0001146	Hsap	13.0	Hsap,Atha	Eukaryota
OG0001147	Hsap	13.0	Hsap,Atha	Eukaryota
OG0001148	Hsap	6.0	Hsap,Ocar	Metazoa
OG0001149	Hsap	10.0	Hsap,Spom	Opisthokonta
OG0001150	Hsap	13.0	Hsap,Atha	Eukaryota
OG0001151	Hsap	13.0	Hsap,Atha	Eukaryota
OG0001152	Hsap	13.0	Hsap,Atha	Eukaryota
OG0001153	Hsap	13.0	Hsap,Atha	Eukaryota
OG0001154	Hsap	13.0	Hsap,Atha	Eukaryota
OG0001155	Hsap	13.0	Hsap,Atha	Eukaryota
OG0001156	Hsap	13.0	Hsap,Atha	Eukaryota
OG0001157	Hsap	13.0	Hsap,Atha	Eukaryota
OG0001158	Hsap	13.0	Hsap,Atha	Eukaryota
OG0001159	Hsap	13.0	Hsap,Atha	Eukaryota
OG0001160	Hsap	13.0	Hsap,Atha	Eukaryota
OG0001161	Hsap	13.0	Hsap,Atha	Eukaryota
OG0001162	Hsap	13.0	Hsap,Atha	Eukaryota
OG0001163	Hsap	13.0	Hsap,Atha	Eukaryota
OG0001164	Hsap	13.0	Hsap,Atha	Eukaryota
OG0001165	Hsap	13.0	Hsap,Atha	Eukaryota
OG0001166	Hsap	13.0	Hsap,Atha	Eukaryota
OG0001167	Hsap	6.0	Hsap,Ocar	Metazoa
OG0001168	Hsap	13.0	Hsap,Atha	Eukaryota
OG0001169	Hsap	13.0	Hsap,Atha	Eukaryota
OG0001170	Hsap	13.0	Hsap,Atha	Eukaryota
OG0001171	Hsap	13.0	Hsap,Atha	Eukaryota
OG0001172	Hsap	13.0	Hsap,Atha	Eukaryota
OG0001173	Hsap	13.0	Hsap,Atha	Eukaryota
OG0001174	Hsap	13.0	Hsap,Atha	Eukaryota
OG0001175	Hsap	13.0	Hsap,Atha	Eukaryota
OG0001176	Hsap	13.0	Hsap,Atha	Eukaryota
OG0001177	Hsap	13.0	Hsap,Atha	Eukaryota
OG0001178	Hsap	13.0	Hsap,Atha	Eukaryota
OG0001179	Hsap	13.0	Hsap,Atha	Eukaryota
OG0001180	Hsap	13.0	Hsap,Atha	Eukaryota
OG0001181	Hsap	13.0	Hsap,Atha	Eukaryota
OG0001182	Hsap	13.0	Hsap,Atha	Eukaryota
OG0001183	Hsap	13.0	Hsap,Atha	Eukaryota
OG0001184	Hsap	13.0	Hsap,Atha	Eukaryota
OG0001185	Hsap	13.0	Hsap,Atha	Eukaryota
OG0001186	Hsap	13.0	Hsap,Atha	Eukaryota
OG0001187	Hsap	13.0	Hsap,Atha	Eukaryota
OG0001188	Hsap	13.0	Hsap,Atha	Eukaryota
OG0001189	Hsap	13.0	Hsap,Atha	Eukaryota
OG0001190	Hsap	13.0	Hsap,Atha	Eukaryota
OG0001191	Hsap	13.0	Hsap,Atha	Eukaryota
OG0001192	Hsap	13.0	Hsap,Atha	Eukaryota
OG0001193	Hsap	13.0	Hsap,Atha	Eukaryota
OG0001194	Hsap	13.0	Hsap,Atha	Eukaryota
OG0001195	Hsap	13.0	Hsap,Atha	Eukaryota
OG0001196	Hsap	13.0	Hsap,Atha	Eukaryota
OG0001197	Hsap	13.0	Hsap,Atha	Eukaryota
OG0001198	Hsap	13.0	Hsap,Atha	Eukaryota
OG0001199	Hsap	13.0	Hsap,Atha	Eukaryota
OG0001200	Hsap	13.0	Hsap,Atha	Eukaryota
OG0001201	Hsap	13.0	Hsap,Atha	Eukaryota
OG0001202	Hsap	13.0	Hsap,Atha	Eukaryota
OG0001203	Hsap	13.0	Hsap,Atha	Eukaryota
OG0001204	Hsap	13.0	Hsap,Atha	Eukaryota
OG0001205	Hsap	13.0	Hsap,Atha	Eukaryota
OG0001206	Hsap	13.0	Hsap,Atha	Eukaryota
OG0001207	Hsap	13.0	Hsap,Atha	Eukaryota
OG0001208	Hsap	13.0	Hsap,Atha	Eukaryota
OG0001209	Hsap	13.0	Hsap,Atha	Eukaryota
OG0001210	Hsap	13.0	Hsap,Atha	Eukaryota
OG0001211	Hsap	13.0	Hsap,Atha	Eukaryota
OG0001212	Hsap	13.0	Hsap,Atha	Eukaryota
OG0001213	Hsap	13.0	Hsap,Atha	Eukaryota
OG0001214	Hsap	13.0	Hsap,Atha	Eukaryota
OG0001215	Hsap	13.0	Hsap,Atha	Eukaryota
OG0001216	Hsap	13.0	Hsap,Atha	Eukaryota
OG0001217	Hsap	13.0	Hsap,Atha	Eukaryota
OG0001218	Hsap	13.0	Hsap,Atha	Eukaryota
OG0001219	Hsap	13.0	Hsap,Atha	Eukaryota
OG0001220	Hsap	13.0	Hsap,Atha	Eukaryota
OG0001221	Hsap	13.0	Hsap,Atha	Eukaryota
OG0001222	Hsap	6.0	Hsap,Ocar	Metazoa
OG0001223	Hsap	13.0	Hsap,Atha	Eukaryota
OG0001224	Hsap	13.0	Hsap,Atha	Eukaryota
OG0001225	Hsap	13.0	Hsap,Atha	Eukaryota
OG0001226	Hsap	13.0	Hsap,Atha	Eukaryota
OG0001227	Hsap	13.0	Hsap,Atha	Eukaryota
OG0001228	Hsap	13.0	Hsap,Atha	Eukaryota
OG0001229	Hsap	13.0	Hsap,Atha	Eukaryota
OG0001230	Hsap	13.0	Hsap,Atha	Eukaryota
OG0001231	Hsap	13.0	Hsap,Atha	Eukaryota
OG0001232	Hsap	13.0	Hsap,Atha	Eukaryota
OG0001233	Hsap	13.0	Hsap,Atha	Eukaryota
OG0001234	Hsap	13.0	Hsap,Atha	Eukaryota
OG0001235	Hsap	13.0	Hsap,Atha	Eukaryota
OG0001236	Hsap	13.0	Hsap,Atha	Eukaryota
OG0001237	Hsap	13.0	Hsap,Atha	Eukaryota
OG0001238	Hsap	13.0	Hsap,Atha	Eukaryota
OG0001239	Hsap	13.0	Hsap,Atha	Eukaryota
OG0001240	Hsap	13.0	Hsap,Atha	Eukaryota
OG0001241	Hsap	13.0	Hsap,Atha	Eukaryota
OG0001242	Hsap	13.0	Hsap,Atha	Eukaryota
OG0001243	Hsap	13.0	Hsap,Atha	Eukaryota
OG0001244	Hsap	13.0	Hsap,Atha	Eukaryota
OG0001245	Hsap	13.0	Hsap,Atha	Eukaryota
OG0001246	Hsap	13.0	Hsap,Atha	Eukaryota
OG0001247	Hsap	13.0	Hsap,Atha	Eukaryota
OG0001248	Hsap	13.0	Hsap,Atha	Eukaryota
OG0001249	Hsap	13.0	Hsap,Atha	Eukaryota
OG0001250	Hsap	13.0	Hsap,Atha	Eukaryota
OG0001251	Hsap	13.0	Hsap,Atha	Eukaryota
OG0001252	Hsap	8.0	Hsap,Cowc	Filozoa
OG0001253	Hsap	13.0	Hsap,Atha	Eukaryota
OG0001254	Hsap	13.0	Hsap,Atha	Eukaryota
OG0001255	Hsap	13.0	Hsap,Atha	Eukaryota
OG0001256	Hsap	13.0	Hsap,Atha	Eukaryota
OG0001257	Hsap	8.0	Hsap,Cowc	Filozoa
OG0001258	Hsap	13.0	Hsap,Atha	Eukaryota
OG0001259	Hsap	13.0	Hsap,Atha	Eukaryota
OG0001260	Hsap	13.0	Hsap,Atha	Eukaryota
OG0001261	Hsap	13.0	Hsap,Atha	Eukaryota
OG0001262	Hsap	13.0	Hsap,Atha	Eukaryota
OG0001263	Hsap	2.0	Hsap,Skow	
OG0001264	Hsap	13.0	Hsap,Atha	Eukaryota
OG0001265	Hsap	13.0	Hsap,Atha	Eukaryota
OG0001266	Hsap	13.0	Hsap,Atha	Eukaryota
OG0001267	Hsap	13.0	Hsap,Atha	Eukaryota
OG0001268	Hsap	13.0	Hsap,Atha	Eukaryota
OG0001269	Hsap	13.0	Hsap,Atha	Eukaryota
OG0001270	Hsap	13.0	Hsap,Atha	Eukaryota
OG0001271	Hsap	13.0	Hsap,Atha	Eukaryota
OG0001272	Hsap	13.0	Hsap,Atha	Eukaryota
OG0001273	Hsap	13.0	Hsap,Atha	Eukaryota
OG0001274	Hsap	13.0	Hsap,Atha	Eukaryota
OG0001275	Hsap	13.0	Hsap,Atha	Eukaryota
OG0001276	Hsap	13.0	Hsap,Atha	Eukaryota
OG0001277	Hsap	13.0	Hsap,Atha	Eukaryota
OG0001278	Hsap	13.0	Hsap,Atha	Eukaryota
OG0001279	Hsap	13.0	Hsap,Atha	Eukaryota
OG0001280	Hsap	13.0	Hsap,Atha	Eukaryota
OG0001281	Hsap	13.0	Hsap,Atha	Eukaryota
OG0001282	Hsap	13.0	Hsap,Atha	Eukaryota
OG0001283	Hsap	13.0	Hsap,Atha	Eukaryota
OG0001284	Hsap	13.0	Hsap,Atha	Eukaryota
OG0001285	Hsap	13.0	Hsap,Atha	Eukaryota
OG0001286	Hsap	13.0	Hsap,Atha	Eukaryota
OG0001287	Hsap	6.0	Hsap,Ocar	Metazoa
OG0001288	Hsap	13.0	Hsap,Atha	Eukaryota
OG0001289	Hsap	13.0	Hsap,Atha	Eukaryota
OG0001290	Hsap	13.0	Hsap,Atha	Eukaryota
OG0001291	Hsap	13.0	Hsap,Atha	Eukaryota
OG0001292	Hsap	13.0	Hsap,Atha	Eukaryota
OG0001293	Hsap	13.0	Hsap,Atha	Eukaryota
OG0001294	Hsap	13.0	Hsap,Atha	Eukaryota
OG0001295	Hsap	13.0	Hsap,Atha	Eukaryota
OG0001296	Hsap	13.0	Hsap,Atha	Eukaryota
OG0001297	Hsap	13.0	Hsap,Atha	Eukaryota
OG0001298	Hsap	13.0	Hsap,Atha	Eukaryota
OG0001299	Hsap	13.0	Hsap,Atha	Eukaryota
OG0001300	Hsap	13.0	Hsap,Atha	Eukaryota
OG0001301	Hsap	13.0	Hsap,Atha	Eukaryota
OG0001302	Hsap	13.0	Hsap,Atha	Eukaryota
OG0001303	Hsap	13.0	Hsap,Atha	Eukaryota
OG0001304	Hsap	13.0	Hsap,Atha	Eukaryota
OG0001305	Hsap	13.0	Hsap,Atha	Eukaryota
OG0001306	Hsap	13.0	Hsap,Atha	Eukaryota
OG0001307	Hsap	13.0	Hsap,Atha	Eukaryota
OG0001308	Hsap	13.0	Hsap,Atha	Eukaryota
OG0001309	Hsap	13.0	Hsap,Atha	Eukaryota
OG0001310	Hsap	13.0	Hsap,Atha	Eukaryota
OG0001311	Hsap	13.0	Hsap,Atha	Eukaryota
OG0001312	Hsap	9.0	Hsap,Sarc	Holozoa
OG0001313	Hsap	13.0	Hsap,Atha	Eukaryota
OG0001314	Hsap	13.0	Hsap,Atha	Eukaryota
OG0001315	Hsap	13.0	Hsap,Atha	Eukaryota
OG0001316	Hsap	13.0	Hsap,Atha	Eukaryota
OG0001317	Hsap	13.0	Hsap,Atha	Eukaryota
OG0001318	Hsap	13.0	Hsap,Atha	Eukaryota
OG0001319	Hsap	13.0	Hsap,Atha	Eukaryota
OG0001320	Hsap	13.0	Hsap,Atha	Eukaryota
OG0001321	Hsap	13.0	Hsap,Atha	Eukaryota
OG0001322	Hsap	13.0	Hsap,Atha	Eukaryota
OG0001323	Hsap	13.0	Hsap,Atha	Eukaryota
OG0001324	Hsap	13.0	Hsap,Atha	Eukaryota
OG0001325	Hsap	13.0	Hsap,Atha	Eukaryota
OG0001326	Hsap	13.0	Hsap,Atha	Eukaryota
OG0001327	Hsap	13.0	Hsap,Atha	Eukaryota
OG0001328	Hsap	13.0	Hsap,Atha	Eukaryota
OG0001329	Hsap	13.0	Hsap,Atha	Eukaryota
OG0001330	Hsap	13.0	Hsap,Atha	Eukaryota
OG0001331	Hsap	13.0	Hsap,Atha	Eukaryota
OG0001332	Hsap	13.0	Hsap,Atha	Eukaryota
OG0001333	Hsap	13.0	Hsap,Atha	Eukaryota
OG0001334	Hsap	13.0	Hsap,Atha	Eukaryota
OG0001335	Hsap	13.0	Hsap,Atha	Eukaryota
OG0001336	Hsap	13.0	Hsap,Atha	Eukaryota
OG0001337	Hsap	13.0	Hsap,Atha	Eukaryota
OG0001338	Hsap	13.0	Hsap,Atha	Eukaryota
OG0001339	Hsap	13.0	Hsap,Atha	Eukaryota
OG0001340	Hsap	13.0	Hsap,Atha	Eukaryota
OG0001341	Hsap	13.0	Hsap,Atha	Eukaryota
OG0001342	Hsap	13.0	Hsap,Atha	Eukaryota
OG0001343	Hsap	13.0	Hsap,Atha	Eukaryota
OG0001344	Hsap	13.0	Hsap,Atha	Eukaryota
OG0001345	Hsap	13.0	Hsap,Atha	Eukaryota
OG0001346	Hsap	13.0	Hsap,Atha	Eukaryota
OG0001347	Hsap	13.0	Hsap,Atha	Eukaryota
OG0001348	Hsap	13.0	Hsap,Atha	Eukaryota
OG0001349	Hsap	13.0	Hsap,Atha	Eukaryota
OG0001350	Hsap	13.0	Hsap,Atha	Eukaryota
OG0001351	Hsap	7.0	Hsap,Mbre	Choanozoa
OG0001352	Hsap	13.0	Hsap,Atha	Eukaryota
OG0001353	Hsap	13.0	Hsap,Atha	Eukaryota
OG0001354	Hsap	13.0	Hsap,Atha	Eukaryota
OG0001355	Hsap	13.0	Hsap,Atha	Eukaryota
OG0001356	Hsap	13.0	Hsap,Atha	Eukaryota
OG0001357	Hsap	13.0	Hsap,Atha	Eukaryota
OG0001358	Hsap	13.0	Hsap,Atha	Eukaryota
OG0001359	Hsap	13.0	Hsap,Atha	Eukaryota
OG0001360	Hsap	13.0	Hsap,Atha	Eukaryota
OG0001361	Hsap	13.0	Hsap,Atha	Eukaryota
OG0001362	Hsap	13.0	Hsap,Atha	Eukaryota
OG0001363	Hsap	13.0	Hsap,Atha	Eukaryota
OG0001364	Hsap	13.0	Hsap,Atha	Eukaryota
OG0001365	Hsap	13.0	Hsap,Atha	Eukaryota
OG0001366	Hsap	13.0	Hsap,Atha	Eukaryota
OG0001367	Hsap	13.0	Hsap,Atha	Eukaryota
OG0001368	Hsap	13.0	Hsap,Atha	Eukaryota
OG0001369	Hsap	13.0	Hsap,Atha	Eukaryota
OG0001370	Hsap	13.0	Hsap,Atha	Eukaryota
OG0001371	Hsap	13.0	Hsap,Atha	Eukaryota
OG0001372	Hsap	13.0	Hsap,Atha	Eukaryota
OG0001373	Hsap	13.0	Hsap,Atha	Eukaryota
OG0001374	Hsap	13.0	Hsap,Atha	Eukaryota
OG0001375	Hsap	13.0	Hsap,Atha	Eukaryota
OG0001376	Hsap	13.0	Hsap,Atha	Eukaryota
OG0001377	Hsap	13.0	Hsap,Atha	Eukaryota
OG0001378	Hsap	13.0	Hsap,Atha	Eukaryota
OG0001379	Hsap	13.0	Hsap,Atha	Eukaryota
OG0001380	Hsap	13.0	Hsap,Atha	Eukaryota
OG0001381	Hsap	13.0	Hsap,Atha	Eukaryota
OG0001382	Hsap	13.0	Hsap,Atha	Eukaryota
OG0001383	Hsap	13.0	Hsap,Atha	Eukaryota
OG0001384	Hsap	13.0	Hsap,Atha	Eukaryota
OG0001385	Hsap	13.0	Hsap,Atha	Eukaryota
OG0001386	Hsap	13.0	Hsap,Atha	Eukaryota
OG0001387	Hsap	13.0	Hsap,Atha	Eukaryota
OG0001388	Hsap	13.0	Hsap,Atha	Eukaryota
OG0001389	Hsap	13.0	Hsap,Atha	Eukaryota
OG0001390	Hsap	6.0	Hsap,Ocar	Metazoa
OG0001391	Hsap	13.0	Hsap,Atha	Eukaryota
OG0001392	Hsap	13.0	Hsap,Atha	Eukaryota
OG0001393	Hsap	13.0	Hsap,Atha	Eukaryota
OG0001394	Hsap	6.0	Hsap,Ocar	Metazoa
OG0001395	Hsap	13.0	Hsap,Atha	Eukaryota
OG0001396	Hsap	13.0	Hsap,Atha	Eukaryota
OG0001397	Hsap	13.0	Hsap,Atha	Eukaryota
OG0001398	Hsap	13.0	Hsap,Atha	Eukaryota
OG0001399	Hsap	13.0	Hsap,Atha	Eukaryota
OG0001400	Hsap	13.0	Hsap,Atha	Eukaryota
OG0001401	Hsap	13.0	Hsap,Atha	Eukaryota
OG0001402	Hsap	13.0	Hsap,Atha	Eukaryota
OG0001403	Hsap	13.0	Hsap,Atha	Eukaryota
OG0001404	Hsap	13.0	Hsap,Atha	Eukaryota
OG0001405	Hsap	13.0	Hsap,Atha	Eukaryota
OG0001406	Hsap	13.0	Hsap,Atha	Eukaryota
OG0001407	Hsap	13.0	Hsap,Atha	Eukaryota
OG0001408	Hsap	13.0	Hsap,Atha	Eukaryota
OG0001409	Hsap	13.0	Hsap,Atha	Eukaryota
OG0001410	Hsap	13.0	Hsap,Atha	Eukaryota
OG0001411	Hsap	13.0	Hsap,Atha	Eukaryota
OG0001412	Hsap	13.0	Hsap,Atha	Eukaryota
OG0001413	Hsap	13.0	Hsap,Atha	Eukaryota
OG0001414	Hsap	13.0	Hsap,Atha	Eukaryota
OG0001415	Hsap	13.0	Hsap,Atha	Eukaryota
OG0001416	Hsap	13.0	Hsap,Atha	Eukaryota
OG0001417	Hsap	13.0	Hsap,Atha	Eukaryota
OG0001418	Hsap	13.0	Hsap,Atha	Eukaryota
OG0001419	Hsap	13.0	Hsap,Atha	Eukaryota
OG0001420	Hsap	13.0	Hsap,Atha	Eukaryota
OG0001421	Hsap	13.0	Hsap,Atha	Eukaryota
OG0001422	Hsap	13.0	Hsap,Atha	Eukaryota
OG0001423	Hsap	13.0	Hsap,Atha	Eukaryota
OG0001424	Hsap	13.0	Hsap,Atha	Eukaryota
OG0001425	Hsap	13.0	Hsap,Atha	Eukaryota
OG0001426	Hsap	13.0	Hsap,Atha	Eukaryota
OG0001427	Hsap	13.0	Hsap,Atha	Eukaryota
OG0001428	Hsap	13.0	Hsap,Atha	Eukaryota
OG0001429	Hsap	13.0	Hsap,Atha	Eukaryota
OG0001430	Hsap	13.0	Hsap,Atha	Eukaryota
OG0001431	Hsap	13.0	Hsap,Atha	Eukaryota
OG0001432	Hsap	6.0	Hsap,Ocar	Metazoa
OG0001433	Hsap	13.0	Hsap,Atha	Eukaryota
OG0001434	Hsap	13.0	Hsap,Atha	Eukaryota
OG0001435	Hsap	13.0	Hsap,Atha	Eukaryota
OG0001436	Hsap	13.0	Hsap,Atha	Eukaryota
OG0001437	Hsap	13.0	Hsap,Atha	Eukaryota
OG0001438	Hsap	13.0	Hsap,Atha	Eukaryota
OG0001439	Hsap	13.0	Hsap,Atha	Eukaryota
OG0001440	Hsap	13.0	Hsap,Atha	Eukaryota
OG0001441	Hsap	13.0	Hsap,Atha	Eukaryota
OG0001442	Hsap	13.0	Hsap,Atha	Eukaryota
OG0001443	Hsap	13.0	Hsap,Atha	Eukaryota
OG0001444	Hsap	13.0	Hsap,Atha	Eukaryota
OG0001445	Hsap	13.0	Hsap,Atha	Eukaryota
OG0001446	Hsap	13.0	Hsap,Atha	Eukaryota
OG0001447	Hsap	13.0	Hsap,Atha	Eukaryota
OG0001448	Hsap	13.0	Hsap,Atha	Eukaryota
OG0001449	Hsap	13.0	Hsap,Atha	Eukaryota
OG0001450	Hsap	13.0	Hsap,Atha	Eukaryota
OG0001451	Hsap	13.0	Hsap,Atha	Eukaryota
OG0001452	Hsap	13.0	Hsap,Atha	Eukaryota
OG0001453	Hsap	13.0	Hsap,Atha	Eukaryota
OG0001454	Hsap	13.0	Hsap,Atha	Eukaryota
OG0001455	Hsap	13.0	Hsap,Atha	Eukaryota
OG0001456	Hsap	13.0	Hsap,Atha	Eukaryota
OG0001457	Hsap	13.0	Hsap,Atha	Eukaryota
OG0001458	Hsap	13.0	Hsap,Atha	Eukaryota
OG0001459	Hsap	13.0	Hsap,Atha	Eukaryota
OG0001460	Hsap	13.0	Hsap,Atha	Eukaryota
OG0001461	Hsap	13.0	Hsap,Atha	Eukaryota
OG0001462	Hsap	13.0	Hsap,Atha	Eukaryota
OG0001463	Hsap	13.0	Hsap,Atha	Eukaryota
OG0001464	Hsap	13.0	Hsap,Atha	Eukaryota
OG0001465	Hsap	13.0	Hsap,Atha	Eukaryota
OG0001466	Hsap	13.0	Hsap,Atha	Eukaryota
OG0001467	Hsap	13.0	Hsap,Atha	Eukaryota
OG0001468	Hsap	13.0	Hsap,Atha	Eukaryota
OG0001469	Hsap	13.0	Hsap,Atha	Eukaryota
OG0001470	Hsap	13.0	Hsap,Atha	Eukaryota
OG0001471	Hsap	13.0	Hsap,Atha	Eukaryota
OG0001472	Hsap	13.0	Hsap,Atha	Eukaryota
OG0001473	Hsap	13.0	Hsap,Atha	Eukaryota
OG0001474	Hsap	13.0	Hsap,Atha	Eukaryota
OG0001475	Hsap	13.0	Hsap,Atha	Eukaryota
OG0001476	Hsap	13.0	Hsap,Atha	Eukaryota
OG0001477	Hsap	13.0	Hsap,Atha	Eukaryota
OG0001478	Hsap	13.0	Hsap,Atha	Eukaryota
OG0001479	Hsap	13.0	Hsap,Atha	Eukaryota
OG0001480	Hsap	13.0	Hsap,Atha	Eukaryota
OG0001481	Hsap	13.0	Hsap,Atha	Eukaryota
OG0001482	Hsap	13.0	Hsap,Atha	Eukaryota
OG0001483	Hsap	13.0	Hsap,Atha	Eukaryota
OG0001484	Hsap	13.0	Hsap,Atha	Eukaryota
OG0001485	Hsap	13.0	Hsap,Atha	Eukaryota
OG0001486	Hsap	13.0	Hsap,Atha	Eukaryota
OG0001487	Hsap	13.0	Hsap,Atha	Eukaryota
OG0001488	Hsap	13.0	Hsap,Atha	Eukaryota
OG0001489	Hsap	13.0	Hsap,Atha	Eukaryota
OG0001490	Hsap	13.0	Hsap,Atha	Eukaryota
OG0001491	Hsap	13.0	Hsap,Atha	Eukaryota
OG0001492	Hsap	4.0	Hsap,Nvec	
OG0001493	Hsap	6.0	Hsap,Ocar	Metazoa
OG0001494	Hsap	6.0	Hsap,Ocar	Metazoa
OG0001495	Hsap	10.0	Hsap,Spom	Opisthokonta
OG0001496	Hsap	13.0	Hsap,Atha	Eukaryota
OG0001497	Hsap	13.0	Hsap,Atha	Eukaryota
OG0001498	Hsap	13.0	Hsap,Atha	Eukaryota
OG0001499	Hsap	13.0	Hsap,Atha	Eukaryota
OG0001500	Hsap	13.0	Hsap,Atha	Eukaryota
OG0001501	Hsap	13.0	Hsap,Atha	Eukaryota
OG0001502	Hsap	13.0	Hsap,Atha	Eukaryota
OG0001503	Hsap	13.0	Hsap,Atha	Eukaryota
OG0001504	Hsap	13.0	Hsap,Atha	Eukaryota
OG0001505	Hsap	13.0	Hsap,Atha	Eukaryota
OG0001506	Hsap	13.0	Hsap,Atha	Eukaryota
OG0001507	Hsap	13.0	Hsap,Atha	Eukaryota
OG0001508	Hsap	13.0	Hsap,Atha	Eukaryota
OG0001509	Hsap	13.0	Hsap,Atha	Eukaryota
OG0001510	Hsap	13.0	Hsap,Atha	Eukaryota
OG0001511	Hsap	13.0	Hsap,Atha	Eukaryota
OG0001512	Hsap	13.0	Hsap,Atha	Eukaryota
OG0001513	Hsap	13.0	Hsap,Atha	Eukaryota
OG0001514	Hsap	13.0	Hsap,Atha	Eukaryota
OG0001515	Hsap	13.0	Hsap,Atha	Eukaryota
OG0001516	Hsap	13.0	Hsap,Atha	Eukaryota
OG0001517	Hsap	13.0	Hsap,Atha	Eukaryota
OG0001518	Hsap	13.0	Hsap,Atha	Eukaryota
OG0001519	Hsap	13.0	Hsap,Atha	Eukaryota
OG0001520	Hsap	13.0	Hsap,Atha	Eukaryota
OG0001521	Hsap	13.0	Hsap,Atha	Eukaryota
OG0001522	Hsap	13.0	Hsap,Atha	Eukaryota
OG0001523	Hsap	13.0	Hsap,Atha	Eukaryota
OG0001524	Hsap	13.0	Hsap,Atha	Eukaryota
OG0001525	Hsap	13.0	Hsap,Atha	Eukaryota
OG0001526	Hsap	13.0	Hsap,Atha	Eukaryota
OG0001527	Hsap	13.0	Hsap,Atha	Eukaryota
OG0001528	Hsap	13.0	Hsap,Atha	Eukaryota
OG0001529	Hsap	13.0	Hsap,Atha	Eukaryota
OG0001530	Hsap	13.0	Hsap,Atha	Eukaryota
OG0001531	Hsap	6.0	Hsap,Ocar	Metazoa
OG0001532	Hsap	9.0	Hsap,Sarc	Holozoa
OG0001533	Hsap	13.0	Hsap,Atha	Eukaryota
OG0001534	Hsap	13.0	Hsap,Atha	Eukaryota
OG0001535	Hsap	13.0	Hsap,Atha	Eukaryota
OG0001536	Hsap	13.0	Hsap,Atha	Eukaryota
OG0001537	Hsap	6.0	Hsap,Ocar	Metazoa
OG0001538	Hsap	13.0	Hsap,Atha	Eukaryota
OG0001539	Hsap	13.0	Hsap,Atha	Eukaryota
OG0001540	Hsap	13.0	Hsap,Atha	Eukaryota
OG0001541	Hsap	13.0	Hsap,Atha	Eukaryota
OG0001542	Hsap	13.0	Hsap,Atha	Eukaryota
OG0001543	Hsap	13.0	Hsap,Atha	Eukaryota
OG0001544	Hsap	13.0	Hsap,Atha	Eukaryota
OG0001545	Hsap	13.0	Hsap,Atha	Eukaryota
OG0001546	Hsap	13.0	Hsap,Atha	Eukaryota
OG0001547	Hsap	13.0	Hsap,Atha	Eukaryota
OG0001548	Hsap	13.0	Hsap,Atha	Eukaryota
OG0001549	Hsap	13.0	Hsap,Atha	Eukaryota
OG0001550	Hsap	13.0	Hsap,Atha	Eukaryota
OG0001551	Hsap	13.0	Hsap,Atha	Eukaryota
OG0001552	Hsap	13.0	Hsap,Atha	Eukaryota
OG0001553	Hsap	13.0	Hsap,Atha	Eukaryota
OG0001554	Hsap	13.0	Hsap,Atha	Eukaryota
OG0001555	Hsap	13.0	Hsap,Atha	Eukaryota
OG0001556	Hsap	13.0	Hsap,Atha	Eukaryota
OG0001557	Hsap	13.0	Hsap,Atha	Eukaryota
OG0001558	Hsap	13.0	Hsap,Atha	Eukaryota
OG0001559	Hsap	13.0	Hsap,Atha	Eukaryota
OG0001560	Hsap	13.0	Hsap,Atha	Eukaryota
OG0001561	Hsap	13.0	Hsap,Atha	Eukaryota
OG0001562	Hsap	13.0	Hsap,Atha	Eukaryota
OG0001563	Hsap	13.0	Hsap,Atha	Eukaryota
OG0001564	Hsap	13.0	Hsap,Atha	Eukaryota
OG0001565	Hsap	13.0	Hsap,Atha	Eukaryota
OG0001566	Hsap	13.0	Hsap,Atha	Eukaryota
OG0001567	Hsap	13.0	Hsap,Atha	Eukaryota
OG0001568	Hsap	13.0	Hsap,Atha	Eukaryota
OG0001569	Hsap	13.0	Hsap,Atha	Eukaryota
OG0001570	Hsap	13.0	Hsap,Atha	Eukaryota
OG0001571	Hsap	13.0	Hsap,Atha	Eukaryota
OG0001572	Hsap	13.0	Hsap,Atha	Eukaryota
OG0001573	Hsap	13.0	Hsap,Atha	Eukaryota
OG0001574	Hsap	13.0	Hsap,Atha	Eukaryota
OG0001575	Hsap	10.0	Hsap,Spom	Opisthokonta
OG0001576	Hsap	13.0	Hsap,Atha	Eukaryota
OG0001577	Hsap	13.0	Hsap,Atha	Eukaryota
OG0001578	Hsap	13.0	Hsap,Atha	Eukaryota
OG0001579	Hsap	6.0	Hsap,Ocar	Metazoa
OG0001580	Hsap	13.0	Hsap,Atha	Eukaryota
OG0001581	Hsap	13.0	Hsap,Atha	Eukaryota
OG0001582	Hsap	13.0	Hsap,Atha	Eukaryota
OG0001583	Hsap	13.0	Hsap,Atha	Eukaryota
OG0001584	Hsap	13.0	Hsap,Atha	Eukaryota
OG0001585	Hsap	13.0	Hsap,Atha	Eukaryota
OG0001586	Hsap	6.0	Hsap,Ocar	Metazoa
OG0001587	Hsap	13.0	Hsap,Atha	Eukaryota
OG0001588	Hsap	13.0	Hsap,Atha	Eukaryota
OG0001589	Hsap	13.0	Hsap,Atha	Eukaryota
OG0001590	Hsap	13.0	Hsap,Atha	Eukaryota
OG0001591	Hsap	13.0	Hsap,Atha	Eukaryota
OG0001592	Hsap	13.0	Hsap,Atha	Eukaryota
OG0001593	Hsap	13.0	Hsap,Atha	Eukaryota
OG0001594	Hsap	13.0	Hsap,Atha	Eukaryota
OG0001595	Hsap	13.0	Hsap,Atha	Eukaryota
OG0001596	Hsap	13.0	Hsap,Atha	Eukaryota
OG0001597	Hsap	13.0	Hsap,Atha	Eukaryota
OG0001598	Hsap	13.0	Hsap,Atha	Eukaryota
OG0001599	Hsap	13.0	Hsap,Atha	Eukaryota
OG0001600	Hsap	13.0	Hsap,Atha	Eukaryota
OG0001601	Hsap	13.0	Hsap,Atha	Eukaryota
OG0001602	Hsap	13.0	Hsap,Atha	Eukaryota
OG0001603	Hsap	13.0	Hsap,Atha	Eukaryota
OG0001604	Hsap	13.0	Hsap,Atha	Eukaryota
OG0001605	Hsap	13.0	Hsap,Atha	Eukaryota
OG0001606	Hsap	13.0	Hsap,Atha	Eukaryota
OG0001607	Hsap	13.0	Hsap,Atha	Eukaryota
OG0001608	Hsap	13.0	Hsap,Atha	Eukaryota
OG0001609	Hsap	13.0	Hsap,Atha	Eukaryota
OG0001610	Hsap	13.0	Hsap,Atha	Eukaryota
OG0001611	Hsap	13.0	Hsap,Atha	Eukaryota
OG0001612	Hsap	13.0	Hsap,Atha	Eukaryota
OG0001613	Hsap	13.0	Hsap,Atha	Eukaryota
OG0001614	Hsap	13.0	Hsap,Atha	Eukaryota
OG0001615	Hsap	13.0	Hsap,Atha	Eukaryota
OG0001616	Hsap	13.0	Hsap,Atha	Eukaryota
OG0001617	Hsap	13.0	Hsap,Atha	Eukaryota
OG0001618	Hsap	13.0	Hsap,Atha	Eukaryota
OG0001619	Hsap	13.0	Hsap,Atha	Eukaryota
OG0001620	Hsap	13.0	Hsap,Atha	Eukaryota
OG0001621	Hsap	13.0	Hsap,Atha	Eukaryota
OG0001622	Hsap	13.0	Hsap,Atha	Eukaryota
OG0001623	Hsap	13.0	Hsap,Atha	Eukaryota
OG0001624	Hsap	10.0	Hsap,Spom	Opisthokonta
OG0001625	Hsap	13.0	Hsap,Atha	Eukaryota
OG0001626	Hsap	13.0	Hsap,Atha	Eukaryota
OG0001627	Hsap	13.0	Hsap,Atha	Eukaryota
OG0001628	Hsap	13.0	Hsap,Atha	Eukaryota
OG0001629	Hsap	13.0	Hsap,Atha	Eukaryota
OG0001630	Hsap	5.0	Hsap,Tadh	
OG0001631	Hsap	13.0	Hsap,Atha	Eukaryota
OG0001632	Hsap	7.0	Hsap,Mbre	Choanozoa
OG0001633	Hsap	13.0	Hsap,Atha	Eukaryota
OG0001634	Hsap	13.0	Hsap,Atha	Eukaryota
OG0001635	Hsap	13.0	Hsap,Atha	Eukaryota
OG0001636	Hsap	13.0	Hsap,Atha	Eukaryota
OG0001637	Hsap	13.0	Hsap,Atha	Eukaryota
OG0001638	Hsap	13.0	Hsap,Atha	Eukaryota
OG0001639	Hsap	13.0	Hsap,Atha	Eukaryota
OG0001640	Hsap	13.0	Hsap,Atha	Eukaryota
OG0001641	Hsap	13.0	Hsap,Atha	Eukaryota
OG0001642	Hsap	13.0	Hsap,Atha	Eukaryota
OG0001643	Hsap	13.0	Hsap,Atha	Eukaryota
OG0001644	Hsap	12.0	Hsap,Ddis	Unikonta
OG0001645	Hsap	13.0	Hsap,Atha	Eukaryota
OG0001646	Hsap	13.0	Hsap,Atha	Eukaryota
OG0001647	Hsap	13.0	Hsap,Atha	Eukaryota
OG0001648	Hsap	13.0	Hsap,Atha	Eukaryota
OG0001649	Hsap	13.0	Hsap,Atha	Eukaryota
OG0001650	Hsap	13.0	Hsap,Atha	Eukaryota
OG0001651	Hsap	13.0	Hsap,Atha	Eukaryota
OG0001652	Hsap	13.0	Hsap,Atha	Eukaryota
OG0001653	Hsap	13.0	Hsap,Atha	Eukaryota
OG0001654	Hsap	13.0	Hsap,Atha	Eukaryota
OG0001655	Hsap	13.0	Hsap,Atha	Eukaryota
OG0001656	Hsap	13.0	Hsap,Atha	Eukaryota
OG0001657	Hsap	13.0	Hsap,Atha	Eukaryota
OG0001658	Hsap	13.0	Hsap,Atha	Eukaryota
OG0001659	Hsap	13.0	Hsap,Atha	Eukaryota
OG0001660	Hsap	13.0	Hsap,Atha	Eukaryota
OG0001661	Hsap	13.0	Hsap,Atha	Eukaryota
OG0001662	Hsap	13.0	Hsap,Atha	Eukaryota
OG0001663	Hsap	13.0	Hsap,Atha	Eukaryota
OG0001664	Hsap	13.0	Hsap,Atha	Eukaryota
OG0001665	Hsap	13.0	Hsap,Atha	Eukaryota
OG0001666	Hsap	13.0	Hsap,Atha	Eukaryota
OG0001667	Hsap	13.0	Hsap,Atha	Eukaryota
OG0001668	Hsap	13.0	Hsap,Atha	Eukaryota
OG0001669	Hsap	13.0	Hsap,Atha	Eukaryota
OG0001670	Hsap	13.0	Hsap,Atha	Eukaryota
OG0001671	Hsap	13.0	Hsap,Atha	Eukaryota
OG0001672	Hsap	13.0	Hsap,Atha	Eukaryota
OG0001673	Hsap	13.0	Hsap,Atha	Eukaryota
OG0001674	Hsap	13.0	Hsap,Atha	Eukaryota
OG0001675	Hsap	13.0	Hsap,Atha	Eukaryota
OG0001676	Hsap	13.0	Hsap,Atha	Eukaryota
OG0001677	Hsap	13.0	Hsap,Atha	Eukaryota
OG0001678	Hsap	13.0	Hsap,Atha	Eukaryota
OG0001679	Hsap	9.0	Hsap,Sarc	Holozoa
OG0001680	Hsap	13.0	Hsap,Atha	Eukaryota
OG0001681	Hsap	13.0	Hsap,Atha	Eukaryota
OG0001682	Hsap	13.0	Hsap,Atha	Eukaryota
OG0001683	Hsap	13.0	Hsap,Atha	Eukaryota
OG0001684	Hsap	13.0	Hsap,Atha	Eukaryota
OG0001685	Hsap	13.0	Hsap,Atha	Eukaryota
OG0001686	Hsap	13.0	Hsap,Atha	Eukaryota
OG0001687	Hsap	13.0	Hsap,Atha	Eukaryota
OG0001688	Hsap	13.0	Hsap,Atha	Eukaryota
OG0001689	Hsap	13.0	Hsap,Atha	Eukaryota
OG0001690	Hsap	13.0	Hsap,Atha	Eukaryota
OG0001691	Hsap	13.0	Hsap,Atha	Eukaryota
OG0001692	Hsap	13.0	Hsap,Atha	Eukaryota
OG0001693	Hsap	13.0	Hsap,Atha	Eukaryota
OG0001694	Hsap	13.0	Hsap,Atha	Eukaryota
OG0001695	Hsap	13.0	Hsap,Atha	Eukaryota
OG0001696	Hsap	13.0	Hsap,Atha	Eukaryota
OG0001697	Hsap	13.0	Hsap,Atha	Eukaryota
OG0001698	Hsap	13.0	Hsap,Atha	Eukaryota
OG0001699	Hsap	13.0	Hsap,Atha	Eukaryota
OG0001700	Hsap	13.0	Hsap,Atha	Eukaryota
OG0001701	Hsap	13.0	Hsap,Atha	Eukaryota
OG0001702	Hsap	13.0	Hsap,Atha	Eukaryota
OG0001703	Hsap	13.0	Hsap,Atha	Eukaryota
OG0001704	Hsap	13.0	Hsap,Atha	Eukaryota
OG0001705	Hsap	13.0	Hsap,Atha	Eukaryota
OG0001706	Hsap	13.0	Hsap,Atha	Eukaryota
OG0001707	Hsap	13.0	Hsap,Atha	Eukaryota
OG0001708	Hsap	13.0	Hsap,Atha	Eukaryota
OG0001709	Hsap	13.0	Hsap,Atha	Eukaryota
OG0001710	Hsap	13.0	Hsap,Atha	Eukaryota
OG0001711	Hsap	13.0	Hsap,Atha	Eukaryota
OG0001712	Hsap	13.0	Hsap,Atha	Eukaryota
OG0001713	Hsap	13.0	Hsap,Atha	Eukaryota
OG0001714	Hsap	13.0	Hsap,Atha	Eukaryota
OG0001715	Hsap	13.0	Hsap,Atha	Eukaryota
OG0001716	Hsap	13.0	Hsap,Atha	Eukaryota
OG0001717	Hsap	13.0	Hsap,Atha	Eukaryota
OG0001718	Hsap	13.0	Hsap,Atha	Eukaryota
OG0001719	Hsap	13.0	Hsap,Atha	Eukaryota
OG0001720	Hsap	13.0	Hsap,Atha	Eukaryota
OG0001721	Hsap	13.0	Hsap,Atha	Eukaryota
OG0001722	Hsap	13.0	Hsap,Atha	Eukaryota
OG0001723	Hsap	13.0	Hsap,Atha	Eukaryota
OG0001724	Hsap	13.0	Hsap,Atha	Eukaryota
OG0001725	Hsap	13.0	Hsap,Atha	Eukaryota
OG0001726	Hsap	13.0	Hsap,Atha	Eukaryota
OG0001727	Hsap	13.0	Hsap,Atha	Eukaryota
OG0001728	Hsap	13.0	Hsap,Atha	Eukaryota
OG0001729	Hsap	13.0	Hsap,Atha	Eukaryota
OG0001730	Hsap	13.0	Hsap,Atha	Eukaryota
OG0001731	Hsap	6.0	Hsap,Ocar	Metazoa
OG0001732	Hsap	13.0	Hsap,Atha	Eukaryota
OG0001733	Hsap	13.0	Hsap,Atha	Eukaryota
OG0001734	Hsap	13.0	Hsap,Atha	Eukaryota
OG0001735	Hsap	13.0	Hsap,Atha	Eukaryota
OG0001736	Hsap	13.0	Hsap,Atha	Eukaryota
OG0001737	Hsap	13.0	Hsap,Atha	Eukaryota
OG0001738	Hsap	13.0	Hsap,Atha	Eukaryota
OG0001739	Hsap	13.0	Hsap,Atha	Eukaryota
OG0001740	Hsap	13.0	Hsap,Atha	Eukaryota
OG0001741	Hsap	13.0	Hsap,Atha	Eukaryota
OG0001742	Hsap	13.0	Hsap,Atha	Eukaryota
OG0001743	Hsap	13.0	Hsap,Atha	Eukaryota
OG0001744	Hsap	13.0	Hsap,Atha	Eukaryota
OG0001745	Hsap	13.0	Hsap,Atha	Eukaryota
OG0001746	Hsap	13.0	Hsap,Atha	Eukaryota
OG0001747	Hsap	13.0	Hsap,Atha	Eukaryota
OG0001748	Hsap	13.0	Hsap,Atha	Eukaryota
OG0001749	Hsap	13.0	Hsap,Atha	Eukaryota
OG0001750	Hsap	13.0	Hsap,Atha	Eukaryota
OG0001751	Hsap	13.0	Hsap,Atha	Eukaryota
OG0001752	Hsap	13.0	Hsap,Atha	Eukaryota
OG0001753	Hsap	13.0	Hsap,Atha	Eukaryota
OG0001754	Hsap	13.0	Hsap,Atha	Eukaryota
OG0001755	Hsap	13.0	Hsap,Atha	Eukaryota
OG0001756	Hsap	13.0	Hsap,Atha	Eukaryota
OG0001757	Hsap	13.0	Hsap,Atha	Eukaryota
OG0001758	Hsap	13.0	Hsap,Atha	Eukaryota
OG0001759	Hsap	13.0	Hsap,Atha	Eukaryota
OG0001760	Hsap	13.0	Hsap,Atha	Eukaryota
OG0001761	Hsap	13.0	Hsap,Atha	Eukaryota
OG0001762	Hsap	13.0	Hsap,Atha	Eukaryota
OG0001763	Hsap	13.0	Hsap,Atha	Eukaryota
OG0001764	Hsap	13.0	Hsap,Atha	Eukaryota
OG0001765	Hsap	13.0	Hsap,Atha	Eukaryota
OG0001766	Hsap	13.0	Hsap,Atha	Eukaryota
OG0001767	Hsap	13.0	Hsap,Atha	Eukaryota
OG0001768	Hsap	13.0	Hsap,Atha	Eukaryota
OG0001769	Hsap	13.0	Hsap,Atha	Eukaryota
OG0001770	Hsap	13.0	Hsap,Atha	Eukaryota
OG0001771	Hsap	13.0	Hsap,Atha	Eukaryota
OG0001772	Hsap	13.0	Hsap,Atha	Eukaryota
OG0001773	Hsap	13.0	Hsap,Atha	Eukaryota
OG0001774	Hsap	13.0	Hsap,Atha	Eukaryota
OG0001775	Hsap	13.0	Hsap,Atha	Eukaryota
OG0001776	Hsap	13.0	Hsap,Atha	Eukaryota
OG0001777	Hsap	13.0	Hsap,Atha	Eukaryota
OG0001778	Hsap	13.0	Hsap,Atha	Eukaryota
OG0001779	Hsap	13.0	Hsap,Atha	Eukaryota
OG0001780	Hsap	13.0	Hsap,Atha	Eukaryota
OG0001781	Hsap	13.0	Hsap,Atha	Eukaryota
OG0001782	Hsap	13.0	Hsap,Atha	Eukaryota
OG0001783	Hsap	13.0	Hsap,Atha	Eukaryota
OG0001784	Hsap	13.0	Hsap,Atha	Eukaryota
OG0001785	Hsap	13.0	Hsap,Atha	Eukaryota
OG0001786	Hsap	13.0	Hsap,Atha	Eukaryota
OG0001787	Hsap	13.0	Hsap,Atha	Eukaryota
OG0001788	Hsap	13.0	Hsap,Atha	Eukaryota
OG0001789	Hsap	13.0	Hsap,Atha	Eukaryota
OG0001790	Hsap	13.0	Hsap,Atha	Eukaryota
OG0001791	Hsap	13.0	Hsap,Atha	Eukaryota
OG0001792	Hsap	13.0	Hsap,Atha	Eukaryota
OG0001793	Hsap	13.0	Hsap,Atha	Eukaryota
OG0001794	Hsap	13.0	Hsap,Atha	Eukaryota
OG0001795	Hsap	13.0	Hsap,Atha	Eukaryota
OG0001796	Hsap	13.0	Hsap,Atha	Eukaryota
OG0001797	Hsap	13.0	Hsap,Atha	Eukaryota
OG0001798	Hsap	13.0	Hsap,Atha	Eukaryota
OG0001799	Hsap	13.0	Hsap,Atha	Eukaryota
OG0001800	Hsap	13.0	Hsap,Atha	Eukaryota
OG0001801	Hsap	13.0	Hsap,Atha	Eukaryota
OG0001802	Hsap	13.0	Hsap,Atha	Eukaryota
OG0001803	Hsap	13.0	Hsap,Atha	Eukaryota
OG0001804	Hsap	13.0	Hsap,Atha	Eukaryota
OG0001805	Hsap	13.0	Hsap,Atha	Eukaryota
OG0001806	Hsap	6.0	Hsap,Ocar	Metazoa
OG0001807	Hsap	13.0	Hsap,Atha	Eukaryota
OG0001808	Hsap	8.0	Hsap,Cowc	Filozoa
OG0001809	Hsap	13.0	Hsap,Atha	Eukaryota
OG0001810	Hsap	13.0	Hsap,Atha	Eukaryota
OG0001811	Hsap	13.0	Hsap,Atha	Eukaryota
OG0001812	Hsap	13.0	Hsap,Atha	Eukaryota
OG0001813	Hsap	13.0	Hsap,Atha	Eukaryota
OG0001814	Hsap	13.0	Hsap,Atha	Eukaryota
OG0001815	Hsap	13.0	Hsap,Atha	Eukaryota
OG0001816	Hsap	9.0	Hsap,Sarc	Holozoa
OG0001817	Hsap	13.0	Hsap,Atha	Eukaryota
OG0001818	Hsap	13.0	Hsap,Atha	Eukaryota
OG0001819	Hsap	13.0	Hsap,Atha	Eukaryota
OG0001820	Hsap	13.0	Hsap,Atha	Eukaryota
OG0001821	Hsap	13.0	Hsap,Atha	Eukaryota
OG0001822	Hsap	13.0	Hsap,Atha	Eukaryota
OG0001823	Hsap	13.0	Hsap,Atha	Eukaryota
OG0001824	Hsap	13.0	Hsap,Atha	Eukaryota
OG0001825	Hsap	13.0	Hsap,Atha	Eukaryota
OG0001826	Hsap	13.0	Hsap,Atha	Eukaryota
OG0001827	Hsap	13.0	Hsap,Atha	Eukaryota
OG0001828	Hsap	13.0	Hsap,Atha	Eukaryota
OG0001829	Hsap	13.0	Hsap,Atha	Eukaryota
OG0001830	Hsap	13.0	Hsap,Atha	Eukaryota
OG0001831	Hsap	13.0	Hsap,Atha	Eukaryota
OG0001832	Hsap	13.0	Hsap,Atha	Eukaryota
OG0001833	Hsap	13.0	Hsap,Atha	Eukaryota
OG0001834	Hsap	13.0	Hsap,Atha	Eukaryota
OG0001835	Hsap	13.0	Hsap,Atha	Eukaryota
OG0001836	Hsap	13.0	Hsap,Atha	Eukaryota
OG0001837	Hsap	13.0	Hsap,Atha	Eukaryota
OG0001838	Hsap	13.0	Hsap,Atha	Eukaryota
OG0001839	Hsap	13.0	Hsap,Atha	Eukaryota
OG0001840	Hsap	13.0	Hsap,Atha	Eukaryota
OG0001841	Hsap	13.0	Hsap,Atha	Eukaryota
OG0001842	Hsap	13.0	Hsap,Atha	Eukaryota
OG0001843	Hsap	13.0	Hsap,Atha	Eukaryota
OG0001844	Hsap	13.0	Hsap,Atha	Eukaryota
OG0001845	Hsap	13.0	Hsap,Atha	Eukaryota
OG0001846	Hsap	13.0	Hsap,Atha	Eukaryota
OG0001847	Hsap	13.0	Hsap,Atha	Eukaryota
OG0001848	Hsap	13.0	Hsap,Atha	Eukaryota
OG0001849	Hsap	13.0	Hsap,Atha	Eukaryota
OG0001850	Hsap	13.0	Hsap,Atha	Eukaryota
OG0001851	Hsap	13.0	Hsap,Atha	Eukaryota
OG0001852	Hsap	13.0	Hsap,Atha	Eukaryota
OG0001853	Hsap	13.0	Hsap,Atha	Eukaryota
OG0001854	Hsap	13.0	Hsap,Atha	Eukaryota
OG0001855	Hsap	13.0	Hsap,Atha	Eukaryota
OG0001856	Hsap	13.0	Hsap,Atha	Eukaryota
OG0001857	Hsap	13.0	Hsap,Atha	Eukaryota
OG0001858	Hsap	13.0	Hsap,Atha	Eukaryota
OG0001859	Hsap	13.0	Hsap,Atha	Eukaryota
OG0001860	Hsap	13.0	Hsap,Atha	Eukaryota
OG0001861	Hsap	13.0	Hsap,Atha	Eukaryota
OG0001862	Hsap	13.0	Hsap,Atha	Eukaryota
OG0001863	Hsap	13.0	Hsap,Atha	Eukaryota
OG0001864	Hsap	13.0	Hsap,Atha	Eukaryota
OG0001865	Hsap	13.0	Hsap,Atha	Eukaryota
OG0001866	Hsap	13.0	Hsap,Atha	Eukaryota
OG0001867	Hsap	13.0	Hsap,Atha	Eukaryota
OG0001868	Hsap	13.0	Hsap,Atha	Eukaryota
OG0001869	Hsap	13.0	Hsap,Atha	Eukaryota
OG0001870	Hsap	13.0	Hsap,Atha	Eukaryota
OG0001871	Hsap	13.0	Hsap,Atha	Eukaryota
OG0001872	Hsap	13.0	Hsap,Atha	Eukaryota
OG0001873	Hsap	13.0	Hsap,Atha	Eukaryota
OG0001874	Hsap	13.0	Hsap,Atha	Eukaryota
OG0001875	Hsap	13.0	Hsap,Atha	Eukaryota
OG0001876	Hsap	13.0	Hsap,Atha	Eukaryota
OG0001877	Hsap	13.0	Hsap,Atha	Eukaryota
OG0001878	Hsap	6.0	Hsap,Ocar	Metazoa
OG0001879	Hsap	13.0	Hsap,Atha	Eukaryota
OG0001880	Hsap	13.0	Hsap,Atha	Eukaryota
OG0001881	Hsap	13.0	Hsap,Atha	Eukaryota
OG0001882	Hsap	13.0	Hsap,Atha	Eukaryota
OG0001883	Hsap	13.0	Hsap,Atha	Eukaryota
OG0001884	Hsap	13.0	Hsap,Atha	Eukaryota
OG0001885	Hsap	13.0	Hsap,Atha	Eukaryota
OG0001886	Hsap	13.0	Hsap,Atha	Eukaryota
OG0001887	Hsap	13.0	Hsap,Atha	Eukaryota
OG0001888	Hsap	13.0	Hsap,Atha	Eukaryota
OG0001889	Hsap	13.0	Hsap,Atha	Eukaryota
OG0001890	Hsap	13.0	Hsap,Atha	Eukaryota
OG0001891	Hsap	13.0	Hsap,Atha	Eukaryota
OG0001892	Hsap	13.0	Hsap,Atha	Eukaryota
OG0001893	Hsap	13.0	Hsap,Atha	Eukaryota
OG0001894	Hsap	13.0	Hsap,Atha	Eukaryota
OG0001895	Hsap	13.0	Hsap,Atha	Eukaryota
OG0001896	Hsap	13.0	Hsap,Atha	Eukaryota
OG0001897	Hsap	5.0	Hsap,Tadh	
OG0001898	Hsap	13.0	Hsap,Atha	Eukaryota
OG0001899	Hsap	13.0	Hsap,Atha	Eukaryota
OG0001900	Hsap	13.0	Hsap,Atha	Eukaryota
OG0001901	Hsap	13.0	Hsap,Atha	Eukaryota
OG0001902	Hsap	13.0	Hsap,Atha	Eukaryota
OG0001903	Hsap	12.0	Hsap,Ddis	Unikonta
OG0001904	Hsap	13.0	Hsap,Atha	Eukaryota
OG0001905	Hsap	13.0	Hsap,Atha	Eukaryota
OG0001906	Hsap	13.0	Hsap,Atha	Eukaryota
OG0001907	Hsap	13.0	Hsap,Atha	Eukaryota
OG0001908	Hsap	13.0	Hsap,Atha	Eukaryota
OG0001909	Hsap	13.0	Hsap,Atha	Eukaryota
OG0001910	Hsap	13.0	Hsap,Atha	Eukaryota
OG0001911	Hsap	13.0	Hsap,Atha	Eukaryota
OG0001912	Hsap	13.0	Hsap,Atha	Eukaryota
OG0001913	Hsap	13.0	Hsap,Atha	Eukaryota
OG0001914	Hsap	13.0	Hsap,Atha	Eukaryota
OG0001915	Hsap	13.0	Hsap,Atha	Eukaryota
OG0001916	Hsap	13.0	Hsap,Atha	Eukaryota
OG0001917	Hsap	13.0	Hsap,Atha	Eukaryota
OG0001918	Hsap	13.0	Hsap,Atha	Eukaryota
OG0001919	Hsap	13.0	Hsap,Atha	Eukaryota
OG0001920	Hsap	13.0	Hsap,Atha	Eukaryota
OG0001921	Hsap	13.0	Hsap,Atha	Eukaryota
OG0001922	Hsap	13.0	Hsap,Atha	Eukaryota
OG0001923	Hsap	13.0	Hsap,Atha	Eukaryota
OG0001924	Hsap	13.0	Hsap,Atha	Eukaryota
OG0001925	Hsap	13.0	Hsap,Atha	Eukaryota
OG0001926	Hsap	12.0	Hsap,Ddis	Unikonta
OG0001927	Hsap	13.0	Hsap,Atha	Eukaryota
OG0001928	Hsap	13.0	Hsap,Atha	Eukaryota
OG0001929	Hsap	13.0	Hsap,Atha	Eukaryota
OG0001930	Hsap	13.0	Hsap,Atha	Eukaryota
OG0001931	Hsap	13.0	Hsap,Atha	Eukaryota
OG0001932	Hsap	13.0	Hsap,Atha	Eukaryota
OG0001933	Hsap	13.0	Hsap,Atha	Eukaryota
OG0001934	Hsap	13.0	Hsap,Atha	Eukaryota
OG0001935	Hsap	13.0	Hsap,Atha	Eukaryota
OG0001936	Hsap	13.0	Hsap,Atha	Eukaryota
OG0001937	Hsap	13.0	Hsap,Atha	Eukaryota
OG0001938	Hsap	13.0	Hsap,Atha	Eukaryota
OG0001939	Hsap	13.0	Hsap,Atha	Eukaryota
OG0001940	Hsap	13.0	Hsap,Atha	Eukaryota
OG0001941	Hsap	13.0	Hsap,Atha	Eukaryota
OG0001942	Hsap	13.0	Hsap,Atha	Eukaryota
OG0001943	Hsap	13.0	Hsap,Atha	Eukaryota
OG0001944	Hsap	13.0	Hsap,Atha	Eukaryota
OG0001945	Hsap	13.0	Hsap,Atha	Eukaryota
OG0001946	Hsap	13.0	Hsap,Atha	Eukaryota
OG0001947	Hsap	13.0	Hsap,Atha	Eukaryota
OG0001948	Hsap	13.0	Hsap,Atha	Eukaryota
OG0001949	Hsap	13.0	Hsap,Atha	Eukaryota
OG0001950	Hsap	13.0	Hsap,Atha	Eukaryota
OG0001951	Hsap	13.0	Hsap,Atha	Eukaryota
OG0001952	Hsap	13.0	Hsap,Atha	Eukaryota
OG0001953	Hsap	13.0	Hsap,Atha	Eukaryota
OG0001954	Hsap	13.0	Hsap,Atha	Eukaryota
OG0001955	Hsap	13.0	Hsap,Atha	Eukaryota
OG0001956	Hsap	13.0	Hsap,Atha	Eukaryota
OG0001957	Hsap	13.0	Hsap,Atha	Eukaryota
OG0001958	Hsap	13.0	Hsap,Atha	Eukaryota
OG0001959	Hsap	13.0	Hsap,Atha	Eukaryota
OG0001960	Hsap	13.0	Hsap,Atha	Eukaryota
OG0001961	Hsap	13.0	Hsap,Atha	Eukaryota
OG0001962	Hsap	13.0	Hsap,Atha	Eukaryota
OG0001963	Hsap	13.0	Hsap,Atha	Eukaryota
OG0001964	Hsap	13.0	Hsap,Atha	Eukaryota
OG0001965	Hsap	13.0	Hsap,Atha	Eukaryota
OG0001966	Hsap	13.0	Hsap,Atha	Eukaryota
OG0001967	Hsap	13.0	Hsap,Atha	Eukaryota
OG0001968	Hsap	13.0	Hsap,Atha	Eukaryota
OG0001969	Hsap	13.0	Hsap,Atha	Eukaryota
OG0001970	Hsap	13.0	Hsap,Atha	Eukaryota
OG0001971	Hsap	13.0	Hsap,Atha	Eukaryota
OG0001972	Hsap	13.0	Hsap,Atha	Eukaryota
OG0001973	Hsap	13.0	Hsap,Atha	Eukaryota
OG0001974	Hsap	13.0	Hsap,Atha	Eukaryota
OG0001975	Hsap	13.0	Hsap,Atha	Eukaryota
OG0001976	Hsap	13.0	Hsap,Atha	Eukaryota
OG0001977	Hsap	13.0	Hsap,Atha	Eukaryota
OG0001978	Hsap	13.0	Hsap,Atha	Eukaryota
OG0001979	Hsap	13.0	Hsap,Atha	Eukaryota
OG0001980	Hsap	13.0	Hsap,Atha	Eukaryota
OG0001981	Hsap	13.0	Hsap,Atha	Eukaryota
OG0001982	Hsap	13.0	Hsap,Atha	Eukaryota
OG0001983	Hsap	13.0	Hsap,Atha	Eukaryota
OG0001984	Hsap	13.0	Hsap,Atha	Eukaryota
OG0001985	Hsap	13.0	Hsap,Atha	Eukaryota
OG0001986	Hsap	13.0	Hsap,Atha	Eukaryota
OG0001987	Hsap	13.0	Hsap,Atha	Eukaryota
OG0001988	Hsap	13.0	Hsap,Atha	Eukaryota
OG0001989	Hsap	13.0	Hsap,Atha	Eukaryota
OG0001990	Hsap	13.0	Hsap,Atha	Eukaryota
OG0001991	Hsap	13.0	Hsap,Atha	Eukaryota
OG0001992	Hsap	13.0	Hsap,Atha	Eukaryota
OG0001993	Hsap	12.0	Hsap,Ddis	Unikonta
OG0001994	Hsap	13.0	Hsap,Atha	Eukaryota
OG0001995	Hsap	13.0	Hsap,Atha	Eukaryota
OG0001996	Hsap	13.0	Hsap,Atha	Eukaryota
OG0001997	Hsap	13.0	Hsap,Atha	Eukaryota
OG0001998	Hsap	13.0	Hsap,Atha	Eukaryota
OG0001999	Hsap	13.0	Hsap,Atha	Eukaryota
