node	og	cluster	og_cluster
Cmer_CMN313C	set_raxml		set_raxml_nan
Mpus_Micpu164960	set_raxml		set_raxml_nan
Ihof_1171	set_raxml	37	set_raxml_37
Apar_comp20410_c1_seq1_fr5	set_raxml	37	set_raxml_37
Cvar_EFN54848	set_raxml	37	set_raxml_37
Crei_XP_001701055	set_raxml	37	set_raxml_37
Vcar_XP_002951402	set_raxml	37	set_raxml_37
Dmel_FBpp0074738	set_raxml	37	set_raxml_37
Cpar_12738Contig6713	set_raxml	37	set_raxml_37
Gthe_137717	set_raxml	37	set_raxml_37
Pinf_XP_002907842	set_raxml	37	set_raxml_37
Mbre_XP_001750922	set_raxml	37	set_raxml_37
Acas_g7149	set_raxml	37	set_raxml_37
Sros_PTSG_04178	set_raxml	37	set_raxml_37
Scil_43878	set_raxml	37	set_raxml_37
Scil_50427	set_raxml	37	set_raxml_37
Ocar_g2341_t1	set_raxml	37	set_raxml_37
Hsap_ENSP00000357330	set_raxml	37	set_raxml_37
Spur_XP_003728661	set_raxml	37	set_raxml_37
Spur_XP_003728662	set_raxml	37	set_raxml_37
Spur_XP_784903	set_raxml	37	set_raxml_37
Skow_XP_002732754	set_raxml	37	set_raxml_37
Lgig_143999	set_raxml	37	set_raxml_37
Cgig_10006344	set_raxml	37	set_raxml_37
Ctel_176480	set_raxml	37	set_raxml_37
Ehux_425757	set_raxml	37	set_raxml_37
Apar_comp15960_c0_seq1_fr5	set_raxml		set_raxml_nan
Scil_27866	set_raxml	41	set_raxml_41
Cele_C43E11_3a	set_raxml	41	set_raxml_41
Dmel_FBpp0073610	set_raxml	41	set_raxml_41
Scer_SCRT_03509	set_raxml	8	set_raxml_8
Spom_NP_594980_1	set_raxml	8	set_raxml_8
Pinf_XP_002903302	set_raxml	8	set_raxml_8
Pinf_XP_002903975	set_raxml	8	set_raxml_8
Pinf_XP_002997080	set_raxml	8	set_raxml_8
Pinf_XP_002906394	set_raxml	8	set_raxml_8
Pinf_XP_002900479	set_raxml	8	set_raxml_8
Cneo_XP_572085	set_raxml	8	set_raxml_8
Ccin_CC1G_09124	set_raxml	8	set_raxml_8
Umay_XP_758647	set_raxml	8	set_raxml_8
Ncra_243NCU00269	set_raxml	8	set_raxml_8
Fgra_FGSG_05558	set_raxml	8	set_raxml_8
Tmel_XP_002838740	set_raxml	8	set_raxml_8
Gthe_69157	set_raxml	8	set_raxml_8
Tpse_XP_002287806	set_raxml	8	set_raxml_8
Ptri_XP_002176717	set_raxml	8	set_raxml_8
Bnat_87411	set_raxml	8	set_raxml_8
Tcru_XP_814551	set_raxml	8	set_raxml_8
Sarc_SARC_05941	set_raxml	8	set_raxml_8
Cfra_6692T1	set_raxml	8	set_raxml_8
Gthe_47131	set_raxml	8	set_raxml_8
Ngru_XP_002675415	set_raxml	8	set_raxml_8
Pfal_Q8IE95_Q8IE95	set_raxml	8	set_raxml_8
Scil_28186	set_raxml	8	set_raxml_8
Scil_16325	set_raxml	8	set_raxml_8
Atha_AT1G77300	set_raxml	8	set_raxml_8
Bdis_3g45727	set_raxml	8	set_raxml_8
Sbic_04g022620	set_raxml	8	set_raxml_8
Smoe_XP_002982470	set_raxml	8	set_raxml_8
Ihof_10001	set_raxml	8	set_raxml_8
Ppat_XP_001774900	set_raxml	8	set_raxml_8
Ppat_XP_001757655	set_raxml	8	set_raxml_8
Falb_H696_01829T0	set_raxml	11	set_raxml_11
Falb_H696_01829T1	set_raxml	11	set_raxml_11
Ttra_AMSG_02056	set_raxml	11	set_raxml_11
Umar_257554	set_raxml	11	set_raxml_11
Mcir_Mucci2_38052	set_raxml	11	set_raxml_11
Rory_5504	set_raxml	11	set_raxml_11
Amac_11220	set_raxml	11	set_raxml_11
Crev_88476	set_raxml	11	set_raxml_11
Nspp_12465_fr6	set_raxml	11	set_raxml_11
Mver_01422	set_raxml	11	set_raxml_11
Mver_11821	set_raxml	11	set_raxml_11
Gpro_455465	set_raxml	11	set_raxml_11
Mcir_Mucci2_34233	set_raxml	11	set_raxml_11
Rory_16719	set_raxml	11	set_raxml_11
Clim_g2911	set_raxml	11	set_raxml_11
Pbla_Phybl2_133104	set_raxml	11	set_raxml_11
Rory_1193	set_raxml	11	set_raxml_11
Cang_125716	set_raxml	11	set_raxml_11
Cang_123522	set_raxml	11	set_raxml_11
Tmel_XP_002836395	set_raxml	11	set_raxml_11
Ncra_1713NCU01932	set_raxml	11	set_raxml_11
Fgra_FGSG_08916	set_raxml	11	set_raxml_11
Cowc_CAOG_03906	set_raxml	11	set_raxml_11
Pisp_22950	set_raxml	11	set_raxml_11
Rirr_34964	set_raxml	11	set_raxml_11
Cpar_9156Contig43085	set_raxml	11	set_raxml_11
Tcru_XP_803514	set_raxml	11	set_raxml_11
Tcru_XP_809765	set_raxml	11	set_raxml_11
Bsal_BS02315	set_raxml	11	set_raxml_11
Lmaj_XP_001684263	set_raxml	11	set_raxml_11
Ppat_XP_001771670	set_raxml	11	set_raxml_11
Tcru_XP_807760	set_raxml	11	set_raxml_11
Tcru_XP_810987	set_raxml	11	set_raxml_11
Lmaj_XP_001686591	set_raxml	11	set_raxml_11
Bsal_BS33470	set_raxml	11	set_raxml_11
Pinf_XP_002907011	set_raxml	11	set_raxml_11
Cele_K09F5_5	set_raxml	11	set_raxml_11
Mvib_comp10766_c1_seq1_fr4	set_raxml	11	set_raxml_11
Cowc_CAOG_08491	set_raxml	11	set_raxml_11
Ccor_47936	set_raxml	11	set_raxml_11
Tadh_XP_002116791	set_raxml	40	set_raxml_40
Mlei_ML033625a	set_raxml	40	set_raxml_40
Hmag_XP_002164851	set_raxml	40	set_raxml_40
Hsap_ENSP00000395929	set_raxml	40	set_raxml_40
Cgig_10013318	set_raxml	40	set_raxml_40
Ctel_93578	set_raxml	40	set_raxml_40
Skow_XP_002731935	set_raxml	40	set_raxml_40
Spur_XP_785219	set_raxml	40	set_raxml_40
Lgig_123404	set_raxml	40	set_raxml_40
Lgig_192045	set_raxml	40	set_raxml_40
Hsap_ENSP00000313983	set_raxml	40	set_raxml_40
Hsap_ENSP00000372347	set_raxml	40	set_raxml_40
Cint_ENSCINP00000025831	set_raxml	40	set_raxml_40
Nvec_XP_001635219	set_raxml	40	set_raxml_40
Ptet_A0DQ87_A0DQ87	set_raxml	21	set_raxml_21
Ptet_A0BJ67_A0BJ67	set_raxml	21	set_raxml_21
Ptet_A0DZ39_A0DZ39	set_raxml	21	set_raxml_21
Tthe_XP_001007909	set_raxml	21	set_raxml_21
Ehux_118705	set_raxml	21	set_raxml_21
Ehux_210156	set_raxml	21	set_raxml_21
Ehux_470404	set_raxml	21	set_raxml_21
Bnat_146525	set_raxml	21	set_raxml_21
Gthe_56155	set_raxml	21	set_raxml_21
Tgon_XP_002365011	set_raxml	21	set_raxml_21
Aker_28962	set_raxml	21	set_raxml_21
Rfil_3784744_2s	set_raxml	10	set_raxml_10
Cgig_10010657	set_raxml	10	set_raxml_10
Cint_ENSCINP00000024302	set_raxml	10	set_raxml_10
Hsap_ENSP00000384114	set_raxml	10	set_raxml_10
Hmag_XP_002158654	set_raxml	10	set_raxml_10
Cele_Y73B3B_2	set_raxml	10	set_raxml_10
Dmel_FBpp0075510	set_raxml	10	set_raxml_10
Spom_NP_594837_1	set_raxml	10	set_raxml_10
Spur_XP_785251	set_raxml	10	set_raxml_10
Spur_XP_003726851	set_raxml	10	set_raxml_10
Hsap_ENSP00000257745	set_raxml	10	set_raxml_10
Tadh_XP_002117828	set_raxml	10	set_raxml_10
Mlei_ML01132a	set_raxml	10	set_raxml_10
Aque_XP_003383073	set_raxml	10	set_raxml_10
Ocar_g2500_t1	set_raxml	10	set_raxml_10
Ihof_9932	set_raxml	10	set_raxml_10
Adig_11240v107992	set_raxml	10	set_raxml_10
Nvec_XP_001637486	set_raxml	10	set_raxml_10
Adig_17690v113829	set_raxml	10	set_raxml_10
Adig_13723v110302	set_raxml	10	set_raxml_10
Mbre_XP_001745803	set_raxml	10	set_raxml_10
Scil_12689	set_raxml	10	set_raxml_10
Scil_9219	set_raxml	10	set_raxml_10
Scil_83602	set_raxml	10	set_raxml_10
Scil_60754	set_raxml	10	set_raxml_10
Cang_50153	set_raxml	10	set_raxml_10
Fgra_FGSG_09585	set_raxml	10	set_raxml_10
Ppal_EFA86338_1	set_raxml	10	set_raxml_10
Mcir_Mucci2_163371	set_raxml	10	set_raxml_10
Rory_14883	set_raxml	10	set_raxml_10
Mcir_Mucci2_159353	set_raxml	10	set_raxml_10
Rory_4092	set_raxml	10	set_raxml_10
Pbla_Phybl2_145894	set_raxml	10	set_raxml_10
Acas_g8180	set_raxml	10	set_raxml_10
Lgig_139900	set_raxml	10	set_raxml_10
Crev_10785	set_raxml	10	set_raxml_10
Cowc_CAOG_02237	set_raxml	10	set_raxml_10
Mver_04374	set_raxml	10	set_raxml_10
Rirr_253856	set_raxml	10	set_raxml_10
Rall_1841	set_raxml	10	set_raxml_10
Gthe_65244	set_raxml	10	set_raxml_10
Ngru_XP_002679121	set_raxml	10	set_raxml_10
Pinf_XP_002899256	set_raxml	10	set_raxml_10
Aano_F0Y2P1	set_raxml	10	set_raxml_10
Esil_CBN76570	set_raxml	10	set_raxml_10
Ccri_T00005569001	set_raxml	10	set_raxml_10
Gthe_66832	set_raxml	10	set_raxml_10
Esil_CBJ25830	set_raxml	10	set_raxml_10
Pyez_41266_g9405	set_raxml	10	set_raxml_10
Aano_F0YC71	set_raxml	22	set_raxml_22
Aano_F0YPS7	set_raxml	22	set_raxml_22
Aano_F0Y9T9	set_raxml	22	set_raxml_22
Glam_XP_001707053	set_raxml	22	set_raxml_22
Apar_comp11096_c0_seq1_fr5	set_raxml	22	set_raxml_22
Pinf_XP_002909073	set_raxml	22	set_raxml_22
Pinf_XP_002908175	set_raxml	22	set_raxml_22
Acoe_016_00362	set_raxml	39	set_raxml_39
Mgut_mgv1a004719m	set_raxml	39	set_raxml_39
Atha_AT4G30860	set_raxml	39	set_raxml_39
Bdis_3g36790	set_raxml	39	set_raxml_39
Sbic_07g021810	set_raxml	39	set_raxml_39
Sbic_04g025725	set_raxml	39	set_raxml_39
Bdis_3g48497	set_raxml	39	set_raxml_39
Pfal_Q8IBB0_Q8IBB0	set_raxml	39	set_raxml_39
Ptri_XP_002177534	set_raxml	39	set_raxml_39
Sbic_02g020844	set_raxml	27	set_raxml_27
Atha_AT3G59960	set_raxml	27	set_raxml_27
Atha_AT2G44150	set_raxml	27	set_raxml_27
Mgut_mgv1a025945m	set_raxml	27	set_raxml_27
Mgut_mgv1a023306m	set_raxml	27	set_raxml_27
Acoe_010_00651	set_raxml	27	set_raxml_27
Bdis_4g27797	set_raxml	27	set_raxml_27
Bdis_1g20527	set_raxml	27	set_raxml_27
Ppat_XP_001752811	set_raxml	27	set_raxml_27
Ppat_XP_001768386	set_raxml	27	set_raxml_27
Smoe_XP_002979406	set_raxml	27	set_raxml_27
Smoe_XP_002994293	set_raxml	27	set_raxml_27
Ppat_XP_001765507	set_raxml		set_raxml_nan
Ptri_XP_002185333	set_raxml	44	set_raxml_44
Tpse_XP_002296152	set_raxml	44	set_raxml_44
Pinf_XP_002999193	set_raxml	44	set_raxml_44
Esil_CBN74517	set_raxml	44	set_raxml_44
Gpro_57228	set_raxml	32	set_raxml_32
Pinf_XP_002899278	set_raxml	32	set_raxml_32
Esil_CBN75501	set_raxml	32	set_raxml_32
Pmar_XP_002787740	set_raxml	32	set_raxml_32
Sarc_SARC_01601	set_raxml	32	set_raxml_32
Ptet_A0DWT5_A0DWT5	set_raxml	32	set_raxml_32
Cpar_28224Contig56056	set_raxml	32	set_raxml_32
Methanoregula_boonei_501056142_20_11	set_raxml	32	set_raxml_32
Pinf_XP_002899390	set_raxml	32	set_raxml_32
Pinf_XP_002900419	set_raxml	32	set_raxml_32
Pinf_XP_002902016	set_raxml	32	set_raxml_32
Clim_g2896	set_raxml	32	set_raxml_32
Tcru_XP_810430	set_raxml	32	set_raxml_32
Tcru_XP_805945	set_raxml	32	set_raxml_32
Otau_XP_003079712	set_raxml	32	set_raxml_32
Bsal_BS35450	set_raxml	32	set_raxml_32
Lmaj_XP_001683937	set_raxml	32	set_raxml_32
Ncra_1750NCU01973	set_raxml	32	set_raxml_32
Scer_SCRT_04049	set_raxml	32	set_raxml_32
Scer_SCRT_03567	set_raxml	32	set_raxml_32
Pinf_XP_002895606	set_raxml	32	set_raxml_32
Pinf_XP_002902883	set_raxml	32	set_raxml_32
Pinf_XP_002898694	set_raxml	32	set_raxml_32
Gthe_131886	set_raxml	32	set_raxml_32
Spun_SPPG_06877	set_raxml	32	set_raxml_32
Cang_65771	set_raxml	32	set_raxml_32
Spun_SPPG_01685	set_raxml	32	set_raxml_32
Nvec_XP_001622536	set_raxml	32	set_raxml_32
Nvec_XP_001621978	set_raxml	32	set_raxml_32
Bnat_136495	set_raxml	32	set_raxml_32
Ehux_453655	set_raxml	32	set_raxml_32
Mpus_Micpu56361	set_raxml	32	set_raxml_32
Esil_CBN75282	set_raxml	32	set_raxml_32
Tpse_XP_002297463	set_raxml	32	set_raxml_32
Mvib_comp13658_c0_seq1_fr6	set_raxml	32	set_raxml_32
Acas_g12825	set_raxml	32	set_raxml_32
Acas_g9900	set_raxml	32	set_raxml_32
Esil_CBN80460	set_raxml	32	set_raxml_32
Candidatus_Parvarchaeum_acidophilus_	set_raxml	32	set_raxml_32
Cowc_CAOG_00526	set_raxml	32	set_raxml_32
Crei_XP_001701098	set_raxml	19	set_raxml_19
Vcar_XP_002951499	set_raxml	19	set_raxml_19
Aker_99154	set_raxml	19	set_raxml_19
Clim_g6588	set_raxml	19	set_raxml_19
Ptri_XP_002178826	set_raxml	19	set_raxml_19
Tpse_XP_002290717	set_raxml	19	set_raxml_19
Mpus_Micpu52469	set_raxml	19	set_raxml_19
Mpus_Micpu51358	set_raxml	19	set_raxml_19
Otau_XP_003081944	set_raxml	19	set_raxml_19
Mpus_Micpu51562	set_raxml	19	set_raxml_19
Otau_XP_003080081	set_raxml	19	set_raxml_19
Apar_comp18887_c1_seq1_fr4	set_raxml	19	set_raxml_19
Esil_CBN77807	set_raxml	19	set_raxml_19
Acoe_005_00399	set_raxml	19	set_raxml_19
Bdis_3g15410	set_raxml	19	set_raxml_19
Sbic_07g005020	set_raxml	19	set_raxml_19
Atha_AT4G15180	set_raxml	19	set_raxml_19
Mgut_mgv1a000031m	set_raxml	19	set_raxml_19
Ihof_9191	set_raxml	19	set_raxml_19
Smoe_XP_002990183	set_raxml	19	set_raxml_19
Smoe_XP_002992504	set_raxml	19	set_raxml_19
Smoe_XP_002994441	set_raxml	19	set_raxml_19
Ppat_XP_001770247	set_raxml	19	set_raxml_19
Ppat_XP_001781749	set_raxml	19	set_raxml_19
Aker_53819	set_raxml	19	set_raxml_19
Sagg_62231	set_raxml	19	set_raxml_19
Cfra_5212T1	set_raxml	19	set_raxml_19
Sarc_SARC_11016	set_raxml	19	set_raxml_19
Rfil_109858_1c	set_raxml	19	set_raxml_19
Rfil_121409_1c	set_raxml	19	set_raxml_19
Rfil_32637_1c	set_raxml	19	set_raxml_19
Ptet_A0DNF5_A0DNF5	set_raxml	19	set_raxml_19
Ptet_A0C497_A0C497	set_raxml	19	set_raxml_19
Tthe_XP_001032856	set_raxml	19	set_raxml_19
Tthe_XP_001024864	set_raxml	19	set_raxml_19
Ihof_1997	set_raxml	43	set_raxml_43
Apar_comp11676_c0_seq1_fr6	set_raxml	43	set_raxml_43
Cele_Y2H9A_1_1	set_raxml		set_raxml_nan
Gthe_137874	set_raxml	47	set_raxml_47
Cele_Y43F4B_3	set_raxml	47	set_raxml_47
Cfra_6425T1	set_raxml	38	set_raxml_38
Crei_XP_001701518	set_raxml	38	set_raxml_38
Vcar_XP_002953101	set_raxml	38	set_raxml_38
Tpse_XP_002293109	set_raxml	38	set_raxml_38
Rfil_110236_1c	set_raxml	38	set_raxml_38
Nspp_22980_fr5	set_raxml	38	set_raxml_38
Nspp_21466_fr4	set_raxml	38	set_raxml_38
Glam_XP_001707862	set_raxml	38	set_raxml_38
Cele_K12H6_11	set_raxml	33	set_raxml_33
Cele_W01C8_3	set_raxml	33	set_raxml_33
Spun_SPPG_07674	set_raxml	33	set_raxml_33
Spun_SPPG_02720	set_raxml	33	set_raxml_33
Apar_comp21086_c0_seq1_fr6	set_raxml	33	set_raxml_33
Ihof_8812	set_raxml	33	set_raxml_33
Cpar_157Contig10195	set_raxml	33	set_raxml_33
Cele_C49F5_2	set_raxml	33	set_raxml_33
Cele_C41G7_4	set_raxml	33	set_raxml_33
Cele_Y24D9A_2	set_raxml	33	set_raxml_33
Cele_R11E3_4	set_raxml	33	set_raxml_33
Vcar_XP_002949759	set_raxml	33	set_raxml_33
Crei_XP_001691757	set_raxml	33	set_raxml_33
Tvag_XP_001320364	set_raxml	33	set_raxml_33
Tvag_XP_001580691	set_raxml	33	set_raxml_33
Ptet_A0D2C2_A0D2C2	set_raxml	33	set_raxml_33
Ptet_A0CDR5_A0CDR5	set_raxml	33	set_raxml_33
Ptet_A0D472_A0D472	set_raxml	33	set_raxml_33
Ddis_XP_646062	set_raxml	3	set_raxml_3
Hsap_ENSP00000417980	set_raxml	3	set_raxml_3
Cint_ENSCINP00000028043	set_raxml	3	set_raxml_3
Cint_ENSCINP00000003247	set_raxml	3	set_raxml_3
Hsap_ENSP00000379078	set_raxml	3	set_raxml_3
Hsap_ENSP00000408583	set_raxml	3	set_raxml_3
Skow_XP_002733701	set_raxml	3	set_raxml_3
Spur_XP_003728726	set_raxml	3	set_raxml_3
Spur_XP_785941	set_raxml	3	set_raxml_3
Ctel_206547	set_raxml	3	set_raxml_3
Cpar_26081Contig52867	set_raxml	3	set_raxml_3
Ehux_197202	set_raxml	3	set_raxml_3
Ehux_61763	set_raxml	3	set_raxml_3
Ppal_EFA86329_1	set_raxml	3	set_raxml_3
Pbla_Phybl2_156239	set_raxml	3	set_raxml_3
Rfil_24410_3cf1	set_raxml	3	set_raxml_3
Nvec_XP_001641871	set_raxml	3	set_raxml_3
Hsap_ENSP00000373354	set_raxml	3	set_raxml_3
Skow_XP_002731395	set_raxml	3	set_raxml_3
Tadh_XP_002113092	set_raxml	3	set_raxml_3
Bnat_40920	set_raxml	3	set_raxml_3
Dmel_FBpp0112128	set_raxml	3	set_raxml_3
Amac_03278	set_raxml	3	set_raxml_3
Cele_Y41D4B_12a	set_raxml	3	set_raxml_3
Rirr_85029	set_raxml	3	set_raxml_3
Sros_PTSG_08195	set_raxml	3	set_raxml_3
Cneo_XP_572587	set_raxml	3	set_raxml_3
Cgig_10028705	set_raxml	3	set_raxml_3
Cgig_10016376	set_raxml	3	set_raxml_3
Cfra_6612T1	set_raxml	3	set_raxml_3
Sarc_SARC_01720	set_raxml	3	set_raxml_3
Ehux_63772	set_raxml	3	set_raxml_3
Ehux_100885	set_raxml	3	set_raxml_3
Bnat_82444	set_raxml	3	set_raxml_3
Aker_82917	set_raxml	3	set_raxml_3
Rfil_29978_4c	set_raxml	3	set_raxml_3
Apar_comp10678_c1_seq1_fr5	set_raxml	3	set_raxml_3
Hmag_XP_002157195	set_raxml	3	set_raxml_3
Hmag_XP_002157170	set_raxml	3	set_raxml_3
Umay_XP_756547	set_raxml	3	set_raxml_3
Tmel_XP_002836926	set_raxml	3	set_raxml_3
Acas_g9962	set_raxml	3	set_raxml_3
Scil_72863	set_raxml	3	set_raxml_3
Bdis_2g51320	set_raxml	3	set_raxml_3
Sbic_03g035910	set_raxml	3	set_raxml_3
Gthe_62776	set_raxml	3	set_raxml_3
Acoe_009_00559	set_raxml	3	set_raxml_3
Atha_AT3G03750	set_raxml	3	set_raxml_3
Mgut_mgv1a009915m	set_raxml	3	set_raxml_3
Ppat_XP_001752275	set_raxml	3	set_raxml_3
Mlei_ML08863a	set_raxml	3	set_raxml_3
Smoe_XP_002964246	set_raxml	3	set_raxml_3
Smoe_XP_002989567	set_raxml	3	set_raxml_3
Ctel_112305	set_raxml	3	set_raxml_3
Glam_XP_001705541	set_raxml	3	set_raxml_3
Lgig_116536	set_raxml	3	set_raxml_3
Spur_XP_782916	set_raxml	3	set_raxml_3
Tgon_XP_002364904	set_raxml	3	set_raxml_3
Acas_g441	set_raxml	3	set_raxml_3
Hmag_XP_002162409	set_raxml	3	set_raxml_3
Crev_81553	set_raxml	3	set_raxml_3
Apar_comp14837_c0_seq1_fr6	set_raxml	3	set_raxml_3
Ihof_3673	set_raxml	3	set_raxml_3
Bsal_BS32645	set_raxml	3	set_raxml_3
Tcru_XP_810935	set_raxml	3	set_raxml_3
Tcru_XP_818076	set_raxml	3	set_raxml_3
Rall_4856	set_raxml	3	set_raxml_3
Pisp_45708	set_raxml	3	set_raxml_3
Cint_ENSCINP00000001349	set_raxml	3	set_raxml_3
Aque_XP_003389507	set_raxml	3	set_raxml_3
Nvec_XP_001628294	set_raxml	3	set_raxml_3
Skow_XP_002734659	set_raxml	3	set_raxml_3
Hsap_ENSP00000346997	set_raxml	3	set_raxml_3
Hsap_ENSP00000337976	set_raxml	3	set_raxml_3
Spur_XP_782949	set_raxml	3	set_raxml_3
Ctel_140913	set_raxml	3	set_raxml_3
Cgig_10004599	set_raxml	3	set_raxml_3
Lgig_134869	set_raxml	3	set_raxml_3
Scil_53898	set_raxml	3	set_raxml_3
Mlei_ML05765a	set_raxml	3	set_raxml_3
Esil_CBJ33274	set_raxml	3	set_raxml_3
Crev_82539	set_raxml	3	set_raxml_3
Spun_SPPG_05106	set_raxml	3	set_raxml_3
Ngru_XP_002673418	set_raxml	3	set_raxml_3
Rirr_39959	set_raxml	3	set_raxml_3
Esil_CBN78286	set_raxml	3	set_raxml_3
Bden_Batde5_6084	set_raxml	3	set_raxml_3
Esil_CBN78130	set_raxml	3	set_raxml_3
Spom_NP_595186_1	set_raxml	3	set_raxml_3
Smoe_XP_002979834	set_raxml	3	set_raxml_3
Smoe_XP_002976443	set_raxml	3	set_raxml_3
crenarchaeote_SCGC_AAA261C22_5166683	set_raxml	3	set_raxml_3
Ppat_XP_001785269	set_raxml	3	set_raxml_3
Bdis_5g17340	set_raxml	3	set_raxml_3
Sbic_06g024160	set_raxml	3	set_raxml_3
Sbic_04g033260	set_raxml	3	set_raxml_3
Bdis_3g35330	set_raxml	3	set_raxml_3
Sbic_07g019850	set_raxml	3	set_raxml_3
Sbic_07g019860	set_raxml	3	set_raxml_3
Atha_AT2G22740	set_raxml	3	set_raxml_3
Atha_AT2G35160	set_raxml	3	set_raxml_3
Spun_SPPG_08714	set_raxml	3	set_raxml_3
Pmar_XP_002785418	set_raxml	3	set_raxml_3
Pmar_XP_002767929	set_raxml	3	set_raxml_3
Mpus_Micpu62078	set_raxml	3	set_raxml_3
Aker_62797	set_raxml	3	set_raxml_3
Vcar_XP_002952737	set_raxml	3	set_raxml_3
Crei_XP_001701764	set_raxml	3	set_raxml_3
Mpus_Micpu7678	set_raxml	3	set_raxml_3
Ehux_457456	set_raxml	3	set_raxml_3
Ehux_67245	set_raxml	3	set_raxml_3
Bnat_80755	set_raxml	3	set_raxml_3
Mgut_mgv1a003074m	set_raxml	3	set_raxml_3
Mgut_mgv1a002144m	set_raxml	3	set_raxml_3
Sbic_02g006620	set_raxml	3	set_raxml_3
Bdis_1g53840	set_raxml	3	set_raxml_3
Sbic_03g037660	set_raxml	3	set_raxml_3
Bdis_4g25940	set_raxml	3	set_raxml_3
Esil_CBJ29831	set_raxml	3	set_raxml_3
Sbic_09g024010	set_raxml	3	set_raxml_3
Bdis_2g13416	set_raxml	3	set_raxml_3
Bdis_4g43717	set_raxml	3	set_raxml_3
Sbic_08g001570	set_raxml	3	set_raxml_3
Sbic_06g001340	set_raxml	3	set_raxml_3
Atha_AT5G04940	set_raxml	3	set_raxml_3
Atha_AT1G73100	set_raxml	3	set_raxml_3
Acoe_009_00084	set_raxml	3	set_raxml_3
Atha_AT2G05900	set_raxml	3	set_raxml_3
Atha_AT1G17770	set_raxml	3	set_raxml_3
Atha_AT2G24740	set_raxml	3	set_raxml_3
Acoe_110_00035	set_raxml	3	set_raxml_3
Acoe_043_00022	set_raxml	3	set_raxml_3
Smoe_XP_002974605	set_raxml	3	set_raxml_3
Smoe_XP_002963315	set_raxml	3	set_raxml_3
Ppat_XP_001785416	set_raxml	3	set_raxml_3
Ppat_XP_001775340	set_raxml	3	set_raxml_3
Atha_AT5G13960	set_raxml	3	set_raxml_3
Mgut_mgv1a005143m	set_raxml	3	set_raxml_3
Acoe_013_00108	set_raxml	3	set_raxml_3
Acoe_039_00171	set_raxml	3	set_raxml_3
Ppat_XP_001753516	set_raxml	3	set_raxml_3
Bdis_2g26840	set_raxml	3	set_raxml_3
Sbic_09g019060	set_raxml	3	set_raxml_3
Sbic_03g044580	set_raxml	3	set_raxml_3
Bdis_2g59430	set_raxml	3	set_raxml_3
Cvar_EFN57970	set_raxml	3	set_raxml_3
Ptet_A0D7N3_A0D7N3	set_raxml	3	set_raxml_3
Ptet_A0EBG7_A0EBG7	set_raxml	3	set_raxml_3
Ptet_A0BRZ9_A0BRZ9	set_raxml	3	set_raxml_3
Sbic_07g023560	set_raxml	3	set_raxml_3
Bdis_3g12710	set_raxml	3	set_raxml_3
Bdis_2g60080	set_raxml	3	set_raxml_3
Bdis_1g29010	set_raxml	3	set_raxml_3
Sbic_02g010210	set_raxml	3	set_raxml_3
Atha_AT2G33290	set_raxml	3	set_raxml_3
Atha_AT4G13460	set_raxml	3	set_raxml_3
Acoe_025_00050	set_raxml	3	set_raxml_3
Mgut_mgv1a002504m	set_raxml	3	set_raxml_3
Mgut_mgv1a002557m	set_raxml	3	set_raxml_3
Acoe_001_00249	set_raxml	3	set_raxml_3
Mgut_mgv1a021585m	set_raxml	3	set_raxml_3
Acoe_133_00028	set_raxml	3	set_raxml_3
Bdis_4g28792	set_raxml	3	set_raxml_3
Sbic_07g019863	set_raxml	3	set_raxml_3
Sbic_02g022936	set_raxml	3	set_raxml_3
Acoe_005_00512	set_raxml	3	set_raxml_3
Acoe_005_00513	set_raxml	3	set_raxml_3
Acoe_002_00419	set_raxml	3	set_raxml_3
Acoe_021_00113	set_raxml	3	set_raxml_3
Acoe_010_00310	set_raxml	3	set_raxml_3
Ehux_62571	set_raxml	3	set_raxml_3
Cgig_10002357	set_raxml	3	set_raxml_3
Bdis_4g28460	set_raxml	3	set_raxml_3
Mgut_mgv1a006459m	set_raxml	3	set_raxml_3
Mgut_mgv1a020163m	set_raxml	3	set_raxml_3
Tvag_XP_001276923	set_raxml	3	set_raxml_3
Mlei_ML06271a	set_raxml	3	set_raxml_3
Atha_AT3G04380	set_raxml	3	set_raxml_3
Acoe_034_00271	set_raxml	3	set_raxml_3
Acoe_025_00006	set_raxml	3	set_raxml_3
Ptri_XP_002186224	set_raxml	3	set_raxml_3
Atha_AT5G43990	set_raxml	3	set_raxml_3
000REFERENE_ANOTATE_ML1	set_raxml	3	set_raxml_3
Atha_AT1G04050	set_raxml	3	set_raxml_3
Mgut_mgv1a019352m	set_raxml	3	set_raxml_3
Mgut_mgv1a004355m	set_raxml	3	set_raxml_3
Bdis_1g64870	set_raxml	3	set_raxml_3
Bdis_3g48970	set_raxml	3	set_raxml_3
Bdis_3g48980	set_raxml	3	set_raxml_3
Sbic_04g026310	set_raxml	3	set_raxml_3
Sbic_07g023480	set_raxml	3	set_raxml_3
Bdis_3g12790	set_raxml	3	set_raxml_3
Bdis_5g00500	set_raxml	3	set_raxml_3
Sbic_06g034060	set_raxml	3	set_raxml_3
Mgut_mgv1a008633m	set_raxml	3	set_raxml_3
Smoe_XP_002978283	set_raxml	3	set_raxml_3
Smoe_XP_002966287	set_raxml	3	set_raxml_3
Ppat_XP_001757011	set_raxml	3	set_raxml_3
Ppat_XP_001785809	set_raxml	3	set_raxml_3
Mgut_mgv1a001836m	set_raxml	3	set_raxml_3
Mgut_mgv1a001540m	set_raxml	3	set_raxml_3
Ccor_44719	set_raxml	3	set_raxml_3
Bnat_69038	set_raxml	3	set_raxml_3
Dmel_FBpp0082583	set_raxml	3	set_raxml_3
Pinf_XP_002909121	set_raxml	3	set_raxml_3
Sarc_SARC_06586	set_raxml	3	set_raxml_3
Cfra_2387T1	set_raxml	3	set_raxml_3
Cang_54737	set_raxml	3	set_raxml_3
Cang_57221	set_raxml	3	set_raxml_3
Umay_XP_761474	set_raxml	3	set_raxml_3
Smoe_XP_002994641	set_raxml	3	set_raxml_3
Smoe_XP_002971955	set_raxml	3	set_raxml_3
Cele_F34D6_4	set_raxml	3	set_raxml_3
Nspp_17621_fr3	set_raxml	3	set_raxml_3
Acoe_007_00118	set_raxml	3	set_raxml_3
Bdis_3g52950	set_raxml	3	set_raxml_3
Sbic_04g030350	set_raxml	3	set_raxml_3
Ppat_XP_001782279	set_raxml	3	set_raxml_3
Ppat_XP_001768106	set_raxml	3	set_raxml_3
Ppat_XP_001774300	set_raxml	3	set_raxml_3
Ppat_XP_001756860	set_raxml	3	set_raxml_3
Smoe_XP_002986381	set_raxml	3	set_raxml_3
Smoe_XP_002988688	set_raxml	3	set_raxml_3
Mgut_mgv1a000212m	set_raxml	3	set_raxml_3
Atha_AT2G23740	set_raxml	3	set_raxml_3
Umar_238155	set_raxml	36	set_raxml_36
Ccin_CC1G_12392	set_raxml	36	set_raxml_36
Dmel_FBpp0070062	set_raxml	36	set_raxml_36
Gpro_56876	set_raxml	36	set_raxml_36
Mcir_Mucci2_146498	set_raxml	36	set_raxml_36
Rory_15688	set_raxml	36	set_raxml_36
Cang_120080	set_raxml	36	set_raxml_36
Ocar_g6960_t1	set_raxml	36	set_raxml_36
Mpus_Micpu54214	set_raxml	36	set_raxml_36
Apar_comp22500_c2_seq1_fr6	set_raxml	36	set_raxml_36
Ihof_8075	set_raxml	36	set_raxml_36
Scil_15884	set_raxml	36	set_raxml_36
Smoe_XP_002986562	set_raxml	36	set_raxml_36
Crei_XP_001693744	set_raxml	36	set_raxml_36
Ncra_5372NCU06119	set_raxml	36	set_raxml_36
Gthe_54440	set_raxml		set_raxml_nan
Aano_F0XVZ8	set_raxml	17	set_raxml_17
Ngru_XP_002672965	set_raxml	17	set_raxml_17
Aano_F0YGG4	set_raxml	17	set_raxml_17
Mbre_XP_001751054	set_raxml	17	set_raxml_17
Ncra_3927NCU04402	set_raxml	17	set_raxml_17
Fgra_FGSG_02778	set_raxml	17	set_raxml_17
Tvag_XP_001322206	set_raxml	17	set_raxml_17
Ccin_CC1G_15399	set_raxml	17	set_raxml_17
Mvib_comp13337_c0_seq1_fr4	set_raxml	17	set_raxml_17
Cvar_EFN54317	set_raxml	17	set_raxml_17
Skow_XP_002731923	set_raxml	17	set_raxml_17
Nvec_XP_001627377	set_raxml	17	set_raxml_17
Adig_5360v122594	set_raxml	17	set_raxml_17
Hmag_XP_002169411	set_raxml	17	set_raxml_17
Cgig_10026622	set_raxml	17	set_raxml_17
Lgig_111681	set_raxml	17	set_raxml_17
Spur_XP_003723917	set_raxml	17	set_raxml_17
Ctel_224568	set_raxml	17	set_raxml_17
Hsap_ENSP00000271640	set_raxml	17	set_raxml_17
Cint_ENSCINP00000019485	set_raxml	17	set_raxml_17
Ocar_g3910_t1	set_raxml	17	set_raxml_17
Hsap_ENSP00000326477	set_raxml	17	set_raxml_17
Cele_R05D3_11	set_raxml	17	set_raxml_17
Dmel_FBpp0111689	set_raxml	17	set_raxml_17
Tadh_XP_002117622	set_raxml	17	set_raxml_17
Tadh_XP_002117623	set_raxml	17	set_raxml_17
Scil_27079	set_raxml	17	set_raxml_17
Aque_XP_003387124	set_raxml	17	set_raxml_17
Otau_XP_003084059	set_raxml	25	set_raxml_25
Otau_XP_003084058	set_raxml	25	set_raxml_25
Mpus_Micpu68459	set_raxml	25	set_raxml_25
Esil_CBJ30962	set_raxml	25	set_raxml_25
Esil_CBJ33295	set_raxml	25	set_raxml_25
Esil_CBN75284	set_raxml	25	set_raxml_25
Pisp_6827	set_raxml	25	set_raxml_25
Esil_CBJ28193	set_raxml	25	set_raxml_25
Cvar_EFN59137	set_raxml	25	set_raxml_25
Amac_15442	set_raxml	25	set_raxml_25
Amac_06513	set_raxml	25	set_raxml_25
Mver_05042	set_raxml	25	set_raxml_25
Crei_XP_001691756	set_raxml	25	set_raxml_25
Nspp_4954_fr6	set_raxml	25	set_raxml_25
Cang_120509	set_raxml	25	set_raxml_25
Methanoregula_formicicum_505097517_3	set_raxml	25	set_raxml_25
Ehux_104217	set_raxml	25	set_raxml_25
Ehux_99042	set_raxml	25	set_raxml_25
Ehux_465073	set_raxml	25	set_raxml_25
Ehux_465838	set_raxml	25	set_raxml_25
Ehux_219861	set_raxml	25	set_raxml_25
Tpse_XP_002291638	set_raxml	25	set_raxml_25
Aano_F0YNW7	set_raxml	25	set_raxml_25
Ehux_210292	set_raxml	25	set_raxml_25
Ehux_209727	set_raxml	25	set_raxml_25
Ehux_97090	set_raxml	25	set_raxml_25
Ehux_213142	set_raxml	25	set_raxml_25
Ehux_204488	set_raxml	25	set_raxml_25
Tvag_XP_001314927	set_raxml	2	set_raxml_2
Tvag_XP_001312747	set_raxml	2	set_raxml_2
Ptri_XP_002176658	set_raxml	2	set_raxml_2
Tpse_XP_002296329	set_raxml	2	set_raxml_2
candidate_division_YNPFFA_archaeon_S	set_raxml	2	set_raxml_2
Acas_g8750	set_raxml	2	set_raxml_2
Ddis_XP_642738	set_raxml	2	set_raxml_2
Tthe_XP_001014276	set_raxml	2	set_raxml_2
Spun_SPPG_02658	set_raxml	2	set_raxml_2
Mcir_Mucci2_83879	set_raxml	2	set_raxml_2
Pbla_Phybl2_146259	set_raxml	2	set_raxml_2
Sarc_SARC_00017	set_raxml	2	set_raxml_2
Bsal_BS08375	set_raxml	2	set_raxml_2
Mver_07756	set_raxml	2	set_raxml_2
Cfra_2215T1	set_raxml	2	set_raxml_2
Sarc_SARC_03282	set_raxml	2	set_raxml_2
Apar_comp19285_c0_seq1_fr5	set_raxml	2	set_raxml_2
Ihof_2778	set_raxml	2	set_raxml_2
Acas_g9840	set_raxml	2	set_raxml_2
Rfil_12413_15cf1	set_raxml	2	set_raxml_2
Tpse_XP_002292313	set_raxml	2	set_raxml_2
Pisp_13055	set_raxml	2	set_raxml_2
Tpse_XP_002292460	set_raxml	2	set_raxml_2
Tpse_XP_002290162	set_raxml	2	set_raxml_2
Tpse_XP_002286409	set_raxml	2	set_raxml_2
Ptri_XP_002178236	set_raxml	2	set_raxml_2
Ptri_XP_002178582	set_raxml	2	set_raxml_2
Ptri_XP_002179500	set_raxml	2	set_raxml_2
Tpse_XP_002288187	set_raxml	2	set_raxml_2
Ptri_XP_002176598	set_raxml	2	set_raxml_2
Ptri_XP_002180933	set_raxml	2	set_raxml_2
Aano_F0Y9B5	set_raxml	2	set_raxml_2
Ptri_XP_002176608	set_raxml	2	set_raxml_2
Tpse_XP_002294686	set_raxml	2	set_raxml_2
Tpse_XP_002296236	set_raxml	2	set_raxml_2
Tpse_XP_002295860	set_raxml	2	set_raxml_2
Rfil_3716423_1s	set_raxml	2	set_raxml_2
Rfil_3793145_3s	set_raxml	2	set_raxml_2
Tthe_XP_001022867	set_raxml	2	set_raxml_2
Tcru_XP_813687	set_raxml	2	set_raxml_2
Tcru_XP_819325	set_raxml	2	set_raxml_2
Otau_XP_003083373	set_raxml	2	set_raxml_2
Pfal_Q8I5R3_Q8I5R3	set_raxml	2	set_raxml_2
Aano_F0YC01	set_raxml	2	set_raxml_2
Pyez_16402_g3986	set_raxml	2	set_raxml_2
Scil_44857	set_raxml	2	set_raxml_2
Scil_42146	set_raxml	2	set_raxml_2
Tgon_XP_002370230	set_raxml	2	set_raxml_2
Gpro_26820	set_raxml	2	set_raxml_2
Mcir_Mucci2_107212	set_raxml	2	set_raxml_2
Gthe_55948	set_raxml	2	set_raxml_2
Dmel_FBpp0071271	set_raxml	2	set_raxml_2
Dmel_FBpp0070406	set_raxml	2	set_raxml_2
Gthe_116344	set_raxml	2	set_raxml_2
Aano_F0YJ55	set_raxml	2	set_raxml_2
Cvar_EFN50775	set_raxml	2	set_raxml_2
Cvar_EFN56803	set_raxml	2	set_raxml_2
Bnat_72013	set_raxml	2	set_raxml_2
Bnat_134149	set_raxml	2	set_raxml_2
Aano_F0YKM1	set_raxml	2	set_raxml_2
Aano_F0YHL9	set_raxml	2	set_raxml_2
Otau_XP_003074252	set_raxml	2	set_raxml_2
Cowc_CAOG_05400	set_raxml	2	set_raxml_2
Cowc_CAOG_04380	set_raxml	2	set_raxml_2
Aker_100229	set_raxml	2	set_raxml_2
Sros_PTSG_04969	set_raxml	2	set_raxml_2
Pmar_XP_002787788	set_raxml	2	set_raxml_2
Cvar_EFN53212	set_raxml	2	set_raxml_2
Rfil_3735841_7s	set_raxml	2	set_raxml_2
Tpse_XP_002287611	set_raxml	2	set_raxml_2
Tpse_XP_002293273	set_raxml	2	set_raxml_2
Tpse_XP_002294128	set_raxml	2	set_raxml_2
Tpse_XP_002294102	set_raxml	2	set_raxml_2
Tpse_XP_002292274	set_raxml	2	set_raxml_2
Pmar_XP_002786443	set_raxml	2	set_raxml_2
Mpus_Micpu146864	set_raxml	2	set_raxml_2
Otau_XP_003078489	set_raxml	2	set_raxml_2
Smoe_XP_002987941	set_raxml	2	set_raxml_2
Smoe_XP_002994017	set_raxml	2	set_raxml_2
Atha_AT4G20130	set_raxml	2	set_raxml_2
Mgut_mgv1a005196m	set_raxml	2	set_raxml_2
Mgut_mgv1a024773m	set_raxml	2	set_raxml_2
Acoe_002_01301	set_raxml	2	set_raxml_2
Ppat_XP_001771149	set_raxml	2	set_raxml_2
Bdis_2g14720	set_raxml	2	set_raxml_2
Sbic_09g030160	set_raxml	2	set_raxml_2
Ptet_A0ECS5_A0ECS5	set_raxml	2	set_raxml_2
Ptet_A0DV50_A0DV50	set_raxml	2	set_raxml_2
Ptet_A0EI13_A0EI13	set_raxml	2	set_raxml_2
Bnat_91950	set_raxml	2	set_raxml_2
Tthe_XP_001015055	set_raxml	2	set_raxml_2
Ehux_99883	set_raxml	2	set_raxml_2
Tpse_XP_002287161	set_raxml	2	set_raxml_2
Lmaj_XP_001683376	set_raxml	2	set_raxml_2
Tcru_XP_816776	set_raxml	2	set_raxml_2
Tcru_XP_819478	set_raxml	2	set_raxml_2
Tpse_XP_002297128	set_raxml	2	set_raxml_2
Gthe_117107	set_raxml	2	set_raxml_2
Cvar_EFN58949	set_raxml	2	set_raxml_2
Crei_XP_001698886	set_raxml	2	set_raxml_2
Gthe_102686	set_raxml	2	set_raxml_2
Pyez_19832_g4888	set_raxml	2	set_raxml_2
Bsal_BS48790	set_raxml	2	set_raxml_2
Vcar_XP_002952881	set_raxml	2	set_raxml_2
Tpse_XP_002287224	set_raxml	2	set_raxml_2
Ccri_T00000804001	set_raxml	2	set_raxml_2
Crei_XP_001695318	set_raxml	2	set_raxml_2
Ptri_XP_002183255	set_raxml	2	set_raxml_2
Ptri_XP_002181881	set_raxml	2	set_raxml_2
Esil_CBJ26036	set_raxml	2	set_raxml_2
Mpus_Micpu186708	set_raxml	2	set_raxml_2
Crei_XP_001696458	set_raxml	2	set_raxml_2
Crei_XP_001698255	set_raxml	2	set_raxml_2
Vcar_XP_002952189	set_raxml	2	set_raxml_2
Cvar_EFN53459	set_raxml	2	set_raxml_2
Cpar_22282Contig37429	set_raxml	2	set_raxml_2
Otau_XP_003083454	set_raxml	2	set_raxml_2
Tcru_XP_809677	set_raxml	2	set_raxml_2
Tcru_XP_817814	set_raxml	2	set_raxml_2
Ppat_XP_001759585	set_raxml	2	set_raxml_2
Smoe_XP_002964620	set_raxml	2	set_raxml_2
Smoe_XP_002989522	set_raxml	2	set_raxml_2
Sbic_04g028760	set_raxml	2	set_raxml_2
Mgut_mgv1a005562m	set_raxml	2	set_raxml_2
Atha_AT1G24610	set_raxml	2	set_raxml_2
Acoe_091_00078	set_raxml	2	set_raxml_2
Bnat_70745	set_raxml	2	set_raxml_2
Bnat_77373	set_raxml	2	set_raxml_2
Vcar_XP_002955706	set_raxml	2	set_raxml_2
Crei_XP_001703025	set_raxml	2	set_raxml_2
Cvar_EFN51670	set_raxml	2	set_raxml_2
Pinf_XP_002908955	set_raxml	2	set_raxml_2
Spom_NP_593610_1	set_raxml	2	set_raxml_2
Tpse_XP_002286979	set_raxml	2	set_raxml_2
Bsal_BS36695	set_raxml	2	set_raxml_2
Aano_F0YBY0	set_raxml	2	set_raxml_2
Gthe_73393	set_raxml	2	set_raxml_2
Tpse_XP_002289165	set_raxml	2	set_raxml_2
Bnat_136247	set_raxml	2	set_raxml_2
Gpro_130154	set_raxml	2	set_raxml_2
Smoe_XP_002961120	set_raxml	2	set_raxml_2
Smoe_XP_002966891	set_raxml	2	set_raxml_2
Smoe_XP_002960831	set_raxml	2	set_raxml_2
Smoe_XP_002960830	set_raxml	2	set_raxml_2
Smoe_XP_002960832	set_raxml	2	set_raxml_2
Smoe_XP_002983976	set_raxml	2	set_raxml_2
Smoe_XP_002960159	set_raxml	2	set_raxml_2
Smoe_XP_002983839	set_raxml	2	set_raxml_2
Acoe_027_00195	set_raxml	2	set_raxml_2
Atha_AT3G55080	set_raxml	2	set_raxml_2
Mgut_mgv1a005857m	set_raxml	2	set_raxml_2
Smoe_XP_002967739	set_raxml	2	set_raxml_2
Smoe_XP_002992361	set_raxml	2	set_raxml_2
Ppat_XP_001774257	set_raxml	2	set_raxml_2
Ppat_XP_001783777	set_raxml	2	set_raxml_2
Smoe_XP_002974908	set_raxml	2	set_raxml_2
Smoe_XP_002988920	set_raxml	2	set_raxml_2
Smoe_XP_002989713	set_raxml	2	set_raxml_2
Smoe_XP_002991767	set_raxml	2	set_raxml_2
Esil_CBJ33334	set_raxml	2	set_raxml_2
Bden_Batde5_27333	set_raxml	2	set_raxml_2
Ptri_XP_002182379	set_raxml	2	set_raxml_2
Ptri_XP_002180352	set_raxml	2	set_raxml_2
Ptri_XP_002178424	set_raxml	2	set_raxml_2
Bnat_137864	set_raxml	2	set_raxml_2
Pmar_XP_002782260	set_raxml	2	set_raxml_2
Pmar_XP_002769782	set_raxml	2	set_raxml_2
Ddis_XP_647084	set_raxml	2	set_raxml_2
Ppal_EFA81400_1	set_raxml	2	set_raxml_2
Tcru_XP_819846	set_raxml	2	set_raxml_2
Lmaj_XP_001687015	set_raxml	2	set_raxml_2
Cowc_CAOG_02820	set_raxml	2	set_raxml_2
Bsal_BS14130	set_raxml	2	set_raxml_2
Umar_235646	set_raxml	2	set_raxml_2
Mcir_Mucci2_187976	set_raxml	2	set_raxml_2
Bnat_135435	set_raxml	2	set_raxml_2
Tpse_XP_002295747	set_raxml	2	set_raxml_2
Tpse_XP_002286796	set_raxml	2	set_raxml_2
Esil_CBN75653	set_raxml	2	set_raxml_2
Esil_CBN80336	set_raxml	2	set_raxml_2
Gthe_138732	set_raxml	2	set_raxml_2
Spom_NP_596799_2	set_raxml	2	set_raxml_2
Apar_comp20834_c2_seq1_fr5	set_raxml	2	set_raxml_2
Mver_08386	set_raxml	2	set_raxml_2
Rirr_36464	set_raxml	2	set_raxml_2
Rory_7153	set_raxml	2	set_raxml_2
Mcir_Mucci2_107056	set_raxml	2	set_raxml_2
Crev_41928	set_raxml	2	set_raxml_2
Rall_2313	set_raxml	2	set_raxml_2
Tthe_XP_001009809	set_raxml	2	set_raxml_2
Vcar_XP_002947984	set_raxml	2	set_raxml_2
Crei_XP_001690983	set_raxml	2	set_raxml_2
Pisp_69739	set_raxml	2	set_raxml_2
Acas_g754	set_raxml	2	set_raxml_2
Cowc_CAOG_00643	set_raxml	2	set_raxml_2
Bnat_129526	set_raxml	2	set_raxml_2
Cang_114976	set_raxml	2	set_raxml_2
Amac_13838	set_raxml	2	set_raxml_2
Amac_11375	set_raxml	2	set_raxml_2
Spun_SPPG_04331	set_raxml	2	set_raxml_2
Bden_Batde5_86633	set_raxml	2	set_raxml_2
Ptri_XP_002179507	set_raxml	2	set_raxml_2
Tpse_XP_002287062	set_raxml	2	set_raxml_2
Tpse_XP_002288295	set_raxml	2	set_raxml_2
Ptri_XP_002177222	set_raxml	2	set_raxml_2
Ehux_96595	set_raxml	2	set_raxml_2
Crei_XP_001694672	set_raxml	2	set_raxml_2
Vcar_XP_002952617	set_raxml	2	set_raxml_2
Ptri_XP_002186360	set_raxml	2	set_raxml_2
Ihof_871	set_raxml	2	set_raxml_2
Gthe_114060	set_raxml	2	set_raxml_2
Mbre_XP_001747639	set_raxml	2	set_raxml_2
Ttra_AMSG_04237	set_raxml	2	set_raxml_2
Apar_comp18566_c0_seq1_fr6	set_raxml	2	set_raxml_2
Mcir_Mucci2_108485	set_raxml	2	set_raxml_2
Umar_261166	set_raxml	2	set_raxml_2
Bnat_79704	set_raxml	2	set_raxml_2
Pisp_1176	set_raxml	2	set_raxml_2
Scer_SCRT_02936	set_raxml	2	set_raxml_2
Ccor_17587	set_raxml	2	set_raxml_2
Cvar_EFN55406	set_raxml	2	set_raxml_2
Bden_Batde5_87914	set_raxml	2	set_raxml_2
Otau_XP_003083827	set_raxml	2	set_raxml_2
Mpus_Micpu39853	set_raxml	2	set_raxml_2
Falb_H696_00372T0	set_raxml	2	set_raxml_2
Ppal_EFA82146_1	set_raxml	2	set_raxml_2
Aker_99331	set_raxml	2	set_raxml_2
Smoe_XP_002977945	set_raxml	2	set_raxml_2
Smoe_XP_002986909	set_raxml	2	set_raxml_2
Acoe_014_00106	set_raxml	2	set_raxml_2
Mgut_mgv1a005032m	set_raxml	2	set_raxml_2
Bdis_2g56792	set_raxml	2	set_raxml_2
Sbic_03g041640	set_raxml	2	set_raxml_2
Atha_AT3G56570	set_raxml	2	set_raxml_2
Cfra_3222T1	set_raxml	2	set_raxml_2
Cneo_XP_568860	set_raxml	2	set_raxml_2
Umar_246787	set_raxml	2	set_raxml_2
Mcir_Mucci2_106194	set_raxml	2	set_raxml_2
Rory_11187	set_raxml	2	set_raxml_2
Amac_13919	set_raxml	2	set_raxml_2
Cang_156814	set_raxml	2	set_raxml_2
Mver_06965	set_raxml	2	set_raxml_2
Rirr_156604	set_raxml	2	set_raxml_2
Umay_XP_759768	set_raxml	2	set_raxml_2
Cneo_XP_567975	set_raxml	2	set_raxml_2
Ccin_CC1G_03233	set_raxml	2	set_raxml_2
Fgra_FGSG_13489	set_raxml	2	set_raxml_2
Ncra_8714NCU09827	set_raxml	2	set_raxml_2
Spom_NP_594072_1	set_raxml	2	set_raxml_2
Scer_SCRT_00269	set_raxml	2	set_raxml_2
Mbre_XP_001748684	set_raxml	2	set_raxml_2
Cgig_10004098	set_raxml	2	set_raxml_2
Lgig_217400	set_raxml	2	set_raxml_2
Hsap_ENSP00000219315	set_raxml	2	set_raxml_2
Cint_ENSCINP00000020186	set_raxml	2	set_raxml_2
Aque_XP_003382977	set_raxml	2	set_raxml_2
Skow_XP_002731242	set_raxml	2	set_raxml_2
Scil_68011	set_raxml	2	set_raxml_2
Ocar_g5802_t1	set_raxml	2	set_raxml_2
Nvec_XP_001629819	set_raxml	2	set_raxml_2
Spur_XP_787519	set_raxml	2	set_raxml_2
Ctel_151537	set_raxml	2	set_raxml_2
Sros_PTSG_01368	set_raxml	2	set_raxml_2
Otau_XP_003079418	set_raxml	2	set_raxml_2
Mpus_Micpu197287	set_raxml	2	set_raxml_2
Crei_XP_001703371	set_raxml	2	set_raxml_2
Vcar_XP_002951655	set_raxml	2	set_raxml_2
Ptet_A0CEH6_A0CEH6	set_raxml	2	set_raxml_2
Ccin_CC1G_14673	set_raxml	2	set_raxml_2
Bnat_69405	set_raxml	2	set_raxml_2
Ptet_A0D226_A0D226	set_raxml	2	set_raxml_2
Ptet_A0D4G4_A0D4G4	set_raxml	2	set_raxml_2
Ptet_A0CG77_A0CG77	set_raxml	2	set_raxml_2
Ptet_A0BS83_A0BS83	set_raxml	2	set_raxml_2
Ptet_A0D167_A0D167	set_raxml	2	set_raxml_2
Amac_02309	set_raxml	2	set_raxml_2
Tpse_XP_002293161	set_raxml	2	set_raxml_2
Ehux_104231	set_raxml	2	set_raxml_2
Ehux_108977	set_raxml	2	set_raxml_2
Gthe_109909	set_raxml	2	set_raxml_2
Ppal_EFA82762_1	set_raxml	2	set_raxml_2
Ccri_T00006890001	set_raxml	2	set_raxml_2
Ddis_XP_637036	set_raxml	2	set_raxml_2
Aker_50153	set_raxml	2	set_raxml_2
Vcar_XP_002948672	set_raxml	2	set_raxml_2
Crei_XP_001696150	set_raxml	2	set_raxml_2
Ppat_XP_001763237	set_raxml	2	set_raxml_2
Smoe_XP_002991099	set_raxml	2	set_raxml_2
Smoe_XP_002991656	set_raxml	2	set_raxml_2
Acoe_002_01366	set_raxml	2	set_raxml_2
Atha_AT5G17240	set_raxml	2	set_raxml_2
Sbic_02g032970	set_raxml	2	set_raxml_2
Bdis_1g28267	set_raxml	2	set_raxml_2
Mpus_Micpu60905	set_raxml	2	set_raxml_2
Pmar_XP_002775574	set_raxml	2	set_raxml_2
Ppal_EFA76078_1	set_raxml	2	set_raxml_2
Mbre_XP_001745126	set_raxml	2	set_raxml_2
Cowc_CAOG_03170	set_raxml	2	set_raxml_2
Cfra_1641T1	set_raxml	2	set_raxml_2
Ddis_XP_646263	set_raxml	2	set_raxml_2
Lgig_118649	set_raxml	2	set_raxml_2
Nvec_XP_001633261	set_raxml	2	set_raxml_2
Ctel_181634	set_raxml	2	set_raxml_2
Ocar_g6160_t1	set_raxml	2	set_raxml_2
Cint_ENSCINP00000009807	set_raxml	2	set_raxml_2
Spur_XP_798530	set_raxml	2	set_raxml_2
Hsap_ENSP00000327436	set_raxml	2	set_raxml_2
Bnat_89596	set_raxml	2	set_raxml_2
Apar_comp23864_c1_seq1_fr6	set_raxml	2	set_raxml_2
Ihof_9696	set_raxml	2	set_raxml_2
Bden_Batde5_86177	set_raxml	2	set_raxml_2
Gpro_40672	set_raxml	2	set_raxml_2
Bnat_69062	set_raxml	2	set_raxml_2
Scil_45327	set_raxml	2	set_raxml_2
Gthe_112741	set_raxml	2	set_raxml_2
Gthe_104681	set_raxml	2	set_raxml_2
Mpus_Micpu55322	set_raxml	2	set_raxml_2
Otau_XP_003078319	set_raxml	2	set_raxml_2
Bnat_87612	set_raxml	2	set_raxml_2
Acas_g11639	set_raxml	2	set_raxml_2
Acas_g14733	set_raxml	2	set_raxml_2
Bnat_134142	set_raxml	2	set_raxml_2
Ncra_7717NCU08733	set_raxml	2	set_raxml_2
Rirr_12309	set_raxml	2	set_raxml_2
Ttra_AMSG_06270	set_raxml	2	set_raxml_2
Acas_g5159	set_raxml	2	set_raxml_2
Ppat_XP_001775739	set_raxml	2	set_raxml_2
Smoe_XP_002974033	set_raxml	2	set_raxml_2
Smoe_XP_002983459	set_raxml	2	set_raxml_2
Mpus_Micpu60109	set_raxml	2	set_raxml_2
Bnat_47055	set_raxml	2	set_raxml_2
Bnat_51539	set_raxml	2	set_raxml_2
Bnat_87809	set_raxml	2	set_raxml_2
Aano_F0YNA7	set_raxml	2	set_raxml_2
Ptri_XP_002183467	set_raxml	2	set_raxml_2
Tpse_XP_002295030	set_raxml	2	set_raxml_2
Ngad_00769	set_raxml	2	set_raxml_2
Aker_60871	set_raxml	2	set_raxml_2
Bnat_91120	set_raxml	2	set_raxml_2
Ptet_A0D0I4_A0D0I4	set_raxml	2	set_raxml_2
Ptet_A0DC90_A0DC90	set_raxml	2	set_raxml_2
Ptet_A0DHF9_A0DHF9	set_raxml	2	set_raxml_2
Tthe_XP_001008992	set_raxml	2	set_raxml_2
Tthe_XP_001009518	set_raxml	2	set_raxml_2
Tthe_XP_001021989	set_raxml	2	set_raxml_2
Rfil_24771_5c	set_raxml	2	set_raxml_2
Rfil_51688_4s1f1	set_raxml	2	set_raxml_2
Acas_g7267	set_raxml	2	set_raxml_2
Ncra_1923NCU02158	set_raxml	2	set_raxml_2
Fgra_FGSG_08862	set_raxml	2	set_raxml_2
Gthe_147375	set_raxml	2	set_raxml_2
Nspp_14963_fr5	set_raxml	2	set_raxml_2
Tmel_XP_002838074	set_raxml	2	set_raxml_2
Pinf_XP_002997928	set_raxml	2	set_raxml_2
Rall_5223	set_raxml	2	set_raxml_2
Spur_XP_001201449	set_raxml	2	set_raxml_2
Skow_XP_002737626	set_raxml	2	set_raxml_2
Ctel_140019	set_raxml	2	set_raxml_2
Lgig_210687	set_raxml	2	set_raxml_2
Nvec_XP_001625323	set_raxml	2	set_raxml_2
Hmag_XP_002160713	set_raxml	2	set_raxml_2
Hsap_ENSP00000329189	set_raxml	2	set_raxml_2
Ccor_86723	set_raxml	2	set_raxml_2
Scil_69782	set_raxml	2	set_raxml_2
Amac_05234	set_raxml	2	set_raxml_2
Cang_64968	set_raxml	2	set_raxml_2
Gthe_106158	set_raxml	2	set_raxml_2
Rirr_97053	set_raxml	2	set_raxml_2
Mver_10454	set_raxml	2	set_raxml_2
Pbla_Phybl2_161758	set_raxml	2	set_raxml_2
Mcir_Mucci2_183066	set_raxml	2	set_raxml_2
Rory_10421	set_raxml	2	set_raxml_2
Bden_Batde5_23340	set_raxml	2	set_raxml_2
Umar_225992	set_raxml	2	set_raxml_2
Apar_comp69060_c0_seq1_fr5	set_raxml	2	set_raxml_2
Ihof_3025	set_raxml	2	set_raxml_2
Cvar_EFN55457	set_raxml	2	set_raxml_2
Crev_10775	set_raxml	2	set_raxml_2
Mvib_comp9388_c0_seq1_fr4	set_raxml	2	set_raxml_2
Cint_ENSCINP00000020275	set_raxml	2	set_raxml_2
Tpse_XP_002286075	set_raxml	2	set_raxml_2
Ptri_XP_002185762	set_raxml	2	set_raxml_2
Mver_07617	set_raxml	2	set_raxml_2
Aano_F0XXC3	set_raxml	2	set_raxml_2
Cmer_CMN207C	set_raxml	2	set_raxml_2
Esil_CBJ29688	set_raxml	2	set_raxml_2
Pyez_44569_g9912	set_raxml	2	set_raxml_2
Ccri_T00006620001	set_raxml	2	set_raxml_2
Smoe_XP_002963244	set_raxml	2	set_raxml_2
Smoe_XP_002974548	set_raxml	2	set_raxml_2
Ppat_XP_001754252	set_raxml	2	set_raxml_2
Acoe_001_00751	set_raxml	2	set_raxml_2
Mgut_mgv1a004696m	set_raxml	2	set_raxml_2
Atha_AT3G07670	set_raxml	2	set_raxml_2
Sbic_04g029430	set_raxml	2	set_raxml_2
Bdis_3g56450	set_raxml	2	set_raxml_2
Mpus_Micpu122950	set_raxml	2	set_raxml_2
Otau_XP_003081307	set_raxml	2	set_raxml_2
Cvar_EFN51653	set_raxml	2	set_raxml_2
Vcar_XP_002949173	set_raxml	2	set_raxml_2
Crei_XP_001693751	set_raxml	2	set_raxml_2
Apar_comp15138_c0_seq1_fr6	set_raxml	2	set_raxml_2
Ihof_8776	set_raxml	2	set_raxml_2
Otau_XP_003082564	set_raxml	2	set_raxml_2
Sarc_SARC_00311	set_raxml	2	set_raxml_2
Bnat_90881	set_raxml	2	set_raxml_2
Smoe_XP_002965462	set_raxml	2	set_raxml_2
Smoe_XP_002993188	set_raxml	2	set_raxml_2
Ppat_XP_001754113	set_raxml	2	set_raxml_2
Cpar_7249Contig38650	set_raxml	2	set_raxml_2
Nspp_17674_fr6	set_raxml	2	set_raxml_2
Bsal_BS15900	set_raxml	2	set_raxml_2
Ptri_XP_002183265	set_raxml	2	set_raxml_2
Cvar_EFN58197	set_raxml	2	set_raxml_2
Bnat_142128	set_raxml	2	set_raxml_2
Vcar_XP_002947838	set_raxml	2	set_raxml_2
Gthe_134587	set_raxml	2	set_raxml_2
Atha_AT1G14030	set_raxml	2	set_raxml_2
Smoe_XP_002960727	set_raxml	2	set_raxml_2
Smoe_XP_002983944	set_raxml	2	set_raxml_2
Ppat_XP_001785817	set_raxml	2	set_raxml_2
Acoe_002_00689	set_raxml	2	set_raxml_2
Mgut_mgv1a005377m	set_raxml	2	set_raxml_2
Sbic_02g024510	set_raxml	2	set_raxml_2
Bdis_4g30040	set_raxml	2	set_raxml_2
Cele_Y92H12BR_6	set_raxml	2	set_raxml_2
Spom_NP_588349_1	set_raxml	2	set_raxml_2
Ngru_XP_002671481	set_raxml	2	set_raxml_2
Bsal_BS31705	set_raxml	2	set_raxml_2
Tcru_XP_805712	set_raxml	2	set_raxml_2
Tcru_XP_815053	set_raxml	2	set_raxml_2
Esil_CBJ30557	set_raxml	2	set_raxml_2
Scil_54307	set_raxml	2	set_raxml_2
Acas_g14290	set_raxml	2	set_raxml_2
Tpse_XP_002295884	set_raxml	2	set_raxml_2
Tpse_XP_002295028	set_raxml	2	set_raxml_2
Bsal_BS34450	set_raxml	2	set_raxml_2
Cpar_30297Contig7977	set_raxml	2	set_raxml_2
Gthe_108853	set_raxml	2	set_raxml_2
Sagg_87985	set_raxml	2	set_raxml_2
Aker_59574	set_raxml	2	set_raxml_2
Ddis_XP_636817	set_raxml	2	set_raxml_2
Ppal_EFA75028_1	set_raxml	2	set_raxml_2
Aker_58374	set_raxml	2	set_raxml_2
Ppal_EFA80143_1	set_raxml	2	set_raxml_2
Ddis_XP_647487	set_raxml	2	set_raxml_2
Pmar_XP_002785721	set_raxml	2	set_raxml_2
Pmar_XP_002765694	set_raxml	2	set_raxml_2
Ehux_111657	set_raxml	2	set_raxml_2
Ehux_242773	set_raxml	2	set_raxml_2
Ehux_220349	set_raxml	2	set_raxml_2
Otau_XP_003082984	set_raxml	2	set_raxml_2
Ppat_XP_001755464	set_raxml	2	set_raxml_2
Mpus_Micpu48831	set_raxml	2	set_raxml_2
Bsal_BS60515	set_raxml	2	set_raxml_2
Tcru_XP_817580	set_raxml	2	set_raxml_2
Tcru_XP_819082	set_raxml	2	set_raxml_2
Cowc_CAOG_01287	set_raxml	2	set_raxml_2
Bsal_BS12335	set_raxml	2	set_raxml_2
Tcru_XP_815384	set_raxml	2	set_raxml_2
Tcru_XP_811859	set_raxml	2	set_raxml_2
Gthe_120775	set_raxml	2	set_raxml_2
Lmaj_XP_001683158	set_raxml	2	set_raxml_2
Tcru_XP_820419	set_raxml	2	set_raxml_2
Tcru_XP_810880	set_raxml	2	set_raxml_2
Vcar_XP_002958609	set_raxml	2	set_raxml_2
Gthe_139093	set_raxml	2	set_raxml_2
Crei_XP_001695337	set_raxml	2	set_raxml_2
Ptri_XP_002182466	set_raxml	2	set_raxml_2
Cele_Y71H2AM_8	set_raxml	2	set_raxml_2
Ehux_107247	set_raxml	2	set_raxml_2
Ehux_242820	set_raxml	2	set_raxml_2
Crei_XP_001692007	set_raxml	2	set_raxml_2
Gthe_121141	set_raxml	2	set_raxml_2
Mpus_Micpu178115	set_raxml	2	set_raxml_2
Bsal_BS64390	set_raxml	2	set_raxml_2
Lmaj_XP_001682042	set_raxml	2	set_raxml_2
Bsal_BS32985	set_raxml	2	set_raxml_2
Tcru_XP_821804	set_raxml	2	set_raxml_2
Tcru_XP_805087	set_raxml	2	set_raxml_2
Rfil_3789974_4s1f1	set_raxml	2	set_raxml_2
Ehux_207150	set_raxml	2	set_raxml_2
Otau_XP_003083390	set_raxml	2	set_raxml_2
Lmaj_XP_001681314	set_raxml	2	set_raxml_2
Vcar_XP_002954057	set_raxml	2	set_raxml_2
Nspp_113_fr4	set_raxml	2	set_raxml_2
Nspp_113_fr1	set_raxml	2	set_raxml_2
Otau_XP_003080689	set_raxml	2	set_raxml_2
Ptri_XP_002181177	set_raxml	2	set_raxml_2
Tpse_XP_002295698	set_raxml	2	set_raxml_2
Ppal_EFA77024_1	set_raxml	2	set_raxml_2
Sarc_SARC_09048	set_raxml	2	set_raxml_2
Crei_XP_001701009	set_raxml	2	set_raxml_2
Crei_XP_001701010	set_raxml	2	set_raxml_2
Sros_PTSG_04361	set_raxml	2	set_raxml_2
Crei_XP_001701008	set_raxml	2	set_raxml_2
Smoe_XP_002990571	set_raxml	2	set_raxml_2
Smoe_XP_002983641	set_raxml	2	set_raxml_2
Tmel_XP_002836440	set_raxml	2	set_raxml_2
Cele_Y32F6A_1_1	set_raxml	2	set_raxml_2
Smoe_XP_002979745	set_raxml	2	set_raxml_2
Smoe_XP_002988390	set_raxml	2	set_raxml_2
Smoe_XP_002990338	set_raxml	2	set_raxml_2
Smoe_XP_002979364	set_raxml	2	set_raxml_2
Smoe_XP_002973763	set_raxml	2	set_raxml_2
Smoe_XP_002975811	set_raxml	2	set_raxml_2
Smoe_XP_002973616	set_raxml	2	set_raxml_2
Smoe_XP_002975639	set_raxml	2	set_raxml_2
Ncra_794NCU00870	set_raxml	2	set_raxml_2
Smoe_XP_002971811	set_raxml	2	set_raxml_2
Smoe_XP_002972331	set_raxml	2	set_raxml_2
Smoe_XP_002981230	set_raxml	2	set_raxml_2
Smoe_XP_002982699	set_raxml	2	set_raxml_2
Umay_XP_758014	set_raxml	2	set_raxml_2
Mpus_Micpu205714	set_raxml	2	set_raxml_2
Spun_SPPG_04074	set_raxml	2	set_raxml_2
Ccor_135587	set_raxml	2	set_raxml_2
Amac_03048	set_raxml	2	set_raxml_2
Rall_366	set_raxml	2	set_raxml_2
Mver_00240	set_raxml	2	set_raxml_2
Mcir_Mucci2_106871	set_raxml	2	set_raxml_2
Pbla_Phybl2_134258	set_raxml	2	set_raxml_2
Ccin_CC1G_05693	set_raxml	2	set_raxml_2
Pbla_Phybl2_108062	set_raxml	2	set_raxml_2
Rory_6165	set_raxml	2	set_raxml_2
Amac_03049	set_raxml	2	set_raxml_2
Amac_10326	set_raxml	2	set_raxml_2
Mcir_Mucci2_109312	set_raxml	2	set_raxml_2
Ppat_XP_001770248	set_raxml	2	set_raxml_2
Ppal_EFA83360_1	set_raxml	2	set_raxml_2
Otau_XP_003081858	set_raxml	2	set_raxml_2
Ppat_XP_001786289	set_raxml	2	set_raxml_2
Ppat_XP_001778358	set_raxml	2	set_raxml_2
Smoe_XP_002966366	set_raxml	2	set_raxml_2
Smoe_XP_002978194	set_raxml	2	set_raxml_2
Smoe_XP_002963144	set_raxml	2	set_raxml_2
Smoe_XP_002980178	set_raxml	2	set_raxml_2
Smoe_XP_002991840	set_raxml	2	set_raxml_2
Smoe_XP_002990851	set_raxml	2	set_raxml_2
Acoe_002_00665	set_raxml	2	set_raxml_2
Mgut_mgv1a019293m	set_raxml	2	set_raxml_2
Atha_AT1G26760	set_raxml	2	set_raxml_2
Scil_51071	set_raxml	2	set_raxml_2
Bdis_1g73790	set_raxml	2	set_raxml_2
Sbic_01g045950	set_raxml	2	set_raxml_2
Pmar_XP_002778734	set_raxml	2	set_raxml_2
Tgon_XP_002370918	set_raxml	2	set_raxml_2
Pfal_Q8IIL1_Q8IIL1	set_raxml	2	set_raxml_2
Ppal_EFA80047_1	set_raxml	2	set_raxml_2
Ehux_103292	set_raxml	2	set_raxml_2
Scer_SCRT_04921	set_raxml	2	set_raxml_2
Sagg_79832	set_raxml	2	set_raxml_2
Acas_g4936	set_raxml	2	set_raxml_2
Lmaj_XP_001681117	set_raxml	2	set_raxml_2
Gthe_120234	set_raxml	2	set_raxml_2
Aker_53277	set_raxml	2	set_raxml_2
Aker_57510	set_raxml	2	set_raxml_2
Tcru_XP_813739	set_raxml	2	set_raxml_2
Tcru_XP_819967	set_raxml	2	set_raxml_2
Mlei_ML16213a	set_raxml	2	set_raxml_2
Mlei_ML05941a	set_raxml	2	set_raxml_2
Mlei_ML13116a	set_raxml	2	set_raxml_2
Mlei_ML205611a	set_raxml	2	set_raxml_2
Mlei_ML22756a	set_raxml	2	set_raxml_2
Ptri_XP_002182999	set_raxml	2	set_raxml_2
Tpse_XP_002290198	set_raxml	2	set_raxml_2
Mpus_Micpu58542	set_raxml	2	set_raxml_2
Ehux_454711	set_raxml	2	set_raxml_2
Vcar_XP_002948967	set_raxml	2	set_raxml_2
Vcar_XP_002948876	set_raxml	2	set_raxml_2
Crei_XP_001693810	set_raxml	2	set_raxml_2
Sbic_01g010740	set_raxml	2	set_raxml_2
Bdis_1g11010	set_raxml	2	set_raxml_2
Ppat_XP_001778213	set_raxml	2	set_raxml_2
Smoe_XP_002981276	set_raxml	2	set_raxml_2
Smoe_XP_002969663	set_raxml	2	set_raxml_2
Acoe_082_00002	set_raxml	2	set_raxml_2
Mgut_mgv1a005471m	set_raxml	2	set_raxml_2
Mgut_mgv1a006005m	set_raxml	2	set_raxml_2
Mgut_mgv1a007180m	set_raxml	2	set_raxml_2
Atha_AT2G17900	set_raxml	2	set_raxml_2
Ehux_116679	set_raxml	2	set_raxml_2
Ehux_215475	set_raxml	2	set_raxml_2
Esil_CBJ31821	set_raxml	2	set_raxml_2
Cowc_CAOG_08663	set_raxml	2	set_raxml_2
Nspp_5246_fr2	set_raxml	2	set_raxml_2
Nspp_5247_fr1	set_raxml	2	set_raxml_2
Aker_60563	set_raxml	2	set_raxml_2
Tgon_XP_002367068	set_raxml	2	set_raxml_2
Smoe_XP_002962575	set_raxml	2	set_raxml_2
Smoe_XP_002993931	set_raxml	2	set_raxml_2
Cowc_CAOG_00050	set_raxml	2	set_raxml_2
Bsal_BS45760	set_raxml	2	set_raxml_2
Lmaj_XP_001686198	set_raxml	2	set_raxml_2
Acas_g7722	set_raxml	2	set_raxml_2
Scil_46955	set_raxml	2	set_raxml_2
Ehux_193798	set_raxml	2	set_raxml_2
Mpus_Micpu50143	set_raxml	2	set_raxml_2
Ncra_2647NCU02962	set_raxml	2	set_raxml_2
Dmel_FBpp0087091	set_raxml	2	set_raxml_2
Ppal_EFA86539_1	set_raxml	2	set_raxml_2
Ddis_XP_629340	set_raxml	2	set_raxml_2
Ehux_367482	set_raxml	2	set_raxml_2
Ehux_434670	set_raxml	2	set_raxml_2
Apar_comp4722_c0_seq1_fr4	set_raxml	2	set_raxml_2
Acas_g4900	set_raxml	2	set_raxml_2
Cele_W01C8_4b	set_raxml	2	set_raxml_2
Cang_63048	set_raxml	2	set_raxml_2
Amac_06340	set_raxml	2	set_raxml_2
Rfil_3803193_1s1f1	set_raxml	2	set_raxml_2
Cang_123406	set_raxml	2	set_raxml_2
Aano_F0Y597	set_raxml	2	set_raxml_2
Methanofollis_liminatans_490138677_1	set_raxml	2	set_raxml_2
Aano_F0YCX0	set_raxml	2	set_raxml_2
Rall_5391	set_raxml	2	set_raxml_2
Mver_09038	set_raxml	2	set_raxml_2
Pbla_Phybl2_8439	set_raxml	2	set_raxml_2
Mcir_Mucci2_113296	set_raxml	2	set_raxml_2
Rory_11090	set_raxml	2	set_raxml_2
Spom_NP_588361_1	set_raxml	2	set_raxml_2
Umar_257941	set_raxml	2	set_raxml_2
Ppat_XP_001754318	set_raxml	2	set_raxml_2
Umay_XP_756905	set_raxml	2	set_raxml_2
Ccin_CC1G_07120	set_raxml	2	set_raxml_2
Bsal_BS29950	set_raxml	2	set_raxml_2
Aker_27813	set_raxml	2	set_raxml_2
Apar_comp19133_c0_seq1_fr5	set_raxml	2	set_raxml_2
Ihof_6020	set_raxml	2	set_raxml_2
Methanosarcina_mazei_499345213_19_11	set_raxml	2	set_raxml_2
Methanosarcina_barkeri_499626817_12_	set_raxml	2	set_raxml_2
Methanosarcina_acetivorans_499331191	set_raxml	2	set_raxml_2
Ctel_101446	set_raxml	2	set_raxml_2
Methanoculleus_marisnigri_500169079_	set_raxml	2	set_raxml_2
Fgra_FGSG_01400	set_raxml	2	set_raxml_2
Ncra_1859NCU02088	set_raxml	2	set_raxml_2
Mpus_Micpu209945	set_raxml	2	set_raxml_2
Gthe_120372	set_raxml	2	set_raxml_2
Ehux_228606	set_raxml	2	set_raxml_2
Ehux_207807	set_raxml	2	set_raxml_2
Tgon_XP_002371618	set_raxml	2	set_raxml_2
Gthe_104225	set_raxml	2	set_raxml_2
Acas_g9771	set_raxml	2	set_raxml_2
Bnat_135991	set_raxml	2	set_raxml_2
Cfra_3630T1	set_raxml	2	set_raxml_2
Ptri_XP_002179146	set_raxml	2	set_raxml_2
Mpus_Micpu155043	set_raxml	2	set_raxml_2
Ncra_7768NCU08790	set_raxml	2	set_raxml_2
Mvib_comp8761_c1_seq1_fr5	set_raxml	2	set_raxml_2
Nspp_5347_fr6	set_raxml	2	set_raxml_2
Bnat_131745	set_raxml	2	set_raxml_2
Tgon_XP_002368273	set_raxml	2	set_raxml_2
Ddis_XP_647409	set_raxml	2	set_raxml_2
Sros_PTSG_01403	set_raxml	2	set_raxml_2
Mbre_XP_001749562	set_raxml	2	set_raxml_2
Ppat_XP_001772391	set_raxml	2	set_raxml_2
Vcar_XP_002956564	set_raxml	2	set_raxml_2
Bsal_BS83695	set_raxml	2	set_raxml_2
Ehux_204100	set_raxml	2	set_raxml_2
Pinf_XP_002901357	set_raxml	2	set_raxml_2
Mlei_ML003211a	set_raxml	2	set_raxml_2
Lmaj_XP_001683692	set_raxml	2	set_raxml_2
Mpus_Micpu59996	set_raxml	2	set_raxml_2
Gthe_109934	set_raxml	2	set_raxml_2
Sros_PTSG_06018	set_raxml	2	set_raxml_2
Cpar_15254Contig9229	set_raxml	2	set_raxml_2
Mpus_Micpu52497	set_raxml	2	set_raxml_2
Esil_CBJ49061	set_raxml	2	set_raxml_2
Vcar_XP_002950044	set_raxml	2	set_raxml_2
Esil_CBJ30401	set_raxml	2	set_raxml_2
Bsal_BS30470	set_raxml	2	set_raxml_2
Gthe_141117	set_raxml	2	set_raxml_2
Sarc_SARC_10794	set_raxml	2	set_raxml_2
Dmel_FBpp0086127	set_raxml	2	set_raxml_2
Dmel_FBpp0074807	set_raxml	2	set_raxml_2
Cpar_6433Contig37665	set_raxml	2	set_raxml_2
Rory_14281	set_raxml	2	set_raxml_2
Bsal_BS15675	set_raxml	2	set_raxml_2
Gthe_115058	set_raxml	2	set_raxml_2
Bsal_BS38715	set_raxml	2	set_raxml_2
Bsal_BS38710	set_raxml	2	set_raxml_2
Nspp_11131_fr3	set_raxml	2	set_raxml_2
Bsal_BS66035	set_raxml	2	set_raxml_2
Cang_345912	set_raxml	2	set_raxml_2
Clim_g4632	set_raxml	2	set_raxml_2
Ngad_06548	set_raxml	2	set_raxml_2
Ccin_CC1G_07286	set_raxml	2	set_raxml_2
Ddis_XP_646203	set_raxml	2	set_raxml_2
Cele_C07A9_7a	set_raxml	2	set_raxml_2
Nspp_9529_fr1	set_raxml	2	set_raxml_2
Gpro_156978	set_raxml	2	set_raxml_2
Bden_Batde5_90401	set_raxml	2	set_raxml_2
Umar_257427	set_raxml	2	set_raxml_2
Pbla_Phybl2_182546	set_raxml	2	set_raxml_2
Mcir_Mucci2_106522	set_raxml	2	set_raxml_2
Rory_3197	set_raxml	2	set_raxml_2
Spun_SPPG_04849	set_raxml	2	set_raxml_2
Pfal_Q8IDE8_Q8IDE8	set_raxml	2	set_raxml_2
Acas_g7538	set_raxml	2	set_raxml_2
Acas_g4479	set_raxml	2	set_raxml_2
Ehux_449623	set_raxml	2	set_raxml_2
Ddis_XP_002649106	set_raxml	2	set_raxml_2
Pmar_XP_002771602	set_raxml	2	set_raxml_2
Crev_44617	set_raxml	2	set_raxml_2
Cvar_EFN52201	set_raxml	2	set_raxml_2
Mvib_comp11698_c0_seq1_fr6	set_raxml	2	set_raxml_2
Sros_PTSG_06889	set_raxml	2	set_raxml_2
Tgon_XP_002365375	set_raxml	2	set_raxml_2
Mbre_XP_001746892	set_raxml	2	set_raxml_2
Esil_CBN74163	set_raxml	2	set_raxml_2
Lmaj_XP_001683417	set_raxml	2	set_raxml_2
Tcru_XP_808430	set_raxml	2	set_raxml_2
Tcru_XP_807159	set_raxml	2	set_raxml_2
Pmar_XP_002780642	set_raxml	2	set_raxml_2
Otau_XP_003078978	set_raxml	2	set_raxml_2
Tcru_XP_821025	set_raxml	2	set_raxml_2
Tcru_XP_811494	set_raxml	2	set_raxml_2
Sarc_SARC_01991	set_raxml	2	set_raxml_2
Clim_g3916	set_raxml	2	set_raxml_2
Amac_09124	set_raxml	2	set_raxml_2
Mpus_Micpu192562	set_raxml	2	set_raxml_2
Esil_CBN79949	set_raxml	2	set_raxml_2
Gpro_53695	set_raxml	2	set_raxml_2
Aker_45975	set_raxml	2	set_raxml_2
Cvar_EFN53133	set_raxml	2	set_raxml_2
Vcar_XP_002956692	set_raxml	2	set_raxml_2
Crei_XP_001689919	set_raxml	2	set_raxml_2
Ehux_120890	set_raxml	2	set_raxml_2
Ehux_452240	set_raxml	2	set_raxml_2
Clim_g5415	set_raxml	2	set_raxml_2
Acas_g7878	set_raxml	2	set_raxml_2
Cgig_10012735	set_raxml	2	set_raxml_2
Ctel_118237	set_raxml	2	set_raxml_2
Pmar_XP_002786654	set_raxml	2	set_raxml_2
Lgig_143433	set_raxml	2	set_raxml_2
Adig_6000v123107	set_raxml	2	set_raxml_2
Hmag_XP_002159692	set_raxml	2	set_raxml_2
Ctel_90747	set_raxml	2	set_raxml_2
Skow_XP_002740933	set_raxml	2	set_raxml_2
Candidatus_Micrarchaeum_acidiphilum_	set_raxml	2	set_raxml_2
Cowc_CAOG_04094	set_raxml	2	set_raxml_2
Ocar_g9404_t1	set_raxml	2	set_raxml_2
Skow_XP_002733823	set_raxml	2	set_raxml_2
Spur_XP_001181205	set_raxml	2	set_raxml_2
Spur_XP_781331	set_raxml	2	set_raxml_2
Ddis_XP_629223	set_raxml	2	set_raxml_2
Ppal_EFA81042_1	set_raxml	2	set_raxml_2
Cpar_27811Contig55046	set_raxml	2	set_raxml_2
Hsap_ENSP00000304360	set_raxml	2	set_raxml_2
Dmel_FBpp0087625	set_raxml	2	set_raxml_2
Hmag_XP_002160254	set_raxml	2	set_raxml_2
Ctel_197951	set_raxml	2	set_raxml_2
Mlei_ML368810a	set_raxml	2	set_raxml_2
Lgig_169490	set_raxml	2	set_raxml_2
Acas_g2212	set_raxml	2	set_raxml_2
Ddis_XP_638717	set_raxml	2	set_raxml_2
Dmel_FBpp0085358	set_raxml	2	set_raxml_2
Bsal_BS06595	set_raxml	2	set_raxml_2
Aker_54125	set_raxml	2	set_raxml_2
Gthe_138770	set_raxml	2	set_raxml_2
Pinf_XP_002901710	set_raxml	2	set_raxml_2
Esil_CBN75038	set_raxml	2	set_raxml_2
Ngru_XP_002670329	set_raxml	2	set_raxml_2
Tcru_XP_802331	set_raxml	2	set_raxml_2
Ppal_EFA80942_1	set_raxml	2	set_raxml_2
Acas_g5076	set_raxml	2	set_raxml_2
Ddis_XP_629629	set_raxml	2	set_raxml_2
Cang_50545	set_raxml	2	set_raxml_2
Cang_73015	set_raxml	2	set_raxml_2
Rall_1996	set_raxml	2	set_raxml_2
Ehis_175_m00101	set_raxml	2	set_raxml_2
Ehis_293_m00061	set_raxml	2	set_raxml_2
Ehis_32_m00242	set_raxml	2	set_raxml_2
Cpar_18258Contig14362	set_raxml	2	set_raxml_2
Vcar_XP_002958423	set_raxml	2	set_raxml_2
Ihof_7581	set_raxml	2	set_raxml_2
Apar_comp13957_c2_seq1_fr5	set_raxml	2	set_raxml_2
Nvec_XP_001627273	set_raxml	2	set_raxml_2
Cint_ENSCINP00000026472	set_raxml	2	set_raxml_2
Scil_46411	set_raxml	2	set_raxml_2
Bden_Batde5_87992	set_raxml	2	set_raxml_2
Crei_XP_001700164	set_raxml	2	set_raxml_2
Vcar_XP_002949210	set_raxml	2	set_raxml_2
Vcar_XP_002956736	set_raxml	2	set_raxml_2
Mbre_XP_001745265	set_raxml	2	set_raxml_2
Mgut_mgv1a002206m	set_raxml	2	set_raxml_2
Bdis_3g30360	set_raxml	2	set_raxml_2
Cvar_EFN59915	set_raxml	2	set_raxml_2
Ppat_XP_001754073	set_raxml	2	set_raxml_2
Atha_AT1G33400	set_raxml	2	set_raxml_2
Crei_XP_001689685	set_raxml	2	set_raxml_2
Vcar_XP_002953997	set_raxml	2	set_raxml_2
Otau_XP_003079708	set_raxml	2	set_raxml_2
Bnat_71449	set_raxml	2	set_raxml_2
Gpro_296781	set_raxml	2	set_raxml_2
Cpar_29282Contig7038	set_raxml	2	set_raxml_2
Mpus_Micpu192522	set_raxml	2	set_raxml_2
Ptri_XP_002182882	set_raxml	2	set_raxml_2
Pmar_XP_002768910	set_raxml	2	set_raxml_2
Pmar_XP_002777347	set_raxml	2	set_raxml_2
Aano_F0YD82	set_raxml	2	set_raxml_2
Vcar_XP_002950612	set_raxml	2	set_raxml_2
Mpus_Micpu58974	set_raxml	2	set_raxml_2
Sarc_SARC_05902	set_raxml	2	set_raxml_2
Mpus_Micpu152724	set_raxml	2	set_raxml_2
Cint_ENSCINP00000004219	set_raxml	2	set_raxml_2
Mbre_XP_001749762	set_raxml	2	set_raxml_2
Ptri_XP_002185512	set_raxml	2	set_raxml_2
Tpse_XP_002294212	set_raxml	2	set_raxml_2
Fgra_FGSG_00040	set_raxml	2	set_raxml_2
Fgra_FGSG_04651	set_raxml	2	set_raxml_2
Fgra_FGSG_01168	set_raxml	2	set_raxml_2
Spun_SPPG_03824	set_raxml	2	set_raxml_2
Gthe_136248	set_raxml	2	set_raxml_2
Tcru_XP_807434	set_raxml	2	set_raxml_2
Mgut_mgv1a010398m	set_raxml	2	set_raxml_2
Atha_AT5G06620	set_raxml	2	set_raxml_2
Sbic_01g022220	set_raxml	2	set_raxml_2
Acoe_004_00718	set_raxml	2	set_raxml_2
Rirr_342860	set_raxml	2	set_raxml_2
Rirr_344831	set_raxml	2	set_raxml_2
Bden_Batde5_35411	set_raxml	2	set_raxml_2
Mvib_comp9007_c1_seq1_fr4	set_raxml	2	set_raxml_2
Sagg_84574	set_raxml	2	set_raxml_2
Ehux_194541	set_raxml	2	set_raxml_2
Spur_XP_003730587	set_raxml	2	set_raxml_2
Spur_XP_001199204	set_raxml	2	set_raxml_2
Spur_XP_003730778	set_raxml	2	set_raxml_2
Spur_XP_799878	set_raxml	2	set_raxml_2
Tpse_XP_002292103	set_raxml	2	set_raxml_2
Spur_XP_788278	set_raxml	2	set_raxml_2
Spur_XP_003731708	set_raxml	2	set_raxml_2
Mver_02594	set_raxml	2	set_raxml_2
Lmaj_XP_001685790	set_raxml	2	set_raxml_2
Umay_XP_759888	set_raxml	2	set_raxml_2
Ddis_XP_641994	set_raxml	2	set_raxml_2
Ppal_EFA83075_1	set_raxml	2	set_raxml_2
Pmar_XP_002781574	set_raxml	2	set_raxml_2
Pmar_XP_002772010	set_raxml	2	set_raxml_2
Hsap_ENSP00000355924	set_raxml	2	set_raxml_2
Hsap_ENSP00000373637	set_raxml	2	set_raxml_2
Hsap_ENSP00000393453	set_raxml	2	set_raxml_2
Tadh_XP_002109888	set_raxml	2	set_raxml_2
Adig_18862v114854	set_raxml	2	set_raxml_2
Nvec_XP_001627600	set_raxml	2	set_raxml_2
Cint_ENSCINP00000013431	set_raxml	2	set_raxml_2
Hmag_XP_002163555	set_raxml	2	set_raxml_2
Cfra_1127T1	set_raxml	2	set_raxml_2
Spur_XP_003728116	set_raxml	2	set_raxml_2
Bsal_BS43455	set_raxml	2	set_raxml_2
Umar_278813	set_raxml	2	set_raxml_2
Esil_CBJ32293	set_raxml	2	set_raxml_2
Aker_49446	set_raxml	2	set_raxml_2
Sarc_SARC_00798	set_raxml	2	set_raxml_2
Bsal_BS60255	set_raxml	2	set_raxml_2
Fgra_FGSG_11277	set_raxml	2	set_raxml_2
Fgra_FGSG_11267	set_raxml	2	set_raxml_2
Mpus_Micpu59628	set_raxml	2	set_raxml_2
Ccin_CC1G_02952	set_raxml	2	set_raxml_2
Cpar_17438Contig12482	set_raxml	2	set_raxml_2
Aker_52254	set_raxml	2	set_raxml_2
Gthe_134519	set_raxml	2	set_raxml_2
Ncra_8418NCU09495	set_raxml	2	set_raxml_2
Spom_NP_588413_1	set_raxml	2	set_raxml_2
Fgra_FGSG_12802	set_raxml	2	set_raxml_2
Mlei_ML167015a	set_raxml	2	set_raxml_2
Sarc_SARC_12000	set_raxml	2	set_raxml_2
Pisp_2064	set_raxml	2	set_raxml_2
Ncra_269NCU00296	set_raxml	2	set_raxml_2
Ccin_CC1G_04515	set_raxml	2	set_raxml_2
Ppal_EFA80204_1	set_raxml	2	set_raxml_2
Otau_XP_003079483	set_raxml	2	set_raxml_2
Aano_F0XYZ2	set_raxml	2	set_raxml_2
Pyez_35808_g8561	set_raxml	2	set_raxml_2
Sarc_SARC_13768	set_raxml	2	set_raxml_2
Umar_226245	set_raxml	2	set_raxml_2
Rirr_210128	set_raxml	2	set_raxml_2
Smoe_XP_002970505	set_raxml	2	set_raxml_2
Atha_AT1G43245	set_raxml	2	set_raxml_2
Mgut_mgv1a023205m	set_raxml	2	set_raxml_2
Bdis_5g10050	set_raxml	2	set_raxml_2
Sbic_06g016550	set_raxml	2	set_raxml_2
Amac_06039	set_raxml	2	set_raxml_2
Amac_09338	set_raxml	2	set_raxml_2
Rirr_345445	set_raxml	2	set_raxml_2
Rirr_1590	set_raxml	2	set_raxml_2
Rirr_323896	set_raxml	2	set_raxml_2
Rirr_8856	set_raxml	2	set_raxml_2
Rirr_324218	set_raxml	2	set_raxml_2
Rirr_33049	set_raxml	2	set_raxml_2
Rirr_84100	set_raxml	2	set_raxml_2
Rirr_323213	set_raxml	2	set_raxml_2
Rirr_89547	set_raxml	2	set_raxml_2
Rirr_98806	set_raxml	2	set_raxml_2
Rirr_16582	set_raxml	2	set_raxml_2
Cowc_CAOG_04513	set_raxml	2	set_raxml_2
Ccor_71261	set_raxml	2	set_raxml_2
Gpro_66573	set_raxml	2	set_raxml_2
Umar_250739	set_raxml	2	set_raxml_2
Pbla_Phybl2_188395	set_raxml	2	set_raxml_2
Mver_05382	set_raxml	2	set_raxml_2
Rfil_3780083_1s1f1	set_raxml	2	set_raxml_2
Cfra_2578T1	set_raxml	2	set_raxml_2
Spun_SPPG_00148	set_raxml	2	set_raxml_2
Gthe_99101	set_raxml	2	set_raxml_2
Nspp_17480_fr3	set_raxml	2	set_raxml_2
Scil_69355	set_raxml	2	set_raxml_2
Gthe_150215	set_raxml	2	set_raxml_2
Bnat_90901	set_raxml	2	set_raxml_2
Hsap_ENSP00000274031	set_raxml	2	set_raxml_2
Tadh_XP_002112735	set_raxml	2	set_raxml_2
Ihof_5851	set_raxml	2	set_raxml_2
Apar_comp12770_c0_seq1_fr4	set_raxml	2	set_raxml_2
Ppal_EFA77773_1	set_raxml	2	set_raxml_2
Ddis_XP_636856	set_raxml	2	set_raxml_2
Sarc_SARC_15066	set_raxml	2	set_raxml_2
Pisp_69677	set_raxml	2	set_raxml_2
Pisp_68567	set_raxml	2	set_raxml_2
Cang_28328	set_raxml	2	set_raxml_2
Amac_01030	set_raxml	2	set_raxml_2
Amac_02546	set_raxml	2	set_raxml_2
Adig_2067v103430	set_raxml	2	set_raxml_2
Adig_2065v103432	set_raxml	2	set_raxml_2
Nvec_XP_001638198	set_raxml	2	set_raxml_2
Skow_NP_001161634	set_raxml	2	set_raxml_2
Hsap_ENSP00000384725	set_raxml	2	set_raxml_2
Adig_2069v103431	set_raxml	2	set_raxml_2
Adig_2070v103434	set_raxml	2	set_raxml_2
Esil_CBN80451	set_raxml	2	set_raxml_2
Nvec_XP_001640186	set_raxml	2	set_raxml_2
Nvec_XP_001630857	set_raxml	2	set_raxml_2
Nvec_XP_001630839	set_raxml	2	set_raxml_2
Cgig_10027610	set_raxml	2	set_raxml_2
Nvec_XP_001634375	set_raxml	2	set_raxml_2
Adig_2066v103428	set_raxml	2	set_raxml_2
Cgig_10013102	set_raxml	2	set_raxml_2
Scil_95376	set_raxml	2	set_raxml_2
Scil_48982	set_raxml	2	set_raxml_2
Cgig_10016009	set_raxml	2	set_raxml_2
Adig_17948v114072	set_raxml	2	set_raxml_2
Adig_3112v120858	set_raxml	2	set_raxml_2
Nvec_XP_001641018	set_raxml	2	set_raxml_2
Spur_XP_001200656	set_raxml	2	set_raxml_2
Spur_XP_003724787	set_raxml	2	set_raxml_2
Mlei_ML124240a	set_raxml	2	set_raxml_2
Hsap_ENSP00000358092	set_raxml	2	set_raxml_2
Lgig_114994	set_raxml	2	set_raxml_2
Skow_XP_002737396	set_raxml	2	set_raxml_2
Cgig_10001616	set_raxml	2	set_raxml_2
Ctel_103287	set_raxml	2	set_raxml_2
Lgig_169169	set_raxml	2	set_raxml_2
Skow_XP_002739286	set_raxml	2	set_raxml_2
Hsap_ENSP00000276594	set_raxml	2	set_raxml_2
Hsap_ENSP00000235372	set_raxml	2	set_raxml_2
Hmag_XP_002154805	set_raxml	2	set_raxml_2
Adig_5324v122563	set_raxml	2	set_raxml_2
Adig_17466v101523	set_raxml	2	set_raxml_2
Adig_23202v118285	set_raxml	2	set_raxml_2
Lgig_156439	set_raxml	2	set_raxml_2
Ctel_75757	set_raxml	2	set_raxml_2
Ctel_202965	set_raxml	2	set_raxml_2
Spur_XP_792487	set_raxml	2	set_raxml_2
Spur_XP_799022	set_raxml	2	set_raxml_2
Cint_ENSCINP00000000048	set_raxml	2	set_raxml_2
Aque_XP_003387382	set_raxml	2	set_raxml_2
Nvec_XP_001630482	set_raxml	2	set_raxml_2
Scil_70867	set_raxml	2	set_raxml_2
Scil_90070	set_raxml	2	set_raxml_2
Scil_67802	set_raxml	2	set_raxml_2
Scil_67503	set_raxml	2	set_raxml_2
Scil_89977	set_raxml	2	set_raxml_2
Scil_70624	set_raxml	2	set_raxml_2
Spur_XP_790201	set_raxml	2	set_raxml_2
Nvec_XP_001628558	set_raxml	2	set_raxml_2
Adig_2550v120377	set_raxml	2	set_raxml_2
Tadh_XP_002109980	set_raxml	2	set_raxml_2
Aque_XP_003387259	set_raxml	2	set_raxml_2
Ocar_g8397_t1	set_raxml	2	set_raxml_2
Lgig_153726	set_raxml	2	set_raxml_2
Cneo_XP_572264	set_raxml	2	set_raxml_2
Cele_F02D10_7	set_raxml	2	set_raxml_2
Ehux_205579	set_raxml	2	set_raxml_2
Ehux_250053	set_raxml	2	set_raxml_2
Esil_CBJ30403	set_raxml	2	set_raxml_2
Ctel_183922	set_raxml	2	set_raxml_2
Ppal_EFA76050_1	set_raxml	2	set_raxml_2
Pmar_XP_002776582	set_raxml	2	set_raxml_2
Pmar_XP_002784695	set_raxml	2	set_raxml_2
Pmar_XP_002766618	set_raxml	2	set_raxml_2
Pmar_XP_002765502	set_raxml	2	set_raxml_2
Cowc_CAOG_01403	set_raxml	2	set_raxml_2
Ihof_9158	set_raxml	2	set_raxml_2
Apar_comp18210_c0_seq1_fr4	set_raxml	2	set_raxml_2
Mbre_XP_001745025	set_raxml	2	set_raxml_2
Acas_g2756	set_raxml	2	set_raxml_2
Mpus_Micpu156466	set_raxml	2	set_raxml_2
Crev_80574	set_raxml	2	set_raxml_2
Mcir_Mucci2_112353	set_raxml	2	set_raxml_2
Rory_4950	set_raxml	2	set_raxml_2
Apar_comp14767_c0_seq1_fr6	set_raxml	2	set_raxml_2
Pbla_Phybl2_189332	set_raxml	2	set_raxml_2
Cneo_XP_569679	set_raxml	2	set_raxml_2
Sarc_SARC_14637	set_raxml	2	set_raxml_2
Cfra_1743T1	set_raxml	2	set_raxml_2
Ddis_XP_636699	set_raxml	2	set_raxml_2
Spom_NP_596514_1	set_raxml	2	set_raxml_2
Acas_g4318	set_raxml	2	set_raxml_2
Ppal_EFA82935_1	set_raxml	2	set_raxml_2
Ccin_CC1G_04780	set_raxml	2	set_raxml_2
Sagg_38208	set_raxml	2	set_raxml_2
Tcru_XP_820332	set_raxml	2	set_raxml_2
Pmar_XP_002773875	set_raxml	2	set_raxml_2
Pisp_16258	set_raxml	2	set_raxml_2
Mver_04558	set_raxml	2	set_raxml_2
Rirr_5517	set_raxml	2	set_raxml_2
Umar_222446	set_raxml	2	set_raxml_2
Tcru_XP_805685	set_raxml	2	set_raxml_2
Tcru_XP_819867	set_raxml	2	set_raxml_2
Ncra_8877NCU10039	set_raxml	2	set_raxml_2
Pmar_XP_002765240	set_raxml	2	set_raxml_2
Gthe_143201	set_raxml	2	set_raxml_2
Ptri_XP_002178104	set_raxml	2	set_raxml_2
Tmel_XP_002841392	set_raxml	2	set_raxml_2
Rfil_98732_6cf1	set_raxml	2	set_raxml_2
Pinf_XP_002908311	set_raxml	2	set_raxml_2
Mlei_ML064936a	set_raxml	2	set_raxml_2
Scil_16111	set_raxml	2	set_raxml_2
Tgon_XP_002366807	set_raxml	2	set_raxml_2
Tcru_XP_819332	set_raxml	2	set_raxml_2
Lmaj_XP_001683686	set_raxml	2	set_raxml_2
Mbre_XP_001749926	set_raxml	2	set_raxml_2
Bnat_66820	set_raxml	2	set_raxml_2
Ccin_CC1G_15023	set_raxml	2	set_raxml_2
Gthe_100566	set_raxml	2	set_raxml_2
Gpro_135736	set_raxml	2	set_raxml_2
Ehux_227470	set_raxml	2	set_raxml_2
Crei_XP_001694205	set_raxml	2	set_raxml_2
Vcar_XP_002954435	set_raxml	2	set_raxml_2
Ptri_XP_002177555	set_raxml	2	set_raxml_2
Cfra_1843T1	set_raxml	2	set_raxml_2
Sarc_SARC_05171	set_raxml	2	set_raxml_2
Acas_g11782	set_raxml	2	set_raxml_2
Cint_ENSCINP00000006865	set_raxml	2	set_raxml_2
Mvib_comp7241_c1_seq1_fr4	set_raxml	2	set_raxml_2
Ppat_XP_001758194	set_raxml	2	set_raxml_2
Smoe_XP_002960348	set_raxml	2	set_raxml_2
Smoe_XP_002967367	set_raxml	2	set_raxml_2
Cpar_16679Contig11180	set_raxml	2	set_raxml_2
Ngad_05719	set_raxml	2	set_raxml_2
Vcar_XP_002950723	set_raxml	2	set_raxml_2
Nspp_10039_fr6	set_raxml	2	set_raxml_2
Nspp_10040_fr4	set_raxml	2	set_raxml_2
Falb_H696_05585T0	set_raxml	2	set_raxml_2
Bsal_BS55385	set_raxml	2	set_raxml_2
Lmaj_XP_001683414	set_raxml	2	set_raxml_2
Tcru_XP_807160	set_raxml	2	set_raxml_2
Tcru_XP_811771	set_raxml	2	set_raxml_2
Ppal_EFA76267_1	set_raxml	2	set_raxml_2
Falb_H696_03132T0	set_raxml	2	set_raxml_2
Ddis_XP_639077	set_raxml	2	set_raxml_2
Ddis_XP_644839	set_raxml	2	set_raxml_2
Ddis_XP_644838	set_raxml	2	set_raxml_2
Ddis_XP_001733058	set_raxml	2	set_raxml_2
Bsal_BS10175	set_raxml	2	set_raxml_2
Ppal_EFA82595_1	set_raxml	2	set_raxml_2
Falb_H696_04941T0	set_raxml	2	set_raxml_2
Cgig_10027102	set_raxml	2	set_raxml_2
Spun_SPPG_08305	set_raxml	2	set_raxml_2
Nspp_9865_fr2	set_raxml	2	set_raxml_2
Cowc_CAOG_03053	set_raxml	2	set_raxml_2
Gthe_108453	set_raxml	2	set_raxml_2
Pmar_XP_002765366	set_raxml	2	set_raxml_2
Pmar_XP_002769534	set_raxml	2	set_raxml_2
Ihof_4965	set_raxml	2	set_raxml_2
Apar_comp21560_c1_seq2_fr4	set_raxml	2	set_raxml_2
Bden_Batde5_88226	set_raxml	2	set_raxml_2
Lmaj_XP_003721822	set_raxml	2	set_raxml_2
Bsal_BS12885	set_raxml	2	set_raxml_2
Tcru_XP_805550	set_raxml	2	set_raxml_2
Tcru_XP_814949	set_raxml	2	set_raxml_2
Bsal_BS64460	set_raxml	2	set_raxml_2
Acas_g11306	set_raxml	2	set_raxml_2
Fgra_FGSG_03752	set_raxml	2	set_raxml_2
Umar_252023	set_raxml	2	set_raxml_2
Crev_44170	set_raxml	2	set_raxml_2
Ptri_XP_002184309	set_raxml	2	set_raxml_2
Acas_g12889	set_raxml	2	set_raxml_2
Sarc_SARC_00510	set_raxml	2	set_raxml_2
Rirr_340241	set_raxml	2	set_raxml_2
Ddis_XP_629856	set_raxml	2	set_raxml_2
Gthe_121938	set_raxml	2	set_raxml_2
Smoe_XP_002970670	set_raxml	2	set_raxml_2
Ppat_XP_001779453	set_raxml	2	set_raxml_2
Atha_AT2G19640	set_raxml	2	set_raxml_2
Mgut_mgv1a008254m	set_raxml	2	set_raxml_2
Acoe_024_00050	set_raxml	2	set_raxml_2
Bdis_3g17710	set_raxml	2	set_raxml_2
Sbic_07g005870	set_raxml	2	set_raxml_2
Pinf_XP_002894963	set_raxml	2	set_raxml_2
Pinf_XP_002900537	set_raxml	2	set_raxml_2
Vcar_XP_002949278	set_raxml	2	set_raxml_2
Cvar_EFN53641	set_raxml	2	set_raxml_2
Ccin_CC1G_11459	set_raxml	2	set_raxml_2
Ccin_CC1G_03976	set_raxml	2	set_raxml_2
Ccin_CC1G_03986	set_raxml	2	set_raxml_2
Ccin_CC1G_07521	set_raxml	2	set_raxml_2
Ccin_CC1G_07522	set_raxml	2	set_raxml_2
Esil_CBJ31723	set_raxml	2	set_raxml_2
Ccin_CC1G_15570	set_raxml	2	set_raxml_2
Ccin_CC1G_11463	set_raxml	2	set_raxml_2
Sagg_93319	set_raxml	2	set_raxml_2
Mlei_ML12425a	set_raxml	2	set_raxml_2
Pinf_XP_002998487	set_raxml	2	set_raxml_2
Cfra_5926T1	set_raxml	2	set_raxml_2
Sarc_SARC_01700	set_raxml	2	set_raxml_2
Mpus_Micpu58454	set_raxml	2	set_raxml_2
Mbre_XP_001748272	set_raxml	2	set_raxml_2
Gthe_164767	set_raxml	2	set_raxml_2
Spun_SPPG_00764	set_raxml	2	set_raxml_2
Apar_comp17667_c0_seq1_fr5	set_raxml	2	set_raxml_2
Ihof_8584	set_raxml	2	set_raxml_2
Cowc_CAOG_03954	set_raxml	2	set_raxml_2
Smoe_XP_002961588	set_raxml	2	set_raxml_2
Smoe_XP_002971004	set_raxml	2	set_raxml_2
Smoe_XP_002962082	set_raxml	2	set_raxml_2
Smoe_XP_002962081	set_raxml	2	set_raxml_2
Smoe_XP_002971005	set_raxml	2	set_raxml_2
Fgra_FGSG_03833	set_raxml	2	set_raxml_2
Cpar_23305Contig38514	set_raxml	2	set_raxml_2
Ddis_XP_647677	set_raxml	2	set_raxml_2
Fgra_FGSG_07032	set_raxml	2	set_raxml_2
Apar_comp13703_c0_seq1_fr5	set_raxml	2	set_raxml_2
Pfal_Q8I352_Q8I352	set_raxml	2	set_raxml_2
Ccor_74124	set_raxml	2	set_raxml_2
Ttra_AMSG_10069	set_raxml	2	set_raxml_2
Ngru_XP_002671048	set_raxml	2	set_raxml_2
Tcru_XP_811365	set_raxml	2	set_raxml_2
Tcru_XP_819619	set_raxml	2	set_raxml_2
Lmaj_XP_001680872	set_raxml	2	set_raxml_2
Bsal_BS47385	set_raxml	2	set_raxml_2
Cvar_EFN56428	set_raxml	2	set_raxml_2
Crei_XP_001703683	set_raxml	2	set_raxml_2
Rirr_345750	set_raxml	2	set_raxml_2
Tpse_XP_002296687	set_raxml	2	set_raxml_2
Ngru_XP_002681273	set_raxml	2	set_raxml_2
Gthe_148776	set_raxml	2	set_raxml_2
Umay_XP_758615	set_raxml	2	set_raxml_2
Apar_comp18491_c0_seq1_fr5	set_raxml	2	set_raxml_2
Cneo_XP_569210	set_raxml	2	set_raxml_2
Ccin_CC1G_05287	set_raxml	2	set_raxml_2
Tcru_XP_821968	set_raxml	2	set_raxml_2
Tcru_XP_815712	set_raxml	2	set_raxml_2
Nspp_11197_fr2	set_raxml	2	set_raxml_2
Bsal_BS57140	set_raxml	2	set_raxml_2
Lmaj_XP_001681739	set_raxml	2	set_raxml_2
Ehux_448796	set_raxml	2	set_raxml_2
Ehux_449359	set_raxml	2	set_raxml_2
Mpus_Micpu57921	set_raxml	2	set_raxml_2
Tcru_XP_810972	set_raxml	2	set_raxml_2
Tcru_XP_822054	set_raxml	2	set_raxml_2
Lmaj_XP_001683140	set_raxml	2	set_raxml_2
Dmel_FBpp0075717	set_raxml	2	set_raxml_2
Apar_comp22662_c0_seq1_fr6	set_raxml	2	set_raxml_2
Gpro_135584	set_raxml	2	set_raxml_2
Ddis_XP_635865	set_raxml	2	set_raxml_2
Ppal_EFA84886_1	set_raxml	2	set_raxml_2
Acas_g1251	set_raxml	2	set_raxml_2
Ccor_78081	set_raxml	2	set_raxml_2
Cowc_CAOG_03801	set_raxml	2	set_raxml_2
Apar_comp19575_c0_seq1_fr6	set_raxml	2	set_raxml_2
Ihof_3148	set_raxml	2	set_raxml_2
Amac_04388	set_raxml	2	set_raxml_2
Rirr_72238	set_raxml	2	set_raxml_2
Umar_220360	set_raxml	2	set_raxml_2
Mver_00548	set_raxml	2	set_raxml_2
Gpro_54135	set_raxml	2	set_raxml_2
Mver_03338	set_raxml	2	set_raxml_2
Spun_SPPG_03192	set_raxml	2	set_raxml_2
Acas_g3116	set_raxml	2	set_raxml_2
Mver_07358	set_raxml	2	set_raxml_2
Pbla_Phybl2_98969	set_raxml	2	set_raxml_2
Rory_16826	set_raxml	2	set_raxml_2
Mcir_Mucci2_142882	set_raxml	2	set_raxml_2
Umar_191570	set_raxml	2	set_raxml_2
Cgig_10010761	set_raxml	2	set_raxml_2
Lgig_160845	set_raxml	2	set_raxml_2
Lgig_232186	set_raxml	2	set_raxml_2
Cgig_10010760	set_raxml	2	set_raxml_2
Bdis_5g22730	set_raxml	2	set_raxml_2
Sbic_06g029440	set_raxml	2	set_raxml_2
Acoe_005_00445	set_raxml	2	set_raxml_2
Atha_AT3G21820	set_raxml	2	set_raxml_2
Bsal_BS55355	set_raxml	2	set_raxml_2
Otau_XP_003083145	set_raxml	2	set_raxml_2
Mpus_Micpu20125	set_raxml	2	set_raxml_2
Mgut_mgv1a005946m	set_raxml	2	set_raxml_2
Smoe_XP_002966643	set_raxml	2	set_raxml_2
Smoe_XP_002978099	set_raxml	2	set_raxml_2
Ppat_XP_001759368	set_raxml	2	set_raxml_2
Cvar_EFN50876	set_raxml	2	set_raxml_2
Acas_g1616	set_raxml	2	set_raxml_2
Spur_XP_784346	set_raxml	2	set_raxml_2
Tadh_XP_002114620	set_raxml	2	set_raxml_2
Cowc_CAOG_07464	set_raxml	2	set_raxml_2
Dmel_FBpp0083507	set_raxml	2	set_raxml_2
Scil_51718	set_raxml	2	set_raxml_2
Skow_XP_002735533	set_raxml	2	set_raxml_2
Hsap_ENSP00000374152	set_raxml	2	set_raxml_2
Nvec_XP_001627062	set_raxml	2	set_raxml_2
Ctel_159764	set_raxml	2	set_raxml_2
Cgig_10009476	set_raxml	2	set_raxml_2
Adig_9231v106136	set_raxml	2	set_raxml_2
Hmag_XP_002160911	set_raxml	2	set_raxml_2
Ihof_6005	set_raxml	2	set_raxml_2
Lgig_231752	set_raxml	2	set_raxml_2
Amac_01567	set_raxml	2	set_raxml_2
Amac_04063	set_raxml	2	set_raxml_2
Cang_44709	set_raxml	2	set_raxml_2
Nspp_10623_fr6	set_raxml	2	set_raxml_2
Nspp_10625_fr4	set_raxml	2	set_raxml_2
Nspp_10626_fr4	set_raxml	2	set_raxml_2
Nspp_10624_fr6	set_raxml	2	set_raxml_2
Sros_PTSG_08216	set_raxml	2	set_raxml_2
Cfra_1710T1	set_raxml	2	set_raxml_2
Ihof_7302	set_raxml	2	set_raxml_2
Pmar_XP_002778246	set_raxml	2	set_raxml_2
Pmar_XP_002770949	set_raxml	2	set_raxml_2
Apar_comp22796_c1_seq1_fr5	set_raxml	2	set_raxml_2
Acas_g8002	set_raxml	2	set_raxml_2
Aker_56423	set_raxml	2	set_raxml_2
Apar_comp13070_c1_seq1_fr6	set_raxml	2	set_raxml_2
Ptri_XP_002176313	set_raxml	2	set_raxml_2
Bnat_76140	set_raxml	2	set_raxml_2
Lmaj_XP_001682529	set_raxml	2	set_raxml_2
Tcru_XP_815256	set_raxml	2	set_raxml_2
Tcru_XP_819951	set_raxml	2	set_raxml_2
Cfra_4843T1	set_raxml	2	set_raxml_2
Sarc_SARC_01035	set_raxml	2	set_raxml_2
Ehux_223194	set_raxml	2	set_raxml_2
Bnat_68204	set_raxml	2	set_raxml_2
Ehis_357_m00040	set_raxml	2	set_raxml_2
Ttra_AMSG_10303	set_raxml	2	set_raxml_2
Sarc_SARC_10855	set_raxml	2	set_raxml_2
Cfra_2216T1	set_raxml	2	set_raxml_2
Mver_00444	set_raxml	2	set_raxml_2
Acas_g9677	set_raxml	2	set_raxml_2
Esil_CBN78619	set_raxml	2	set_raxml_2
Ehux_235309	set_raxml	2	set_raxml_2
Ehux_211778	set_raxml	2	set_raxml_2
Glam_XP_001705534	set_raxml	2	set_raxml_2
Aano_F0XZE1	set_raxml	2	set_raxml_2
Aano_F0XYZ4	set_raxml	2	set_raxml_2
Aker_62099	set_raxml	2	set_raxml_2
Mpus_Micpu183344	set_raxml	2	set_raxml_2
Tgon_XP_002364398	set_raxml	2	set_raxml_2
Bsal_BS24245	set_raxml	2	set_raxml_2
Tcru_XP_813290	set_raxml	2	set_raxml_2
Tcru_XP_810100	set_raxml	2	set_raxml_2
Lmaj_XP_003722631	set_raxml	2	set_raxml_2
Sros_PTSG_12820	set_raxml	2	set_raxml_2
Cvar_EFN57733	set_raxml	2	set_raxml_2
Sarc_SARC_07640	set_raxml	2	set_raxml_2
Cfra_6909T1	set_raxml	2	set_raxml_2
Gthe_102184	set_raxml	2	set_raxml_2
Acas_g11510	set_raxml	2	set_raxml_2
Cpar_7835Contig39496	set_raxml	2	set_raxml_2
Gthe_166263	set_raxml	2	set_raxml_2
Tpse_XP_002291548	set_raxml	2	set_raxml_2
Gthe_92079	set_raxml	2	set_raxml_2
Pinf_XP_002896918	set_raxml	2	set_raxml_2
Esil_CBJ33015	set_raxml	2	set_raxml_2
Otau_XP_003082109	set_raxml	2	set_raxml_2
Falb_H696_02995T0	set_raxml	2	set_raxml_2
Aker_61735	set_raxml	2	set_raxml_2
Bnat_91652	set_raxml	2	set_raxml_2
Bnat_79440	set_raxml	2	set_raxml_2
Tgon_XP_002369144	set_raxml	2	set_raxml_2
Bnat_91178	set_raxml	2	set_raxml_2
Sagg_28859	set_raxml	2	set_raxml_2
Bnat_69864	set_raxml	2	set_raxml_2
Tthe_XP_001019150	set_raxml	2	set_raxml_2
Ptet_A0BXH7_A0BXH7	set_raxml	2	set_raxml_2
Ptet_A0C830_A0C830	set_raxml	2	set_raxml_2
Tpse_XP_002293206	set_raxml	2	set_raxml_2
Atha_AT5G24330	set_raxml	2	set_raxml_2
Bdis_3g02220	set_raxml	2	set_raxml_2
Sbic_04g001900	set_raxml	2	set_raxml_2
Acoe_013_00049	set_raxml	2	set_raxml_2
Sbic_03g046950	set_raxml	2	set_raxml_2
Mgut_mgv1a024041m	set_raxml	2	set_raxml_2
Mgut_mgv11b021588m	set_raxml	2	set_raxml_2
Mgut_mgv1a025560m	set_raxml	2	set_raxml_2
Mgut_mgv1a024362m	set_raxml	2	set_raxml_2
Mgut_mgv1a023273m	set_raxml	2	set_raxml_2
Mgut_mgv1a026305m	set_raxml	2	set_raxml_2
Ppat_XP_001784397	set_raxml	2	set_raxml_2
Smoe_XP_002968131	set_raxml	2	set_raxml_2
Bdis_2g61717	set_raxml	2	set_raxml_2
Atha_AT5G09790	set_raxml	2	set_raxml_2
Acoe_014_00396	set_raxml	2	set_raxml_2
Mgut_mgv1a009128m	set_raxml	2	set_raxml_2
Acas_g413	set_raxml	2	set_raxml_2
Falb_H696_00716T0	set_raxml	28	set_raxml_28
Cmer_CMG025C	set_raxml	28	set_raxml_28
Pyez_40134_g9249	set_raxml	28	set_raxml_28
Ccri_T00001983001	set_raxml	28	set_raxml_28
Ttra_AMSG_09203	set_raxml	28	set_raxml_28
Rirr_66612	set_raxml	28	set_raxml_28
Crei_XP_001702027	set_raxml	28	set_raxml_28
Vcar_XP_002954958	set_raxml	28	set_raxml_28
Apar_comp23409_c1_seq1_fr4	set_raxml	28	set_raxml_28
Ihof_383	set_raxml	28	set_raxml_28
Scil_54447	set_raxml	13	set_raxml_13
Ocar_g9304_t1	set_raxml	13	set_raxml_13
Nvec_XP_001636609	set_raxml	13	set_raxml_13
Hmag_XP_002161122	set_raxml	13	set_raxml_13
Rfil_3789713_2s	set_raxml	13	set_raxml_13
Smoe_XP_002963921	set_raxml	13	set_raxml_13
Smoe_XP_002962407	set_raxml	13	set_raxml_13
Smoe_XP_002965618	set_raxml	13	set_raxml_13
Acoe_017_00002	set_raxml	13	set_raxml_13
Mgut_mgv1a023175m	set_raxml	13	set_raxml_13
Atha_AT5G42400	set_raxml	13	set_raxml_13
Sbic_08g002530	set_raxml	13	set_raxml_13
Bdis_4g01790	set_raxml	13	set_raxml_13
Ppat_XP_001768289	set_raxml	13	set_raxml_13
Ppat_XP_001771062	set_raxml	13	set_raxml_13
Cele_C26E6_9c	set_raxml	13	set_raxml_13
Aque_XP_003385238	set_raxml	13	set_raxml_13
Acas_g11544	set_raxml	13	set_raxml_13
Ctel_150651	set_raxml	13	set_raxml_13
Apar_comp26195_c0_seq1_fr6	set_raxml	13	set_raxml_13
Ihof_9721	set_raxml	13	set_raxml_13
Ihof_3741	set_raxml	13	set_raxml_13
Sros_PTSG_11893	set_raxml	13	set_raxml_13
Mvib_comp3625_c0_seq1_fr6	set_raxml	13	set_raxml_13
Dmel_FBpp0112592	set_raxml	13	set_raxml_13
Cint_ENSCINP00000011316	set_raxml	13	set_raxml_13
Spur_XP_003727587	set_raxml	13	set_raxml_13
Hsap_ENSP00000267197	set_raxml	13	set_raxml_13
Hsap_ENSP00000262519	set_raxml	13	set_raxml_13
Lgig_138486	set_raxml	13	set_raxml_13
Cgig_10017490	set_raxml	13	set_raxml_13
Mlei_ML056953a	set_raxml	13	set_raxml_13
Tadh_XP_002117297	set_raxml	13	set_raxml_13
Acas_g15151	set_raxml	13	set_raxml_13
Lgig_175490	set_raxml	13	set_raxml_13
Lgig_175732	set_raxml	13	set_raxml_13
Cneo_XP_570558	set_raxml	13	set_raxml_13
Ccin_CC1G_15535	set_raxml	13	set_raxml_13
Ngad_00849_01	set_raxml	13	set_raxml_13
Nspp_552_fr5	set_raxml	13	set_raxml_13
Ddis_XP_636258	set_raxml	13	set_raxml_13
Crev_25774	set_raxml	13	set_raxml_13
Ppal_EFA75361_1	set_raxml	13	set_raxml_13
Pisp_26066	set_raxml	13	set_raxml_13
Mver_03320	set_raxml	13	set_raxml_13
Ncra_1100NCU01206	set_raxml	13	set_raxml_13
Scer_SCRT_04833	set_raxml	13	set_raxml_13
Tmel_XP_002840838	set_raxml	13	set_raxml_13
Fgra_FGSG_07445	set_raxml	13	set_raxml_13
Spom_NP_587812_1	set_raxml	13	set_raxml_13
Spun_SPPG_04443	set_raxml	13	set_raxml_13
Umar_174815	set_raxml	13	set_raxml_13
Pbla_Phybl2_20422	set_raxml	13	set_raxml_13
Pbla_Phybl2_34196	set_raxml	13	set_raxml_13
Rory_11085	set_raxml	13	set_raxml_13
Ehux_206556	set_raxml	13	set_raxml_13
Mcir_Mucci2_137855	set_raxml	13	set_raxml_13
Rory_5510	set_raxml	13	set_raxml_13
Lmaj_XP_001684837	set_raxml	13	set_raxml_13
Ptri_XP_002184116	set_raxml	13	set_raxml_13
Ptri_XP_002184115	set_raxml	13	set_raxml_13
Aano_F0YDE7	set_raxml	13	set_raxml_13
Ehux_311470	set_raxml	13	set_raxml_13
Esil_CBN74374	set_raxml	13	set_raxml_13
Umay_XP_758824	set_raxml	13	set_raxml_13
Cowc_CAOG_03580	set_raxml	13	set_raxml_13
Ehux_70530	set_raxml	13	set_raxml_13
Mbre_XP_001748661	set_raxml	13	set_raxml_13
Ccor_82240	set_raxml	13	set_raxml_13
Bden_Batde5_35515	set_raxml	13	set_raxml_13
Gpro_96002	set_raxml	13	set_raxml_13
Rall_5515	set_raxml	13	set_raxml_13
Cfra_6039T1	set_raxml	13	set_raxml_13
Sarc_SARC_05279	set_raxml	13	set_raxml_13
Amac_13344	set_raxml	13	set_raxml_13
Amac_13595	set_raxml	13	set_raxml_13
Cang_102567	set_raxml	13	set_raxml_13
Clim_g610	set_raxml	13	set_raxml_13
Ngru_XP_002683109	set_raxml	13	set_raxml_13
Glam_XP_001708058	set_raxml	31	set_raxml_31
Pinf_XP_002905874	set_raxml	31	set_raxml_31
Pinf_XP_002895674	set_raxml	31	set_raxml_31
Cgig_10001890	set_raxml	31	set_raxml_31
Tgon_XP_002366334	set_raxml	31	set_raxml_31
Ccor_69947	set_raxml	31	set_raxml_31
Tvag_XP_001584257	set_raxml	31	set_raxml_31
Pfal_C6KTD2_HKNMT	set_raxml	31	set_raxml_31
Cpar_29058Contig6840	set_raxml	31	set_raxml_31
Bdis_4g37627	set_raxml	31	set_raxml_31
Sbic_02g032470	set_raxml	31	set_raxml_31
Acoe_016_00095	set_raxml	31	set_raxml_31
Ppat_XP_001756249	set_raxml	31	set_raxml_31
Ppat_XP_001766471	set_raxml	31	set_raxml_31
Ppat_XP_001758752	set_raxml	31	set_raxml_31
Bnat_37368	set_raxml	31	set_raxml_31
Bdis_3g13430	set_raxml	23	set_raxml_23
Nspp_18097_fr5	set_raxml	23	set_raxml_23
Cint_ENSCINP00000003156	set_raxml	23	set_raxml_23
Adig_1072v119182	set_raxml	23	set_raxml_23
Nvec_XP_001629652	set_raxml	23	set_raxml_23
Skow_XP_002736118	set_raxml	23	set_raxml_23
Cowc_CAOG_01362	set_raxml	23	set_raxml_23
Dmel_FBpp0070347	set_raxml	23	set_raxml_23
Ctel_153177	set_raxml	23	set_raxml_23
Cgig_10022561	set_raxml	23	set_raxml_23
Lgig_215812	set_raxml	23	set_raxml_23
Gpro_66054	set_raxml	23	set_raxml_23
Clim_g3288	set_raxml	23	set_raxml_23
Scil_6054	set_raxml	23	set_raxml_23
Hsap_ENSP00000301067	set_raxml	23	set_raxml_23
Spur_XP_795757	set_raxml	23	set_raxml_23
Spur_XP_003724176	set_raxml	23	set_raxml_23
Spur_XP_003724175	set_raxml	23	set_raxml_23
Hsap_ENSP00000347325	set_raxml	23	set_raxml_23
Tadh_XP_002117983	set_raxml	23	set_raxml_23
Hmag_XP_002169286	set_raxml	23	set_raxml_23
Mlei_ML015714a	set_raxml	23	set_raxml_23
Cele_T12D8_1	set_raxml	23	set_raxml_23
Ccri_T00005548001	set_raxml	23	set_raxml_23
Sagg_21866	set_raxml	9	set_raxml_9
Tpse_XP_002291362	set_raxml	9	set_raxml_9
Ptri_XP_002181282	set_raxml	9	set_raxml_9
Esil_CBN75119	set_raxml	9	set_raxml_9
Mpus_Micpu21435	set_raxml	12	set_raxml_12
Cvar_EFN53400	set_raxml	12	set_raxml_12
Vcar_XP_002947900	set_raxml	12	set_raxml_12
Crei_XP_001703016	set_raxml	12	set_raxml_12
Otau_XP_003078017	set_raxml	12	set_raxml_12
Bdis_2g45430	set_raxml	34	set_raxml_34
Atha_AT4G27910	set_raxml	34	set_raxml_34
Smoe_XP_002964071	set_raxml	34	set_raxml_34
Smoe_XP_002975450	set_raxml	34	set_raxml_34
Smoe_XP_002980880	set_raxml	34	set_raxml_34
Smoe_XP_002961390	set_raxml	34	set_raxml_34
Ppat_XP_001777592	set_raxml	34	set_raxml_34
Atha_AT3G61740	set_raxml	34	set_raxml_34
Acoe_021_00020	set_raxml	34	set_raxml_34
Atha_AT5G53430	set_raxml	34	set_raxml_34
Mgut_mgv1a000575m	set_raxml	34	set_raxml_34
Acoe_037_00166	set_raxml	34	set_raxml_34
Sbic_03g029850	set_raxml	34	set_raxml_34
Acoe_013_00096	set_raxml	34	set_raxml_34
Bdis_2g07082	set_raxml	34	set_raxml_34
Sbic_03g001640	set_raxml	34	set_raxml_34
Cmer_CMD005C	set_raxml	42	set_raxml_42
Mvib_comp12897_c0_seq1_fr5	set_raxml	42	set_raxml_42
Pmar_XP_002765683	set_raxml	7	set_raxml_7
Pmar_XP_002785717	set_raxml	7	set_raxml_7
Gthe_78620	set_raxml	7	set_raxml_7
Acas_g6446	set_raxml	7	set_raxml_7
Ttra_AMSG_03613	set_raxml	7	set_raxml_7
Rall_3554	set_raxml	7	set_raxml_7
Ptet_A0D3D7_A0D3D7	set_raxml	7	set_raxml_7
Tthe_XP_001029767	set_raxml	7	set_raxml_7
Ncra_889NCU00970	set_raxml	7	set_raxml_7
Ctel_112305_2	set_raxml	7	set_raxml_7
Hmag_XP_002170435	set_raxml	7	set_raxml_7
Cgig_10007233	set_raxml	7	set_raxml_7
Spur_XP_003731178	set_raxml	7	set_raxml_7
Spur_XP_003725758	set_raxml	7	set_raxml_7
Hmag_XP_002166795	set_raxml	7	set_raxml_7
Hmag_XP_002164363	set_raxml	7	set_raxml_7
Hmag_XP_002168824	set_raxml	7	set_raxml_7
Hmag_XP_002155522	set_raxml	7	set_raxml_7
Ctel_195572	set_raxml	7	set_raxml_7
Ctel_210805	set_raxml	7	set_raxml_7
Cgig_10003128	set_raxml	7	set_raxml_7
Cgig_10000979	set_raxml	7	set_raxml_7
Spur_XP_003730416	set_raxml	7	set_raxml_7
Cgig_10022534	set_raxml	7	set_raxml_7
Cgig_10001891	set_raxml	7	set_raxml_7
Cgig_10003511	set_raxml	7	set_raxml_7
Ocar_g7553_t1	set_raxml	7	set_raxml_7
Pfal_Q8I1Z0_Q8I1Z0	set_raxml	7	set_raxml_7
Tgon_XP_002371298	set_raxml	7	set_raxml_7
Mlei_ML024912a	set_raxml	7	set_raxml_7
Nvec_XP_001629745	set_raxml	7	set_raxml_7
Ctel_172225	set_raxml	7	set_raxml_7
Cint_ENSCINP00000025690	set_raxml	7	set_raxml_7
Dmel_FBpp0082387	set_raxml	7	set_raxml_7
Lgig_117025	set_raxml	7	set_raxml_7
Spur_XP_797080	set_raxml	7	set_raxml_7
Cgig_10016754	set_raxml	7	set_raxml_7
Hsap_ENSP00000332995	set_raxml	7	set_raxml_7
Hmag_XP_002154569	set_raxml	7	set_raxml_7
Hmag_XP_002158221	set_raxml	7	set_raxml_7
Tadh_XP_002114992	set_raxml	7	set_raxml_7
Clim_g3130	set_raxml	7	set_raxml_7
Ppal_EFA79695_1	set_raxml	7	set_raxml_7
Cele_T26A5_7a	set_raxml	7	set_raxml_7
Ctel_214008	set_raxml	7	set_raxml_7
Ctel_49838	set_raxml	7	set_raxml_7
Skow_XP_002737721	set_raxml	7	set_raxml_7
Tpse_XP_002295207	set_raxml	7	set_raxml_7
Ihof_7590	set_raxml	7	set_raxml_7
Apar_comp22257_c0_seq1_fr4	set_raxml	7	set_raxml_7
Scil_63960	set_raxml	7	set_raxml_7
Cpar_24798Contig41234	set_raxml	7	set_raxml_7
Ehux_233107	set_raxml	7	set_raxml_7
Cpar_20263Contig25695	set_raxml	7	set_raxml_7
Cpar_12930Contig6860	set_raxml	7	set_raxml_7
Sros_PTSG_09393	set_raxml	7	set_raxml_7
Mbre_XP_001744129	set_raxml	7	set_raxml_7
Mvib_comp6636_c1_seq1_fr4	set_raxml	7	set_raxml_7
Clim_g757	set_raxml	7	set_raxml_7
Cfra_1842T1	set_raxml	7	set_raxml_7
Cowc_CAOG_07681	set_raxml	7	set_raxml_7
Sarc_SARC_03923	set_raxml	7	set_raxml_7
Cgig_10021314	set_raxml	7	set_raxml_7
Mlei_ML19101a	set_raxml	7	set_raxml_7
Aque_XP_003387132	set_raxml	7	set_raxml_7
Spur_XP_003728212	set_raxml	7	set_raxml_7
Spur_XP_001198325	set_raxml	7	set_raxml_7
Sros_PTSG_12693	set_raxml	7	set_raxml_7
Gthe_75734	set_raxml	0	set_raxml_0
Cvar_EFN53930	set_raxml	0	set_raxml_0
Vcar_XP_002956071	set_raxml	0	set_raxml_0
Crei_XP_001693149	set_raxml	0	set_raxml_0
Bdis_4g08510	set_raxml	0	set_raxml_0
Mgut_mgv1a000532m	set_raxml	0	set_raxml_0
Atha_AT1G05830	set_raxml	0	set_raxml_0
Atha_AT2G31650	set_raxml	0	set_raxml_0
Smoe_XP_002992195	set_raxml	0	set_raxml_0
Smoe_XP_002982095	set_raxml	0	set_raxml_0
Sbic_02g016820	set_raxml	0	set_raxml_0
Acoe_058_00150	set_raxml	0	set_raxml_0
Ppat_XP_001766115	set_raxml	0	set_raxml_0
Ppat_XP_001767466	set_raxml	0	set_raxml_0
Ppat_XP_001780587	set_raxml	0	set_raxml_0
Smoe_XP_002974368	set_raxml	0	set_raxml_0
Smoe_XP_002975241	set_raxml	0	set_raxml_0
Acas_g11528	set_raxml	16	set_raxml_16
Acas_g2013	set_raxml	16	set_raxml_16
Apar_comp16066_c0_seq1_fr6	set_raxml	16	set_raxml_16
Cfra_2688T1	set_raxml	16	set_raxml_16
Sarc_SARC_04312	set_raxml	16	set_raxml_16
Ihof_1761	set_raxml	16	set_raxml_16
Mbre_XP_001747654	set_raxml	16	set_raxml_16
Skow_XP_002740398	set_raxml	16	set_raxml_16
Ctel_179499	set_raxml	16	set_raxml_16
Cint_ENSCINP00000025384	set_raxml	16	set_raxml_16
Tadh_XP_002112190	set_raxml	16	set_raxml_16
Aque_XP_003389474	set_raxml	16	set_raxml_16
Dmel_FBpp0082406	set_raxml	16	set_raxml_16
Hsap_ENSP00000436786	set_raxml	16	set_raxml_16
Cgig_10008103	set_raxml	16	set_raxml_16
Lgig_209271	set_raxml	16	set_raxml_16
Ocar_g10414_t1	set_raxml	16	set_raxml_16
Mlei_ML41301a	set_raxml	16	set_raxml_16
Pyez_28201_g6931	set_raxml	16	set_raxml_16
Sros_PTSG_07559	set_raxml	16	set_raxml_16
Adig_278v118577	set_raxml	16	set_raxml_16
Nvec_XP_001622958	set_raxml	16	set_raxml_16
Nvec_XP_001623359	set_raxml	16	set_raxml_16
Hmag_XP_002161520	set_raxml	16	set_raxml_16
Scil_30598	set_raxml	16	set_raxml_16
Hsap_ENSP00000222270	set_raxml	16	set_raxml_16
Mvib_comp12474_c0_seq1_fr5	set_raxml	4	set_raxml_4
Gthe_66907	set_raxml	4	set_raxml_4
Bden_Batde5_8511	set_raxml	4	set_raxml_4
Ctel_228696	set_raxml	4	set_raxml_4
Clim_g4811	set_raxml	4	set_raxml_4
Cfra_7019T1	set_raxml	4	set_raxml_4
Ihof_10267	set_raxml	4	set_raxml_4
Apar_comp16015_c3_seq1_fr4	set_raxml	4	set_raxml_4
Dmel_FBpp0070146	set_raxml	4	set_raxml_4
Lgig_116803	set_raxml	4	set_raxml_4
Hsap_ENSP00000305899	set_raxml	4	set_raxml_4
Spur_XP_800216	set_raxml	4	set_raxml_4
Skow_XP_002732220	set_raxml	4	set_raxml_4
Cgig_10007764	set_raxml	4	set_raxml_4
Cele_C32D5_5	set_raxml	4	set_raxml_4
Cint_ENSCINP00000001120	set_raxml	4	set_raxml_4
Hsap_ENSP00000255613	set_raxml	4	set_raxml_4
Tadh_XP_002115573	set_raxml	4	set_raxml_4
Mlei_ML02412a	set_raxml	4	set_raxml_4
Ocar_g3228_t1	set_raxml	4	set_raxml_4
Nvec_XP_001634769	set_raxml	4	set_raxml_4
Hmag_XP_002166241	set_raxml	4	set_raxml_4
Cowc_CAOG_02948	set_raxml	4	set_raxml_4
Sros_PTSG_09637	set_raxml	4	set_raxml_4
Ccin_CC1G_11834	set_raxml	4	set_raxml_4
Gpro_132992	set_raxml	4	set_raxml_4
Umay_XP_756690	set_raxml	4	set_raxml_4
Mver_08497	set_raxml	4	set_raxml_4
Spom_NP_588078_1	set_raxml	4	set_raxml_4
Nspp_13715_fr4	set_raxml	4	set_raxml_4
Falb_H696_04933T0	set_raxml	4	set_raxml_4
Crev_43176	set_raxml	4	set_raxml_4
Spun_SPPG_04024	set_raxml	4	set_raxml_4
Mcir_Mucci2_150356	set_raxml	4	set_raxml_4
Pbla_Phybl2_112008	set_raxml	4	set_raxml_4
Umar_223368	set_raxml	4	set_raxml_4
Rory_16697	set_raxml	4	set_raxml_4
Cang_122703	set_raxml	4	set_raxml_4
Amac_11412	set_raxml	4	set_raxml_4
Amac_13870	set_raxml	4	set_raxml_4
Pisp_49244	set_raxml	4	set_raxml_4
Mcir_Mucci2_135209	set_raxml	4	set_raxml_4
Cang_122643	set_raxml	4	set_raxml_4
Cang_125152	set_raxml	4	set_raxml_4
Rory_2737	set_raxml	4	set_raxml_4
Rory_5415	set_raxml	4	set_raxml_4
Rall_3287	set_raxml	4	set_raxml_4
Ccor_10342	set_raxml	4	set_raxml_4
Tmel_XP_002839141	set_raxml	4	set_raxml_4
Fgra_FGSG_06529	set_raxml	4	set_raxml_4
Ncra_7565NCU08551	set_raxml	4	set_raxml_4
Apar_comp20464_c0_seq1_fr6	set_raxml	4	set_raxml_4
Nspp_14168_fr5	set_raxml	4	set_raxml_4
Rfil_92400_1cf1	set_raxml	4	set_raxml_4
Cang_107102	set_raxml	4	set_raxml_4
Amac_15452	set_raxml	4	set_raxml_4
Amac_06505	set_raxml	4	set_raxml_4
Esil_CBJ49018	set_raxml	4	set_raxml_4
Esil_CBJ48999	set_raxml	4	set_raxml_4
Mpus_Micpu57043	set_raxml	4	set_raxml_4
Pinf_XP_002907066	set_raxml	30	set_raxml_30
Ccri_T00003237001	set_raxml	30	set_raxml_30
Pyez_31104_g7601	set_raxml	30	set_raxml_30
Tvag_XP_001581581	set_raxml	30	set_raxml_30
Ngru_XP_002678629	set_raxml	30	set_raxml_30
Fgra_FGSG_00899	set_raxml	30	set_raxml_30
Ncra_6617NCU07496	set_raxml	30	set_raxml_30
Tgon_XP_002371500	set_raxml	30	set_raxml_30
Clim_g2752	set_raxml	1	set_raxml_1
Mver_03357	set_raxml	1	set_raxml_1
Aker_101000	set_raxml	1	set_raxml_1
Cpar_713Contig10998	set_raxml	1	set_raxml_1
Ehux_218460	set_raxml	1	set_raxml_1
Cang_150051	set_raxml	1	set_raxml_1
Umar_244349	set_raxml	1	set_raxml_1
Rory_6679	set_raxml	1	set_raxml_1
Mcir_Mucci2_142530	set_raxml	1	set_raxml_1
Pbla_Phybl2_171920	set_raxml	1	set_raxml_1
Bnat_136948	set_raxml	1	set_raxml_1
Bnat_144574	set_raxml	1	set_raxml_1
Bden_Batde5_22093	set_raxml	1	set_raxml_1
Rfil_3729028_5s1f1	set_raxml	1	set_raxml_1
Ncra_4300NCU04825	set_raxml	1	set_raxml_1
Umay_XP_760304	set_raxml	1	set_raxml_1
Ccor_56944	set_raxml	1	set_raxml_1
Ttra_AMSG_09360	set_raxml	26	set_raxml_26
Cmer_CMQ156C	set_raxml	26	set_raxml_26
Scil_111041	set_raxml	26	set_raxml_26
Scil_108301	set_raxml	26	set_raxml_26
Pyez_42793_g9647	set_raxml	26	set_raxml_26
Pyez_46867_g10259	set_raxml	26	set_raxml_26
Ccin_CC1G_14984	set_raxml	26	set_raxml_26
Tthe_XP_001017546	set_raxml	26	set_raxml_26
Pinf_XP_002899451	set_raxml	26	set_raxml_26
Sarc_SARC_14258	set_raxml	26	set_raxml_26
Rfil_3757546_5s1f1	set_raxml	26	set_raxml_26
Rfil_27068_8c	set_raxml	26	set_raxml_26
Rfil_3385791_2s	set_raxml	26	set_raxml_26
Gthe_139254	set_raxml	26	set_raxml_26
Esil_CBJ26466	set_raxml	26	set_raxml_26
Pisp_20568	set_raxml	26	set_raxml_26
Pisp_9162	set_raxml	26	set_raxml_26
Rirr_342509	set_raxml	26	set_raxml_26
Cneo_XP_567801	set_raxml	26	set_raxml_26
Cpar_2580Contig15015	set_raxml	26	set_raxml_26
Pinf_XP_002899517	set_raxml	26	set_raxml_26
Pinf_XP_002899518	set_raxml	26	set_raxml_26
Ecun_XP_955728	set_raxml	26	set_raxml_26
Ccri_T00007370001	set_raxml	20	set_raxml_20
Ccri_T00007373001	set_raxml	20	set_raxml_20
Ccri_T00007377001	set_raxml	20	set_raxml_20
Tthe_XP_001022224	set_raxml	20	set_raxml_20
Tthe_XP_001024559	set_raxml	20	set_raxml_20
Ehux_363356	set_raxml	20	set_raxml_20
Cang_129315	set_raxml	20	set_raxml_20
Amac_02871	set_raxml	20	set_raxml_20
Ptet_A0CF66_A0CF66	set_raxml	20	set_raxml_20
Ptet_A0BWW9_A0BWW9	set_raxml	20	set_raxml_20
Clim_g5068	set_raxml	46	set_raxml_46
Ehux_202082	set_raxml	46	set_raxml_46
Aano_F0XWV4	set_raxml	29	set_raxml_29
Ehux_47083	set_raxml	29	set_raxml_29
Ehux_57610	set_raxml	29	set_raxml_29
Bnat_78102	set_raxml	29	set_raxml_29
Sros_PTSG_12482	set_raxml	14	set_raxml_14
Mbre_XP_001742056	set_raxml	14	set_raxml_14
Tadh_XP_002110982	set_raxml	14	set_raxml_14
Hsap_ENSP00000320147	set_raxml	14	set_raxml_14
Cgig_10023111	set_raxml	14	set_raxml_14
Aque_XP_003390508	set_raxml	14	set_raxml_14
Dmel_FBpp0076008	set_raxml	14	set_raxml_14
Lgig_200654	set_raxml	14	set_raxml_14
Hsap_ENSP00000264646	set_raxml	14	set_raxml_14
Ccri_T00007737001	set_raxml	14	set_raxml_14
Tmel_XP_002841864	set_raxml	14	set_raxml_14
Rirr_345734	set_raxml	14	set_raxml_14
Aano_F0XVI4	set_raxml	14	set_raxml_14
Pinf_XP_002900788	set_raxml	14	set_raxml_14
Pinf_XP_002902603	set_raxml	14	set_raxml_14
Atha_AT1G02580	set_raxml	14	set_raxml_14
Mpus_Micpu59369	set_raxml	14	set_raxml_14
Atha_AT2G23380	set_raxml	14	set_raxml_14
Sbic_10g004560	set_raxml	14	set_raxml_14
Smoe_XP_002980071	set_raxml	14	set_raxml_14
Smoe_XP_002994616	set_raxml	14	set_raxml_14
Smoe_XP_002987466	set_raxml	14	set_raxml_14
Mgut_mgv1a001364m	set_raxml	14	set_raxml_14
Ppat_XP_001768188	set_raxml	14	set_raxml_14
Bdis_1g48340	set_raxml	14	set_raxml_14
Acoe_015_00009	set_raxml	14	set_raxml_14
Mgut_mgv1a002769m	set_raxml	14	set_raxml_14
Bdis_1g64460	set_raxml	14	set_raxml_14
Sbic_01g037450	set_raxml	14	set_raxml_14
Acoe_003_00541	set_raxml	14	set_raxml_14
Atha_AT4G02020	set_raxml	14	set_raxml_14
Vcar_XP_002958368	set_raxml	14	set_raxml_14
Cvar_EFN54582	set_raxml	14	set_raxml_14
Otau_XP_003082958	set_raxml	14	set_raxml_14
Rall_1005	set_raxml	14	set_raxml_14
Ocar_g575_t1	set_raxml	14	set_raxml_14
Cint_ENSCINP00000016340	set_raxml	14	set_raxml_14
Ctel_20226	set_raxml	14	set_raxml_14
Mlei_ML01861a	set_raxml	14	set_raxml_14
Apar_comp18592_c0_seq1_fr6	set_raxml	14	set_raxml_14
Nspp_13586_fr5	set_raxml	14	set_raxml_14
Adig_6676v104625	set_raxml	14	set_raxml_14
Nvec_XP_001622422	set_raxml	14	set_raxml_14
Hmag_XP_002165490	set_raxml	14	set_raxml_14
Scil_36565	set_raxml	14	set_raxml_14
Spur_XP_790741	set_raxml	14	set_raxml_14
Spur_XP_001187524	set_raxml	14	set_raxml_14
Spur_XP_003725981	set_raxml	14	set_raxml_14
Gthe_43393	set_raxml	14	set_raxml_14
Ccin_CC1G_09236	set_raxml	14	set_raxml_14
Spun_SPPG_03589	set_raxml	14	set_raxml_14
Cele_R06A4_7	set_raxml	14	set_raxml_14
Ptri_XP_002178023	set_raxml	35	set_raxml_35
Tpse_XP_002290191	set_raxml	35	set_raxml_35
Gthe_45335	set_raxml	35	set_raxml_35
Bnat_32408	set_raxml	18	set_raxml_18
Rfil_3716155_1s1f1	set_raxml	18	set_raxml_18
Ddis_XP_647576	set_raxml	5	set_raxml_5
Ppal_EFA81031_1	set_raxml	5	set_raxml_5
Rall_1732	set_raxml	5	set_raxml_5
Cfra_0207T1	set_raxml	5	set_raxml_5
Sarc_SARC_06292	set_raxml	5	set_raxml_5
Aque_XP_003384664	set_raxml	5	set_raxml_5
Ngad_00540	set_raxml	5	set_raxml_5
Bnat_72270	set_raxml	5	set_raxml_5
Tpse_XP_002294263	set_raxml	5	set_raxml_5
Pinf_XP_002999311	set_raxml	5	set_raxml_5
Ngad_05847	set_raxml	5	set_raxml_5
Ccri_T00007124001	set_raxml	5	set_raxml_5
Otau_XP_003082786	set_raxml	5	set_raxml_5
Mpus_Micpu155764	set_raxml	5	set_raxml_5
Pyez_37940_g8901	set_raxml	5	set_raxml_5
Cvar_EFN59819	set_raxml	45	set_raxml_45
Bden_Batde5_90118	set_raxml	45	set_raxml_45
Crei_XP_001694743	set_raxml	45	set_raxml_45
Vcar_XP_002954751	set_raxml	45	set_raxml_45
Pyez_36087_g8602	set_raxml	45	set_raxml_45
Cele_T12F5_4	set_raxml	45	set_raxml_45
Rfil_529913_11s	set_raxml	45	set_raxml_45
Dmel_FBpp0084636	set_raxml	45	set_raxml_45
Bnat_85862	set_raxml	45	set_raxml_45
Gthe_61291	set_raxml	6	set_raxml_6
Mver_03069	set_raxml	6	set_raxml_6
Ehux_97974	set_raxml	6	set_raxml_6
Ehux_216151	set_raxml	6	set_raxml_6
Ehux_108024	set_raxml	6	set_raxml_6
Ehux_450763	set_raxml	6	set_raxml_6
Ehux_458569	set_raxml	6	set_raxml_6
Rfil_39362_2c	set_raxml	6	set_raxml_6
Rfil_20985_3cf1	set_raxml	6	set_raxml_6
Bdis_5g10110	set_raxml	6	set_raxml_6
Sbic_06g016720	set_raxml	6	set_raxml_6
Atha_AT1G76710	set_raxml	6	set_raxml_6
Mgut_mgv1a005421m	set_raxml	6	set_raxml_6
Acoe_045_00133	set_raxml	6	set_raxml_6
Sagg_16132	set_raxml	6	set_raxml_6
Ngad_06395	set_raxml	6	set_raxml_6
Mbre_XP_001747378	set_raxml	6	set_raxml_6
Sros_PTSG_09362	set_raxml	6	set_raxml_6
Ihof_7061	set_raxml	6	set_raxml_6
Apar_comp19989_c1_seq1_fr6	set_raxml	6	set_raxml_6
Nspp_13101_fr6	set_raxml	6	set_raxml_6
Nspp_13100_fr6	set_raxml	6	set_raxml_6
Aker_79755	set_raxml	6	set_raxml_6
Ocar_g3171_t1	set_raxml	6	set_raxml_6
Acas_g5506	set_raxml	15	set_raxml_15
Aano_F0Y5D0	set_raxml	15	set_raxml_15
Esil_CBN74814	set_raxml	15	set_raxml_15
Ngad_05385	set_raxml	15	set_raxml_15
Umar_249280	set_raxml	15	set_raxml_15
Pbla_Phybl2_136385	set_raxml	15	set_raxml_15
Mcir_Mucci2_40608	set_raxml	15	set_raxml_15
Rory_11014	set_raxml	15	set_raxml_15
Gpro_86511	set_raxml	15	set_raxml_15
Rirr_178744	set_raxml	15	set_raxml_15
Amac_02693	set_raxml	15	set_raxml_15
Amac_06329	set_raxml	15	set_raxml_15
Bden_Batde5_91931	set_raxml	15	set_raxml_15
Mver_03682	set_raxml	15	set_raxml_15
Mver_08333	set_raxml	15	set_raxml_15
Cpar_14930Contig8823	set_raxml	24	set_raxml_24
Cfra_7962T1	set_raxml	24	set_raxml_24
Sarc_SARC_00855	set_raxml	24	set_raxml_24
Mvib_comp16013_c3_seq1_fr4	set_raxml	24	set_raxml_24
Spun_SPPG_06324	set_raxml	24	set_raxml_24
Mbre_XP_001747356	set_raxml	24	set_raxml_24
Sros_PTSG_08872	set_raxml	24	set_raxml_24
Lgig_227153	set_raxml	24	set_raxml_24
Cgig_10007074	set_raxml	24	set_raxml_24
Spur_XP_783359	set_raxml	24	set_raxml_24
Spur_XP_003725626	set_raxml	24	set_raxml_24
Skow_XP_002733567	set_raxml	24	set_raxml_24
Scil_58119	set_raxml	24	set_raxml_24
Ctel_160470	set_raxml	24	set_raxml_24
Rall_5258	set_raxml	24	set_raxml_24
Nvec_XP_001635826	set_raxml	24	set_raxml_24
Tadh_XP_002110866	set_raxml	24	set_raxml_24
Adig_10964v107744	set_raxml	24	set_raxml_24
Nspp_14576_fr3	set_raxml	24	set_raxml_24
Hsap_ENSP00000386759	set_raxml	24	set_raxml_24
Cint_ENSCINP00000025949	set_raxml	24	set_raxml_24
Aque_XP_003387717	set_raxml	24	set_raxml_24
Mlei_ML09663a	set_raxml	24	set_raxml_24
Hmag_XP_002169363	set_raxml	24	set_raxml_24
Cmer_CML152C	set_raxml		set_raxml_nan
